listing_id,prague_district,cadastral_area,city_part,area_m2,base_rent,rent_price_quality,listing_since,furnished,layout_normalized,possible_duplicate,possible_short_term_rental,possible_serviced_apartment,possible_room_rental,possible_luxury_outlier,suspicious_price,suspicious_area,rent_may_include_charges,reserved_or_sold
913484,Praha 5,Smíchov,Praha 5,202,90000.0,A,2026-06-19,Ne,5+kk,False,False,False,False,False,False,False,False,False
1560652,Praha 2,Vinohrady,Praha 2,38,27000.0,B,2026-08-06,Částečně,1+kk,False,False,False,False,True,False,False,False,False
1786700,Praha 3,Vinohrady,Praha 3,137,104800.0,B,2026-03-18,Ano,4+kk,False,False,False,False,False,False,False,False,False
2342988,Praha 1,Malá Strana,Praha 1,150,60000.0,B,2026-08-21,Částečně,3+kk,False,False,False,False,False,False,False,False,False
4497484,Praha 3,Vinohrady,Praha 3,150,75000.0,B,2026-05-07,,4+kk,False,False,False,False,False,False,False,False,False
5423180,unresolved,,,34,18900.0,A,2026-08-23,Částečně,1+kk,False,False,False,False,False,False,False,False,False
6717516,Praha 3,Žižkov,Praha 3,71,,C,2026-06-09,Ano,2+kk,False,False,False,False,False,False,False,False,False
7193420,Praha 1,Staré Město,Praha 1,69,51000.0,B,2025-10-13,Ano,2+kk,False,False,False,False,False,False,False,False,False
7716940,Praha 10,Vršovice,Praha 10,28,12990.0,A,2026-08-28,Ne,1+kk,False,False,False,False,False,False,False,False,False
11649100,Praha 5,Košíře,Praha 5,90,25490.0,A,2026-08-25,Ne,3+1,True,False,False,True,False,False,False,False,False
11780172,Praha 7,Holešovice,Praha 7,37,22000.0,B,2026-08-22,Ano,1+kk,False,False,False,False,False,False,False,False,False
12632140,Praha 2,Vinohrady,Praha 2,56,,C,2026-08-25,Ano,2+kk,False,False,False,False,False,False,False,False,False
13390668,Praha 1,Malá Strana,Praha 1,73,39000.0,A,2026-03-09,,2+1,True,False,False,False,False,False,False,False,False
13946956,Praha 10,,,60,,C,2026-08-11,Částečně,2+kk,False,False,False,False,False,False,False,False,False
15122508,Praha 10,Strašnice,Praha 10,55,21000.0,A,2026-08-27,Částečně,2+kk,False,False,False,False,False,False,False,False,False
15712332,Praha 2,,,64,,C,2026-08-17,,1+kk,False,False,False,False,False,False,False,False,False
17293388,Praha 6,Bubeneč,Praha 6,102,,C,2026-07-17,Ano,2+kk,False,False,False,False,False,False,False,False,False
17420364,Praha 9,Libeň,Praha 9,74,31990.0,A,2026-07-24,Ano,3+kk,False,False,False,False,False,False,False,False,False
19714124,Praha 4,Praha 4,Praha 4,87,,C,2026-07-31,Ne,4+kk,False,True,False,True,False,False,False,False,False
19985228,Praha 1,Josefov,Praha 1,184,119000.0,A,2025-08-25,Ano,5+1,False,False,False,False,False,False,False,False,False
20009804,Praha 5,Smíchov,Praha 5,66,,D,2026-03-11,Ano,2+kk,False,False,False,False,False,True,False,False,False
21286988,Praha 9,Hrdlořezy,Praha 9,57,,C,2026-08-10,Ne,2+kk,False,True,False,True,False,False,False,False,False
22855756,Praha 4,Nusle,Praha 4,42,,C,2026-08-20,,1+1,False,False,False,False,False,False,False,False,False
23183436,Praha 10,,,52,,C,2026-08-24,,2+kk,False,False,False,False,False,False,False,False,False
23511116,Praha 10,Záběhlice,Praha 10,40,17000.0,B,2026-08-27,Ano,1+kk,False,False,False,False,False,False,False,False,False
25542732,Praha 7,Holešovice,Praha 7,37,,C,2026-08-30,,1+kk,False,False,False,False,False,False,False,False,False
26329164,Praha 9,Vysočany,Praha 9,49,,C,2026-08-25,Ano,1+kk,False,False,False,False,False,False,False,False,False
29478988,Praha 4,Písnice,Praha-Libuš,55,,C,2026-08-04,Částečně,2+kk,False,False,False,False,False,False,False,False,False
29945932,Praha 8,Libeň,Praha 8,51,,C,2026-06-16,,2+kk,False,False,False,False,True,False,False,False,False
31236172,Praha 10,Vršovice,Praha 10,37,16970.0,B,2026-04-29,Ne,1+kk,False,False,False,False,False,False,False,False,False
31580236,Praha 2,Nové Město,Praha 2,81,,C,2026-07-15,,3+kk,False,False,False,False,False,False,False,False,False
34504780,Praha 8,Karlín,Praha 8,59,36000.0,A,2026-06-01,Ano,2+kk,False,False,False,False,False,False,False,False,False
34721868,Praha 6,Břevnov,Praha 6,56,,C,2026-08-04,,2+kk,False,False,False,False,False,False,False,False,False
38912076,Praha 2,Vinohrady,Praha 2,107,57960.0,B,2026-08-24,Ano,3+kk,False,False,False,False,False,False,False,False,False
42393676,Praha 7,Holešovice,Praha 7,62,30000.0,B,2026-07-20,,2+kk,False,False,False,False,False,False,False,False,False
42827852,Praha 5,Košíře,Praha 5,88,62000.0,A,2026-06-02,Ano,3+kk,False,False,False,False,False,False,False,False,False
45146188,Praha 9,Vysočany,Praha 9,53,,C,2026-07-16,Ano,2+kk,False,False,False,False,False,False,False,False,False
45858892,Praha 5,Smíchov,Praha 5,129,73000.0,B,2026-08-12,Ano,4+kk,False,False,False,False,False,False,False,False,False
46317644,Praha 9,Libeň,Praha 9,33,,C,2026-08-24,Ano,1+1,False,False,False,False,False,False,False,False,False
47252300,Praha 8,Karlín,Praha 8,65,45000.0,A,2026-01-16,Ano,3+kk,True,False,False,False,False,False,False,False,False
47562828,Praha 8,Ďáblice,Praha-Ďáblice,56,,C,2026-08-30,Částečně,2+kk,False,False,False,True,False,False,False,False,False
48226380,Praha 9,Klánovice,Praha-Klánovice,44,18500.0,A,2026-07-08,,1+kk,False,False,False,False,False,False,False,False,False
51630156,Praha 3,Žižkov,Praha 3,18,17000.0,A,2026-08-02,Částečně,1+kk,False,False,False,False,True,False,False,False,False
51740748,Praha 8,Kobylisy,Praha 8,60,27500.0,B,2026-06-10,Částečně,2+1,False,False,False,True,False,False,False,False,False
52351052,Praha 9,Libeň,Praha 9,56,24900.0,A,2026-07-29,Ano,2+kk,False,False,True,False,False,False,False,False,False
54952012,Praha 4,Podolí,Praha 4,58,,C,2026-06-09,Ano,2+kk,True,True,False,True,False,False,False,False,False
57798732,Praha 3,Vinohrady,Praha 3,95,62596.799999999996,B,2026-06-24,Ne,3+kk,False,False,False,False,False,False,False,False,False
58314828,Praha 2,Nové Město,Praha 2,33,,D,2026-07-24,Ano,1+1,False,False,False,False,False,True,False,False,False
59818060,Praha 2,Vinohrady,Praha 2,48,,C,2026-08-26,Ne,2+kk,False,False,False,False,False,False,False,False,False
61980748,Praha 5,Košíře,Praha 5,71,28000.0,A,2026-08-25,Ano,2+kk,False,False,False,False,False,False,False,False,False
68481100,Praha 5,Smíchov,Praha 5,118,69000.0,A,2026-07-01,Ano,4+kk,False,False,False,False,False,False,False,False,False
73322572,Praha 9,Hloubětín,Praha 9,34,20000.0,A,2026-07-28,Částečně,1+kk,False,False,False,False,False,False,False,False,False
73437260,Praha 3,Žižkov,Praha 3,48,29000.0,A,2026-05-20,Ano,2+kk,False,True,False,False,False,False,False,False,False
76402764,Praha 2,Vinohrady,Praha 2,45,25000.0,B,2026-07-30,,2+kk,False,False,False,False,False,False,False,False,False
76845132,Praha 2,Vinohrady,Praha 2,50,35000.0,A,2026-05-26,Ano,2+kk,False,False,False,False,False,False,False,False,False
77647948,Praha 5,Radlice,Praha 5,39,,C,2026-08-05,Ano,1+kk,False,False,False,False,False,False,False,False,False
78037068,Praha 2,Vinohrady,Praha 2,17,10000.0,A,2026-08-28,Ano,atypical,False,False,True,False,False,False,False,False,False
79413324,Praha 6,Bubeneč,Praha 6,116,,C,2026-08-12,Částečně,3+1,False,False,False,False,False,False,False,False,False
81190988,Praha 5,Smíchov,Praha 5,48,26500.0,A,2026-07-20,Ne,2+kk,False,False,False,False,False,False,False,False,False
82034764,Praha 5,Řeporyje,Praha-Řeporyje,52,22000.0,B,2026-08-21,Ne,2+kk,False,False,False,False,False,False,False,False,False
82527052,Praha 3,Vinohrady,Praha 3,118,,C,2026-03-18,Ne,4+kk,False,False,False,False,True,False,False,False,False
84336716,Praha 9,Vysočany,Praha 9,36,,C,2026-07-19,,2+kk,False,False,False,False,False,False,False,False,False
86463308,Praha 9,Vysočany,Praha 9,70,29900.0,B,2026-03-13,Částečně,2+kk,True,False,False,False,False,False,False,False,False
87212108,Praha 4,Modřany,Praha 12,49,,C,2026-08-23,,2+kk,False,False,False,False,False,False,False,False,False
88199244,Praha 10,Hostivař,Praha 15,38,16000.0,A,2026-08-04,Ne,1+kk,False,False,False,False,False,False,False,False,False
88260684,Praha 7,Holešovice,Praha 7,55,,C,2026-08-23,Ano,2+kk,False,False,False,False,False,False,False,False,False
89055308,Praha 4,Hodkovičky,Praha 4,26,,C,2026-07-08,,1+kk,False,False,False,False,False,False,False,False,False
90034252,Praha 9,Kbely,Praha 19,34,18000.0,B,2026-07-30,Částečně,1+kk,False,False,False,False,False,False,False,False,False
91340876,Praha 2,Vinohrady,Praha 2,91,55000.0,B,2026-08-24,Ano,3+kk,False,False,False,False,False,False,False,False,False
92017484,Praha 1,Malá Strana,Praha 1,170,79000.0,A,2025-12-11,Částečně,4+1,True,False,False,False,False,False,False,False,False
92135500,Praha 4,Modřany,Praha 12,82,35000.0,A,2026-07-09,Ne,2+kk,False,False,False,False,False,False,False,False,False
92860492,Praha 3,Vinohrady,Praha 3,137,101236.79999999999,B,2026-06-16,Ano,4+kk,False,False,False,False,False,False,False,False,False
94302284,Praha 4,Háje,Praha 11,66,32000.0,A,2026-06-18,Ano,3+kk,False,False,False,False,False,False,False,False,True
94539852,Praha 6,Břevnov,Praha 6,217,89000.0,B,2026-05-19,Ano,5+kk,False,False,False,False,False,False,False,False,False
94667596,Praha 6,Střešovice,Praha 6,246,98000.0,A,2025-08-11,Ne,6+,False,False,False,False,False,False,False,False,False
97501260,Praha 7,Holešovice,Praha 7,58,25500.0,A,2026-08-17,Ne,2+kk,False,False,False,False,False,False,False,False,False
100655180,Praha 3,Vinohrady,Praha 3,50,,C,2026-07-08,Ne,2+kk,False,False,False,False,False,False,False,False,False
100724812,Praha 2,Nové Město,Praha 2,184,,C,2026-06-25,,5+kk,False,False,False,False,False,False,False,False,False
101748812,Praha 10,Vršovice,Praha 10,68,39500.0,B,2026-05-20,Ne,3+kk,False,False,False,False,False,False,False,False,False
102875212,Praha 7,Holešovice,Praha 7,31,,D,2026-08-24,Ano,1+kk,False,False,False,False,False,True,False,False,False
105758796,Praha 9,Černý Most,Praha 14,72,27800.0,A,2026-08-19,,3+kk,False,False,False,False,False,False,False,False,False
105955404,Praha 6,Dejvice,Praha 6,112,32000.0,A,2026-08-25,Ano,4+1,False,False,False,True,False,False,False,False,False
107270220,Praha 1,Nové Město,Praha 1,69,34900.0,A,2026-08-10,Částečně,3+kk,False,True,False,False,False,False,False,False,False
108118092,Praha 8,Libeň,Praha 8,52,,C,2026-08-24,,2+kk,False,False,False,False,False,False,False,False,False
108445772,Praha 10,Vinohrady,Praha 10,146,,C,2026-08-27,Ano,3+kk,False,False,False,False,False,False,False,False,False
109482060,Praha 2,Nové Město,Praha 2,108,,C,2026-05-23,Ano,3+1,True,False,False,False,False,False,False,False,False
109625420,Praha 5,Smíchov,Praha 5,144,,C,2026-08-17,,2+kk,False,False,False,False,False,False,False,False,False
112250956,Praha 4,Krč,Praha 4,70,,C,2026-08-05,,3+1,False,False,False,False,False,False,False,False,False
112562252,Praha 2,Nové Město,Praha 2,108,58000.0,A,2026-05-25,Ano,atypical,False,False,False,False,False,False,False,False,False
112914508,Praha 8,Libeň,Praha 8,73,40000.0,A,2026-06-15,Částečně,3+kk,False,False,False,False,False,False,False,False,False
116900428,Praha 3,Vinohrady,Praha 3,60,49800.0,B,2024-12-10,Ne,2+kk,False,False,False,False,False,False,False,False,False
117887052,Praha 5,Smíchov,Praha 5,104,,C,2026-08-07,,4+kk,True,False,False,False,False,False,False,False,False
117948492,Praha 9,Vysočany,Praha 9,46,23500.0,A,2026-08-26,Ano,2+kk,False,False,False,False,False,False,False,False,False
121102412,Praha 10,Dolní Měcholupy,Praha-Dolní Měcholupy,28,15490.0,A,2026-07-17,Částečně,1+kk,False,False,False,False,False,False,False,False,False
122937420,Praha 4,Michle,Praha 4,79,32000.0,B,2026-07-13,Částečně,3+1,False,False,False,False,False,False,False,False,False
124842060,Praha 5,Smíchov,Praha 5,37,22000.0,B,2026-06-25,Ano,2+kk,False,False,False,False,False,False,False,False,False
126041692,Praha 1,Josefov,Praha 1,219,99000.0,A,2020-03-09,Ano,atypical,False,False,False,False,False,False,False,False,False
127451212,Praha 5,Smíchov,Praha 5,50,29000.0,B,2026-08-17,Ano,2+kk,False,False,False,False,False,False,False,False,False
127951436,Praha 1,Nové Město,Praha 1,98,45900.0,B,2025-04-11,Částečně,3+kk,False,False,False,False,False,False,False,False,False
129036364,Praha 10,Praha 10,Praha 10,158,65000.0,A,2026-06-26,,4+kk,True,False,True,False,False,False,False,False,False
131514444,Praha 3,Žižkov,Praha 3,28,,C,2026-08-28,Částečně,1+kk,False,False,False,False,False,False,False,False,False
134733900,Praha 3,Žižkov,Praha 3,55,22490.0,A,2026-07-17,Ano,2+kk,True,False,False,False,False,False,False,False,False
137412684,Praha 1,Nové Město,Praha 1,62,39000.0,B,2026-08-25,,3+kk,False,False,False,False,False,False,False,False,False
138002508,Praha 10,Strašnice,Praha 10,78,28000.0,A,2026-08-13,,3+1,False,False,False,False,False,False,False,False,True
138113868,Praha 5,Smíchov,Praha 5,79,35000.0,B,2026-01-23,Ano,3+kk,False,False,False,False,False,False,False,False,True
138137676,Praha 1,Nové Město,Praha 1,65,26901.0,A,2026-07-22,Ano,2+kk,True,False,False,False,False,False,False,False,False
138953548,Praha 3,Vinohrady,Praha 3,118,104800.0,B,2026-03-20,Částečně,4+kk,False,False,False,False,True,False,False,False,False
139710540,Praha 9,Vysočany,Praha 9,49,,C,2026-08-02,,2+kk,False,False,False,False,False,False,False,False,False
141738060,Praha 2,Vinohrady,Praha 2,40,,C,2026-08-23,,1+kk,False,True,False,False,False,False,False,False,False
142655564,Praha 6,Bubeneč,Praha 6,62,32000.0,A,2026-08-26,Ne,2+kk,False,False,False,False,False,False,False,False,False
143245388,Praha 10,Hostivař,Praha 15,35,15990.0,A,2026-08-14,,1+kk,False,False,False,False,False,False,False,False,False
144298060,Praha 5,Radlice,Praha 5,55,29490.0,A,2026-07-26,Ne,2+kk,True,False,False,False,False,False,False,False,False
146919500,Praha 5,Smíchov,Praha 5,85,27000.0,A,2026-08-04,Ne,3+kk,False,False,False,True,False,False,False,False,False
147509324,Praha 10,Vršovice,Praha 10,74,,D,2026-07-23,Ne,2+1,False,False,False,False,False,True,False,False,False
149786700,Praha 4,Záběhlice,Praha 4,44,20000.0,B,2026-05-15,Ano,2+kk,False,False,False,False,False,False,False,False,False
151371852,Praha 10,Záběhlice,Praha 10,60,23900.0,B,2026-08-29,,2+kk,False,False,False,False,False,False,False,False,False
152158284,Praha 7,Bubeneč,Praha 7,68,27000.0,B,2026-08-24,,3+kk,False,False,False,True,False,False,False,False,False
153534540,Praha 3,Žižkov,Praha 3,90,40810.0,B,2026-08-27,Ano,3+kk,True,False,False,False,False,False,False,False,False
153608268,Praha 10,Strašnice,Praha 10,93,45000.0,B,2026-07-17,Ano,3+kk,False,False,False,False,False,False,False,False,False
153927756,Praha 4,Modřany,Praha 12,57,22000.0,A,2026-08-20,Částečně,2+kk,False,False,False,False,False,False,False,False,False
156799052,Praha 1,Staré Město,Praha 1,165,80000.0,B,2026-05-12,Ano,4+kk,False,False,True,False,False,False,False,False,False
157335628,Praha 8,Libeň,Praha 8,40,24900.0,B,2026-08-25,Ano,1+kk,False,False,False,False,False,False,False,False,False
161869900,Praha 1,Nové Město,Praha 1,76,38640.0,B,2026-06-30,Ano,3+kk,True,False,False,False,False,False,False,False,False
162971724,Praha 10,Vršovice,Praha 10,49,25000.0,B,2026-08-28,Ano,2+kk,False,False,False,False,False,False,False,False,False
164941900,Praha 5,Hlubočepy,Praha 5,71,26000.0,B,2026-08-11,Ano,3+1,False,False,False,False,False,False,False,False,False
165466188,Praha 5,Košíře,Praha 5,133,55000.0,B,2026-07-31,Ne,4+kk,False,False,False,False,False,False,False,False,False
165584972,Praha 1,Nové Město,Praha 1,155,59900.0,B,2026-04-27,Ne,4+kk,False,False,True,False,False,False,False,False,False
168284236,Praha 4,Nusle,Praha 4,50,32400.0,A,2026-08-06,Ano,2+kk,False,False,False,False,False,False,False,False,False
170324044,Praha 7,Bubeneč,Praha 7,110,37000.0,B,2026-06-29,Ne,3+kk,False,False,False,False,False,False,False,False,False
170840140,Praha 1,Nové Město,Praha 1,124,55545.0,B,2026-07-29,Ano,4+kk,False,False,False,False,False,False,False,False,False
171425868,Praha 6,Řepy,Praha 17,65,27990.0,A,2026-08-26,Částečně,3+kk,True,False,False,False,False,False,False,False,False
173482828,Praha 3,Vinohrady,Praha 3,93,69800.0,B,2025-11-26,Částečně,3+kk,False,False,False,False,True,False,False,False,False
173744972,Praha 2,Vinohrady,Praha 2,49,39500.0,B,2025-11-11,Ano,2+kk,False,False,False,False,False,False,False,False,False
175226956,Praha 9,Vysočany,Praha 9,20,,C,2026-08-24,,1+kk,False,False,False,False,False,False,False,False,False
175554636,Praha 5,Smíchov,Praha 5,28,20150.0,B,2026-08-27,Ano,1+kk,False,False,False,False,False,False,False,False,False
176590924,Praha 6,Dejvice,Praha 6,150,59000.0,B,2026-05-23,Ne,4+kk,False,False,False,False,False,False,False,False,False
178505036,Praha 4,Nusle,Praha 4,65,32900.0,A,2024-01-23,Ano,3+1,False,False,False,False,False,False,False,False,False
178647116,Praha 10,Vršovice,,26,,C,2026-06-30,Ne,1+kk,False,False,False,False,True,False,False,False,False
179556428,Praha 8,Libeň,Praha 8,80,27000.0,A,2026-08-03,,3+1,True,False,False,False,False,False,False,False,False
181059660,Praha 10,Strašnice,Praha 10,46,21000.0,B,2026-08-13,Částečně,2+kk,False,False,False,False,False,False,False,False,False
181325900,Praha 5,Košíře,Praha 5,53,22000.0,A,2026-07-29,Částečně,2+kk,False,False,False,False,False,False,False,False,False
182571084,Praha 5,Smíchov,Praha 5,115,52000.0,B,2026-08-04,Ano,4+kk,False,False,False,False,False,False,False,False,True
184062028,Praha 3,Žižkov,Praha 3,78,45000.0,A,2026-05-12,Ne,3+kk,False,False,False,False,False,False,False,False,False
184938572,Praha 4,Krč,Praha 4,26,,C,2026-06-30,,1+1,False,False,False,False,False,False,False,False,False
185602892,Praha 7,Bubeneč,Praha 7,31,27300.0,B,2025-12-19,Ano,1+kk,True,False,False,False,False,False,False,False,False
185843788,Praha 9,Čakovice,Praha-Čakovice,38,16400.0,A,2026-08-21,Ne,1+kk,False,False,False,False,False,False,False,False,False
186564684,Praha 6,Bubeneč,Praha 6,70,32000.0,B,2026-08-18,,2+1,False,False,False,False,False,False,False,False,False
187023436,Praha 3,Žižkov,Praha 3,36,5600.0,B,2026-08-28,,1+kk,False,False,False,False,False,False,False,False,False
187224140,Praha 6,Ruzyně,Praha 6,43,20700.0,B,2026-07-27,Částečně,2+kk,False,False,False,False,False,False,False,False,False
190222412,Praha 2,Nové Město,Praha 2,108,58000.0,B,2026-05-22,Částečně,3+1,True,False,False,False,False,False,False,False,False
191094860,Praha 4,Chodov,Praha 11,74,29500.0,B,2026-07-13,,3+kk,False,False,False,False,False,False,False,False,False
192147532,Praha 1,Staré Město,Praha 1,72,65000.0,B,2026-06-22,Ano,2+kk,False,False,False,False,True,False,False,False,False
194166860,Praha 4,Nusle,Praha 4,75,28500.0,B,2026-08-24,Ne,2+1,False,False,False,False,False,False,False,False,False
194494540,Praha 10,Strašnice,Praha 10,68,,C,2026-08-27,,2+1,False,False,False,False,False,False,False,False,False
194560076,Praha 4,Michle,Praha 4,112,,C,2026-08-17,,3+kk,False,False,False,False,False,False,False,False,False
194691660,Praha 10,,,54,,C,2024-11-26,,2+kk,False,False,False,False,False,False,False,False,False
196460620,Praha 9,Vysočany,Praha 9,49,,C,2026-08-30,Částečně,2+kk,False,False,False,False,False,False,False,False,False
198172748,Praha 4,Nusle,Praha 4,48,21800.0,A,2026-07-08,Částečně,2+kk,False,False,False,False,False,False,False,False,False
198780236,Praha 1,Malá Strana,Praha 1,170,79000.0,A,2024-02-26,Ne,4+1,True,False,False,False,False,False,False,False,False
199016524,Praha 5,Stodůlky,Praha 13,60,26000.0,B,2026-08-20,Částečně,2+kk,False,False,False,False,False,False,False,False,False
199344204,Praha 9,Vysočany,Praha 9,50,,C,2026-08-24,,2+kk,False,False,False,False,False,False,False,False,False
207667276,Praha 5,Malá Strana,Praha 5,38,21000.0,B,2026-08-25,Částečně,2+kk,False,False,False,False,False,False,False,False,False
212127820,Praha 1,Staré Město,Praha 1,169,48000.0,B,2026-08-11,Ano,atypical,True,False,False,False,False,False,False,False,False
212975692,Praha 5,Smíchov,Praha 5,80,,C,2026-08-25,,2+1,False,False,False,False,False,False,False,False,False
213696588,Praha 6,Hradčany,Praha 6,120,,D,2026-08-20,,3+1,False,False,False,False,False,True,False,False,False
214351948,Praha 8,Libeň,Praha 8,52,35000.0,A,2026-08-28,,2+kk,False,False,False,False,False,False,False,False,False
215404620,Praha 10,Strašnice,Praha 10,59,,C,2026-08-08,Částečně,2+kk,False,False,False,False,False,False,False,False,False
215466060,Praha 10,Hostivař,Praha 15,47,18000.0,B,2026-08-27,,2+kk,False,False,False,False,False,False,False,False,False
215478348,Praha 4,Záběhlice,Praha 4,58,25000.0,B,2026-06-27,Částečně,3+kk,False,False,False,True,False,False,False,False,False
217006924,Praha 5,Hlubočepy,Praha 5,54,29150.0,A,2026-03-23,Částečně,2+kk,False,False,False,False,False,False,False,False,False
217104460,Praha 5,Smíchov,Praha 5,42,21000.0,B,2026-08-25,Ano,2+kk,False,False,False,False,False,False,False,False,False
217301068,Praha 5,Hlubočepy,Praha 5,31,18000.0,A,2026-08-21,,1+kk,False,False,False,False,False,False,False,False,False
217505868,Praha 6,Bubeneč,Praha 6,163,100000.0,A,2026-07-20,Částečně,5+1,False,False,False,False,False,False,False,False,False
217632844,Praha 6,Bubeneč,Praha 6,120,59000.0,A,2026-07-27,Ano,3+1,False,False,False,False,False,False,False,False,False
219275340,Praha 6,Veleslavín,Praha 6,70,46000.0,B,2026-07-15,Ano,2+kk,False,False,False,False,False,False,False,False,False
223330380,Praha 1,Nové Město,Praha 1,77,38800.0,B,2026-08-17,Ano,3+kk,False,False,False,False,False,False,False,False,False
223993932,Praha 5,Radotín,Praha 16,125,37000.0,A,2026-07-03,Částečně,4+1,False,False,False,False,False,False,False,False,False
224321612,Praha 9,Vysočany,Praha 9,18,15900.0,B,2026-07-08,Částečně,1+kk,False,False,False,False,True,False,False,False,False
225689676,Praha 10,Horní Měcholupy,Praha 15,50,21490.0,A,2026-08-21,Ne,2+kk,False,False,False,False,False,False,False,False,False
227328076,Praha 10,Kolovraty,Praha-Kolovraty,119,34000.0,A,2026-08-20,Ano,3+kk,False,False,False,False,False,False,False,False,False
229000012,Praha 1,Nové Město,Praha 1,102,45000.0,B,2026-04-01,Ano,3+1,False,False,False,False,False,False,False,False,False
229359692,Praha 2,Vinohrady,Praha 2,35,22000.0,A,2026-08-12,Ano,1+kk,False,False,False,False,False,False,False,False,False
229429324,Praha 1,,,20,20000.0,A,2026-07-31,,1+kk,False,False,False,False,True,False,False,False,False
229490764,Praha 10,Vršovice,Praha 10,28,14900.0,A,2026-08-19,Ne,1+kk,False,False,False,False,False,False,False,False,False
230604876,Praha 9,Hrdlořezy,Praha 9,89,,C,2026-08-18,,3+kk,False,False,False,False,False,False,False,False,False
230932556,Praha 5,Smíchov,Praha 5,97,,C,2026-08-21,Ano,3+kk,False,False,False,False,False,False,False,False,True
231002188,Praha 5,Hlubočepy,Praha 5,68,26800.0,B,2026-08-11,Ne,3+1,False,False,False,False,False,False,False,False,False
233889868,Praha 5,Jinonice,Praha 5,155,,C,2026-07-16,,4+kk,False,False,False,False,False,False,False,False,False
236175436,Praha 5,Smíchov,Praha 5,55,20000.0,B,2026-08-21,Ne,1+1,False,False,False,False,False,False,False,False,False
236568652,Praha 1,Nové Město,Praha 1,94,38000.0,B,2026-08-14,Částečně,3+1,False,False,False,False,False,False,False,False,False
237944908,Praha 5,Smíchov,Praha 5,30,22900.0,B,2026-08-18,Ano,1+kk,True,False,False,False,False,False,False,False,False
238179148,Praha 1,Josefov,Praha 1,142,73000.0,A,2026-03-11,Ano,3+1,False,False,False,False,False,False,False,False,False
241991756,Praha 5,Malá Strana,Praha 5,98,,C,2026-06-02,Částečně,3+kk,False,True,False,True,False,False,False,False,False
242466892,Praha 10,Záběhlice,Praha 10,28,14000.0,B,2026-08-21,,1+kk,False,False,False,False,False,False,False,False,False
245690444,Praha 5,Košíře,Praha 5,41,,C,2026-07-01,,2+kk,False,False,False,False,False,False,False,False,False
245940300,Praha 7,Holešovice,Praha 7,32,24500.0,A,2026-08-16,,1+kk,False,False,False,False,False,False,False,False,False
246464588,Praha 8,Libeň,Praha 8,65,26000.0,A,2026-08-26,Ne,2+kk,False,False,False,False,False,False,False,False,False
246874700,Praha 6,,,90,,C,2025-03-10,,3+1,False,False,False,False,False,False,False,False,False
247513164,Praha 2,Vinohrady,Praha 2,30,23000.0,B,2026-08-25,Ano,1+kk,False,False,False,False,False,False,False,False,False
248021068,Praha 1,Malá Strana,Praha 1,43,21400.0,A,2026-05-29,Ne,1+1,False,False,False,False,False,False,False,False,False
251846732,Praha 2,Nové Město,Praha 2,79,39900.0,B,2026-07-14,Částečně,3+1,False,False,False,False,False,False,False,False,False
253681740,Praha 1,Malá Strana,Praha 1,73,,C,2026-07-09,,2+1,False,False,False,False,False,False,False,False,False
255238220,Praha 5,Třebonice,Praha-Zličín,59,27900.0,A,2026-05-05,,2+kk,False,False,False,False,False,False,False,False,False
255316044,Praha 1,Josefov,Praha 1,102,,C,2026-08-06,,3+1,False,False,False,False,False,False,False,False,False
256016460,Praha 1,,,36,,C,2026-06-04,,1+kk,False,False,False,False,False,False,False,False,False
258404428,Praha 5,Smíchov,Praha 5,57,,C,2026-06-28,,2+kk,False,False,False,False,False,False,False,False,False
258859084,Praha 4,Chodov,Praha 11,70,24990.0,A,2026-07-09,Částečně,3+1,True,False,False,False,False,False,False,False,False
259706956,Praha 3,Vinohrady,Praha 3,70,,C,2026-07-23,,2+1,False,False,False,False,False,False,False,False,False
260685900,Praha 5,Smíchov,Praha 5,59,22990.0,A,2026-08-14,Částečně,2+kk,False,False,False,False,False,False,False,False,False
262918988,Praha 6,,,14,12500.0,A,2025-09-18,,unknown,False,False,False,True,True,False,False,False,False
266850380,Praha 5,Zličín,Praha-Zličín,55,22300.0,B,2026-08-06,,2+kk,False,False,False,False,False,False,False,False,False
269074508,Praha 3,Žižkov,Praha 3,44,,C,2026-08-13,,2+kk,False,False,False,False,False,False,False,False,False
270106700,Praha 2,Vinohrady,Praha 2,56,45000.0,B,2026-05-28,Ano,2+kk,False,False,False,False,False,False,False,False,True
271310924,Praha 2,Nové Město,Praha 2,81,41000.0,A,2026-07-01,Ano,3+1,True,False,False,False,False,False,False,False,False
272748620,Praha 9,Kyje,Praha 14,62,23990.0,A,2026-08-04,,2+kk,True,False,False,False,False,False,False,False,False
272810060,Praha 5,Smíchov,Praha 5,77,35000.0,B,2026-08-23,Ne,2+1,False,False,False,False,False,False,False,False,False
279298124,Praha 1,Staré Město,Praha 1,40,25000.0,B,2026-08-30,Ne,2+kk,False,True,False,False,False,False,False,False,False
280612940,Praha 4,Nusle,Praha 4,42,32900.0,A,2026-07-25,,2+kk,False,False,False,False,True,False,False,False,False
280940620,Praha 8,Karlín,Praha 8,36,21900.0,A,2026-07-29,,1+kk,False,False,False,False,False,False,False,False,False
282050636,Praha 9,Hloubětín,Praha 14,50,21900.0,A,2026-08-17,Ne,2+kk,False,False,False,False,False,False,False,False,False
282714188,Praha 8,Dolní Chabry,Praha-Dolní Chabry,99,,C,2026-07-05,Ano,3+kk,False,False,False,False,False,False,False,False,False
282968140,Praha 8,Ďáblice,Praha-Ďáblice,40,,C,2026-08-19,Ano,1+kk,False,False,False,True,False,False,False,False,False
284479564,Praha 4,Hodkovičky,Praha 4,46,28000.0,B,2026-08-11,Ano,2+kk,False,False,False,False,False,False,False,False,False
284741708,Praha 5,Lochkov,Praha-Lochkov,43,,D,2026-07-27,Ano,1+kk,False,False,False,False,False,True,False,False,False
286052428,Praha 8,Libeň,Praha 8,48,15000.0,B,2026-07-31,,1+1,False,False,False,False,False,False,False,False,False
286507084,Praha 4,Chodov,Praha 11,44,23000.0,A,2026-08-21,,2+kk,False,False,False,False,False,False,False,False,False
286638156,Praha 10,Hostivař,Praha 15,49,25000.0,B,2026-08-29,Ano,2+kk,False,False,False,False,False,False,False,False,False
287359052,Praha 4,Michle,Praha 4,49,24990.0,B,2026-08-25,Ano,2+1,False,False,False,False,False,False,False,False,False
287555660,Praha 5,Hlubočepy,Praha 5,52,24000.0,A,2026-08-21,Ano,2+kk,False,False,False,False,False,False,False,False,False
287801420,Praha 4,Nusle,Praha 4,48,21500.0,B,2026-06-08,Částečně,2+kk,False,False,False,False,False,False,False,False,False
289443916,Praha 6,Hradčany,Praha 6,240,,C,2026-05-20,Ne,5+1,True,True,False,True,False,False,False,False,False
290939724,Praha 5,Košíře,Praha 5,63,29000.0,A,2026-02-25,Částečně,2+kk,False,False,False,False,False,False,False,False,False
291369036,Praha 4,Braník,Praha 4,43,22490.0,A,2026-06-19,Ano,2+kk,True,False,False,False,False,False,False,False,False
293064780,Praha 1,Staré Město,Praha 1,68,35000.0,A,2026-08-06,Ne,2+1,False,True,False,False,False,False,False,False,False
293191756,Praha 9,Černý Most,Praha 14,51,21500.0,A,2026-08-13,Ne,2+kk,False,False,False,False,False,False,False,False,True
294436940,Praha 1,,,42,,C,2026-08-20,,1+kk,False,False,False,False,False,False,False,False,False
295686220,Praha 10,Strašnice,Praha 10,47,23900.0,B,2026-07-28,Ano,2+kk,False,False,False,False,False,False,False,False,False
297635916,Praha 8,Karlín,Praha 8,36,,C,2026-05-15,Ano,1+kk,False,False,False,False,False,False,False,False,False
298172492,Praha 3,Vinohrady,Praha 3,51,24990.0,B,2026-08-30,Ano,2+kk,False,False,False,False,False,False,False,False,False
300925004,Praha 4,Michle,Praha 4,79,28300.0,A,2026-08-17,Ano,2+kk,False,False,False,False,False,False,False,False,False
302207820,Praha 1,Nové Město,Praha 1,156,59900.0,B,2026-03-10,,5+1,False,False,False,False,False,False,False,False,False
302497868,Praha 10,Záběhlice,Praha 10,72,24000.0,B,2026-08-26,Ne,3+1,False,False,False,False,False,False,False,False,False
304271436,Praha 7,Bubeneč,Praha 7,17,18000.0,A,2026-08-03,Ano,1+kk,False,False,False,False,True,False,False,False,True
306106444,Praha 9,,,67,32500.0,B,2026-07-29,Částečně,2+kk,False,False,False,False,False,False,False,False,False
308461644,Praha 10,Strašnice,Praha 10,41,23000.0,A,2026-08-22,,1+kk,False,False,False,False,False,False,False,False,False
311410764,Praha 7,Holešovice,Praha 7,85,40000.0,B,2026-08-17,,4+kk,False,False,False,False,False,False,False,False,False
312000588,Praha 8,Troja,Praha 8,50,22000.0,B,2026-08-17,Ano,2+kk,False,False,False,False,False,False,False,False,False
312197196,Praha 2,Vinohrady,Praha 2,85,,C,2026-08-12,Ano,3+kk,False,False,False,False,False,False,False,False,True
314888268,Praha 3,Žižkov,Praha 3,30,24000.0,B,2026-08-11,,1+kk,False,False,False,False,True,False,False,False,False
315539532,Praha 4,Nusle,Praha 4,26,20490.0,A,2026-08-18,Ano,1+kk,True,False,False,False,False,False,False,False,False
315736140,Praha 4,Nusle,Praha 4,52,22990.0,B,2026-08-25,Částečně,2+kk,False,False,False,False,False,False,False,False,False
317374540,Praha 8,Karlín,Praha 8,60,36500.0,A,2026-08-13,Ano,2+kk,False,False,False,False,False,False,False,False,False
318619724,Praha 3,Žižkov,Praha 3,97,44772.0,B,2026-08-19,Ano,3+kk,False,False,False,False,False,False,False,False,False
319471692,Praha 4,Modřany,Praha 12,73,,C,2026-08-12,,3+1,False,False,False,False,False,False,False,False,False
320323660,Praha 1,Malá Strana,Praha 1,44,35000.0,B,2026-08-26,Ano,2+kk,False,False,False,False,False,False,False,False,False
321372236,Praha 5,Radotín,Praha 16,24,,C,2026-08-26,,unknown,False,False,False,True,False,False,False,False,False
321962060,Praha 4,Háje,Praha 11,111,35000.0,A,2026-08-25,Ano,3+kk,False,False,False,False,False,False,False,False,False
323276876,Praha 5,Smíchov,Praha 5,82,27000.0,A,2026-08-10,Ne,3+1,False,False,False,False,False,False,False,False,False
324902988,Praha 5,Hlubočepy,Praha 5,74,26900.0,B,2026-04-28,,3+1,False,False,False,False,False,False,False,False,False
324980812,Praha 5,Zbraslav,Praha-Zbraslav,84,,C,2026-07-28,Částečně,3+kk,False,False,False,False,False,False,False,False,False
327082060,Praha 1,Nové Město,Praha 1,135,39000.0,B,2026-07-08,Ano,3+1,False,False,False,False,False,False,False,False,False
328196172,Praha 1,Malá Strana,Praha 1,170,79000.0,A,2026-07-08,Ne,4+kk,False,False,False,False,False,False,False,False,False
328564812,Praha 4,Nusle,Praha 4,44,,C,2026-06-10,,2+kk,False,False,False,False,False,False,False,False,False
328646732,Praha 3,,,49,25000.0,B,2026-08-28,,1+1,True,False,False,False,False,False,False,False,False
328908876,Praha 6,Ruzyně,Praha 6,41,,C,2026-08-13,Částečně,2+kk,False,False,False,False,False,False,False,False,False
334098508,Praha 8,Libeň,Praha 8,57,,C,2026-06-15,Ano,1+1,False,False,False,False,False,False,False,False,False
334745676,Praha 3,Vinohrady,Praha 3,83,36000.0,B,2026-08-03,Ne,2+1,False,False,False,False,False,False,False,False,True
335331404,Praha 5,Smíchov,Praha 5,80,30000.0,B,2026-08-20,Ano,2+kk,False,False,False,False,False,False,False,False,False
336838732,Praha 6,Bubeneč,Praha 6,115,,C,2026-08-21,Ne,4+1,True,False,False,False,False,False,False,False,False
338919500,Praha 2,Vinohrady,Praha 2,82,34900.0,B,2026-06-03,Částečně,atypical,False,False,False,False,False,False,False,False,False
340709452,Praha 1,Josefov,Praha 1,142,54900.0,A,2026-07-28,Částečně,4+1,False,False,False,False,False,False,False,False,False
344375372,Praha 5,Smíchov,,78,,C,2026-08-28,Ano,2+kk,False,True,False,False,False,False,False,False,False
344514636,Praha 5,Smíchov,Praha 5,56,28000.0,B,2026-07-07,Ano,2+kk,False,False,False,False,False,False,False,False,False
344825932,Praha 10,Záběhlice,Praha 10,55,19490.0,A,2026-04-28,Ne,2+1,True,False,False,False,False,False,False,False,False
349352780,Praha 2,Vinohrady,Praha 2,73,,C,2025-06-04,,3+kk,False,False,False,True,False,False,False,False,False
349495372,Praha 2,Nusle,Praha 2,74,,C,2026-07-22,,3+kk,False,False,False,False,False,False,False,False,False
350011468,Praha 4,Nusle,Praha 4,81,,C,2026-08-20,Částečně,2+kk,False,False,False,False,False,False,False,False,False
350339148,Praha 10,Vršovice,Praha 10,139,37000.0,A,2026-08-24,Ne,5+kk,False,False,False,True,False,False,False,False,False
351391820,Praha 8,Libeň,Praha 8,87,,C,2026-08-04,,3+kk,False,False,False,False,False,False,False,False,False
351780940,Praha 5,Malá Chuchle,Praha-Velká Chuchle,22,,C,2026-08-26,Ano,1+kk,False,False,False,False,False,False,False,False,False
352571468,Praha 9,Čakovice,Praha-Čakovice,70,30000.0,B,2026-08-02,,3+kk,False,False,False,False,False,False,False,False,False
355844172,Praha 7,Holešovice,Praha 7,82,26600.0,A,2026-08-28,Částečně,2+1,False,False,False,False,False,False,False,False,False
356118604,Praha 4,,,31,25000.0,A,2026-06-15,,1+kk,False,False,False,False,False,False,False,False,False
356892748,Praha 9,Hloubětín,Praha 9,63,22500.0,A,2026-08-28,Částečně,2+kk,False,False,False,False,False,False,False,False,False
360697932,Praha 8,Karlín,Praha 8,35,27336.0,B,2026-07-27,Ano,2+kk,False,False,False,False,False,False,False,False,True
361361484,Praha 4,Chodov,Praha 11,32,,C,2026-06-16,Částečně,1+kk,False,False,False,False,False,False,False,False,False
362042188,Praha 10,Vršovice,Praha 10,60,,D,2026-03-17,Ano,2+kk,False,False,False,False,False,True,False,False,False
362790988,Praha 4,Kamýk,Praha 12,44,,C,2026-08-17,,2+kk,False,False,False,False,False,False,False,False,False
367050828,Praha 4,Chodov,Praha 11,41,28000.0,A,2026-08-25,,2+kk,False,False,False,False,False,False,False,False,False
367513676,Praha 3,Žižkov,Praha 3,51,26000.0,A,2026-08-06,,2+kk,False,False,False,False,False,False,False,False,False
370327628,Praha 6,Břevnov,Praha 6,59,,C,2026-08-24,Částečně,2+kk,False,False,False,False,False,False,False,False,False
373878860,Praha 3,Vinohrady,Praha 3,46,23000.0,B,2026-06-16,Ano,2+kk,False,False,False,False,False,False,False,False,False
374177868,Praha 1,Staré Město,Praha 1,55,27900.0,A,2026-06-02,Částečně,2+1,False,False,False,False,False,False,False,False,False
374378572,Praha 5,Smíchov,Praha 5,103,57900.0,B,2026-05-20,Ano,3+kk,False,False,False,False,False,False,False,False,False
380420172,Praha 6,Ruzyně,Praha 6,41,19500.0,A,2026-08-20,,2+kk,False,False,False,False,False,False,False,False,False
380616780,Praha 1,Staré Město,,110,,C,2026-08-17,Ano,2+kk,False,False,False,False,False,False,False,False,False
381218892,Praha 4,Modřany,Praha 12,65,45000.0,B,2026-06-16,,2+kk,False,False,False,False,False,False,False,False,False
382390348,Praha 5,Košíře,Praha 5,60,26000.0,A,2026-07-23,Částečně,2+kk,False,False,False,False,False,False,False,False,False
383107148,Praha 6,Vokovice,Praha 6,46,,C,2026-08-30,,2+kk,False,False,False,False,False,False,False,False,False
384229452,Praha 5,Smíchov,Praha 5,129,46000.0,B,2026-07-20,Ne,3+1,False,False,True,False,False,False,False,False,False
384356428,Praha 5,Zličín,Praha-Zličín,36,20500.0,B,2026-07-27,Částečně,2+kk,False,False,False,False,False,False,False,False,False
385531980,Praha 5,Košíře,Praha 5,43,,C,2026-08-13,Částečně,2+kk,False,False,False,False,False,False,False,False,False
387113036,Praha 6,Dejvice,Praha 6,123,45990.0,A,2026-07-14,Ano,4+kk,True,False,False,False,False,False,False,False,False
388256588,Praha 5,Smíchov,Praha 5,90,,C,2026-03-17,,3+kk,False,False,False,False,False,False,False,False,False
388415564,Praha 4,Chodov,Praha 11,81,25990.0,A,2026-08-27,,3+kk,False,False,False,False,False,False,False,False,False
389017676,Praha 10,Malešice,Praha 10,50,25000.0,A,2026-06-17,,2+kk,False,False,False,False,False,False,False,False,False
389468236,Praha 6,Dejvice,Praha 6,42,21500.0,A,2026-08-07,Ne,2+kk,True,False,False,False,False,False,False,False,True
389595212,Praha 10,Hostivař,Praha 15,32,18800.0,B,2026-08-15,Částečně,1+kk,False,False,False,False,False,False,False,False,False
390250572,Praha 1,,,71,28000.0,A,2026-08-23,Ano,2+kk,False,False,False,False,False,False,False,False,False
392024140,Praha 5,Praha 5,Praha 5,74,28200.0,B,2026-07-30,Ne,3+kk,False,False,False,False,False,False,False,False,False
392216652,Praha 5,Smíchov,Praha 5,80,,C,2026-08-25,Částečně,2+kk,False,True,False,False,False,False,False,False,False
393146444,Praha 9,Kyje,Praha 14,55,21900.0,B,2026-06-18,Částečně,2+kk,False,False,False,False,False,False,False,False,False
393269324,Praha 5,Jinonice,Praha 5,57,27000.0,A,2026-08-05,Ne,2+kk,False,False,False,False,False,False,False,False,False
393920588,Praha 5,Radotín,Praha 16,135,35000.0,B,2026-08-12,Ano,5+kk,False,False,False,False,False,False,False,False,False
394383436,Praha 8,Praha 8,Praha 8,80,,C,2026-08-05,Ano,2+1,False,False,False,False,False,False,False,False,False
394876236,Praha 3,Vinohrady,Praha 3,55,27500.0,A,2024-06-01,Ne,2+1,False,False,False,False,False,False,False,False,True
396607564,Praha 1,Nové Město,Praha 1,57,29000.0,A,2026-08-21,Ano,2+1,False,False,False,True,False,False,False,False,False
398630988,Praha 2,Vinohrady,Praha 2,33,16690.0,B,2026-05-01,Částečně,1+1,False,False,False,False,False,False,False,False,False
399491148,Praha 5,Smíchov,Praha 5,115,49900.0,B,2026-08-17,Ano,3+kk,False,False,False,False,False,False,False,False,False
400465996,Praha 8,Libeň,Praha 8,34,17900.0,B,2026-04-27,Částečně,2+kk,False,False,False,False,False,False,False,False,False
402845772,Praha 4,Podolí,Praha 4,64,29500.0,B,2026-06-23,Ano,2+kk,False,False,False,False,False,False,False,False,False
404197452,Praha 8,Libeň,Praha 8,102,39000.0,B,2026-05-21,Ano,4+kk,False,False,False,False,False,False,False,False,False
404996172,Praha 5,Smíchov,Praha 5,89,42000.0,B,2026-08-21,Ne,3+1,False,False,False,False,False,False,False,False,False
405127244,Praha 3,Vinohrady,Praha 3,57,8600.0,B,2026-08-28,Ne,1+1,False,False,False,False,False,False,False,False,False
405717068,Praha 4,Krč,Praha 4,49,,C,2026-08-18,Ano,2+kk,False,False,False,False,False,False,False,False,False
406118476,Praha 8,Libeň,Praha 8,55,,C,2026-07-21,Ano,2+kk,False,False,False,False,False,False,False,False,False
409452620,Praha 5,Hlubočepy,Praha 5,38,27000.0,A,2026-08-26,Částečně,2+kk,False,False,False,False,False,False,False,False,False
410443852,Praha 6,Břevnov,Praha 6,81,,C,2026-07-18,,3+kk,False,False,False,False,False,False,False,False,False
411951180,Praha 8,Libeň,Praha 8,104,34000.0,B,2026-07-10,Částečně,3+kk,False,False,False,False,False,False,False,False,False
412947276,Praha 3,Vinohrady,Praha 3,60,49700.7,B,2025-12-11,Ano,2+kk,False,False,False,False,False,False,False,False,False
414175308,Praha 7,Holešovice,Praha 7,130,,C,2026-07-28,,3+1,False,False,False,False,False,False,False,False,False
414564428,Praha 9,Vysočany,Praha 9,65,,C,2026-08-30,Částečně,2+kk,False,False,False,False,False,False,False,False,False
416063564,Praha 8,Kobylisy,Praha 8,70,40000.0,B,2026-04-29,Ano,4+kk,False,False,False,False,False,False,False,False,False
417443916,Praha 4,Krč,Praha 4,162,50000.0,B,2026-04-16,,4+kk,False,False,False,False,False,False,False,False,False
418168908,Praha 3,Žižkov,Praha 3,35,17000.0,B,2026-08-20,Ne,1+kk,False,False,False,False,False,False,False,False,False
419467340,Praha 10,Vršovice,Praha 10,52,28600.0,B,2026-05-20,Ne,2+kk,False,False,False,False,False,False,False,False,False
420536396,Praha 5,Hlubočepy,Praha 5,42,22000.0,A,2026-07-16,,2+kk,False,False,False,False,False,False,False,False,False
420659276,Praha 5,Stodůlky,Praha 13,44,,C,2026-08-24,Částečně,2+kk,False,False,False,False,False,False,False,False,False
422821964,Praha 2,Vinohrady,Praha 2,29,27000.0,B,2026-08-21,Ano,1+kk,False,False,False,False,True,False,False,False,False
422891596,Praha 2,Nové Město,Praha 2,37,20000.0,A,2026-08-10,Částečně,1+1,False,False,False,False,False,False,False,False,False
423350348,Praha 5,Smíchov,Praha 5,23,,C,2026-07-22,,1+kk,False,False,False,False,False,False,False,False,False
424923212,Praha 5,Smíchov,Praha 5,48,,C,2026-08-02,,2+kk,False,False,False,False,False,False,False,False,False
425508940,Praha 10,Malešice,Praha 10,69,29000.0,A,2026-08-20,Ano,3+kk,True,False,False,False,False,False,False,False,False
426164300,Praha 6,Bubeneč,Praha 6,62,32000.0,A,2026-08-27,,2+kk,False,False,False,False,False,False,False,False,False
427024460,Praha 3,Vinohrady,Praha 3,47,26000.0,B,2026-07-13,Ano,2+kk,False,False,False,False,False,False,False,False,False
428859468,Praha 1,Nové Město,Praha 1,100,,C,2026-07-08,Částečně,3+kk,False,True,False,True,False,False,False,False,False
429011788,Praha 4,Krč,Praha 4,20,21900.0,B,2025-11-04,Ano,1+kk,False,False,False,False,True,False,False,False,False
429838412,Praha 4,Podolí,Praha 4,192,65000.0,B,2026-07-29,Částečně,5+kk,True,False,False,False,False,False,False,False,False
432193612,Praha 4,Kamýk,Praha 12,70,30000.0,A,2026-08-24,,3+kk,False,False,False,False,False,False,False,False,False
433246284,Praha 8,Kobylisy,Praha 8,93,33000.0,A,2026-08-04,Částečně,3+kk,False,False,False,False,False,False,False,False,False
434159692,Praha 5,Lipence,Praha-Lipence,15,,C,2026-08-25,Částečně,unknown,True,False,False,True,True,False,False,False,False
436650060,Praha 4,Braník,Praha 4,63,24000.0,B,2026-08-27,,3+kk,False,False,False,False,False,False,False,False,False
437448780,Praha 2,Vinohrady,Praha 2,134,49000.0,A,2026-06-23,Ne,3+1,False,False,False,False,False,False,False,False,False
438170444,Praha 4,Nusle,Praha 4,27,27000.0,A,2025-08-19,Ano,1+kk,False,False,False,False,True,False,False,False,False
439730252,Praha 10,Strašnice,Praha 10,64,23500.0,A,2026-08-29,,3+kk,False,False,False,False,False,False,False,False,False
441114700,Praha 5,Smíchov,Praha 5,51,26000.0,A,2026-07-02,Částečně,2+kk,False,False,False,False,False,False,False,False,False
442032204,Praha 8,,,59,,C,2026-07-06,,2+kk,False,False,False,False,False,False,False,False,False
443977804,Praha 2,Nové Město,Praha 2,108,58000.0,A,2026-05-22,Částečně,3+1,True,False,False,False,False,False,False,False,False
444522572,Praha 7,Holešovice,Praha 7,63,35200.0,B,2026-07-08,Ano,2+kk,True,False,False,False,False,False,False,False,False
444837964,Praha 8,Karlín,Praha 8,59,,C,2026-04-14,Ano,2+kk,False,False,False,False,False,False,False,False,False
445046860,Praha 5,Jinonice,Praha 5,64,,C,2026-07-20,Ano,2+kk,False,False,False,False,False,False,False,False,False
445108300,Praha 5,Smíchov,Praha 5,85,,C,2026-08-07,,3+kk,False,False,False,False,False,False,False,False,False
446099532,Praha 1,Staré Město,Praha 1,89,,C,2026-06-29,Ano,3+kk,False,True,False,False,False,False,False,False,False
447725644,Praha 4,Chodov,Praha 11,43,,C,2026-08-17,Částečně,2+kk,False,False,False,False,False,False,False,False,False
451072076,Praha 4,Michle,Praha 4,50,26000.0,A,2026-08-03,Ano,3+kk,False,False,False,False,False,False,False,False,False
451133516,Praha 4,Nusle,Praha 4,80,29000.0,A,2026-08-21,Ne,3+kk,False,False,False,False,False,False,False,False,False
452378700,Praha 4,Nusle,Praha 4,56,,C,2026-08-28,Částečně,2+kk,False,False,False,False,False,False,False,False,False
456052812,Praha 1,Nové Město,Praha 1,76,38640.0,B,2026-07-29,Ano,3+kk,True,False,False,False,False,False,False,False,False
456384588,Praha 2,Vinohrady,Praha 2,204,145000.0,B,2026-07-13,Ne,6+,True,False,False,False,True,False,False,False,False
456499276,Praha 10,Vinohrady,Praha 10,57,23900.0,B,2026-05-06,Ne,2+kk,False,False,False,False,False,False,False,False,False
456638540,Praha 2,Nové Město,Praha 2,45,16000.0,B,2026-08-26,Ne,1+1,False,False,False,False,False,False,False,False,False
460779596,Praha 5,Košíře,Praha 5,48,21900.0,B,2026-06-28,Ne,2+kk,False,False,False,False,False,False,False,False,False
463786060,Praha 4,Chodov,Praha 11,82,26500.0,A,2026-08-11,Ano,3+kk,False,False,False,False,False,False,False,False,False
463848780,Praha 5,Smíchov,Praha 5,66,37500.0,B,2024-01-31,Ne,1+kk,False,False,True,False,False,False,False,False,False
464769100,Praha 10,Záběhlice,Praha 10,67,22990.0,A,2026-08-03,Ne,3+kk,True,False,False,False,False,False,False,False,False
466641484,Praha 1,Nové Město,Praha 1,92,44900.0,B,2025-04-11,Částečně,3+kk,False,False,False,False,False,False,False,False,False
468111436,Praha 1,Nové Město,Praha 1,33,23000.0,A,2026-08-07,Ano,1+1,False,False,False,False,False,False,False,False,False
468172876,Praha 9,,,52,12900.0,B,2026-08-26,,2+kk,True,False,False,False,False,False,False,False,False
470081612,Praha 8,Karlín,Praha 8,92,,C,2026-07-21,Ano,3+kk,False,True,False,True,False,False,False,False,False
471650380,Praha 7,Holešovice,Praha 7,53,34000.0,A,2026-07-31,,2+1,False,False,False,True,False,False,False,False,False
472039500,Praha 5,Smíchov,Praha 5,80,,C,2026-08-23,,2+1,False,False,False,False,False,False,False,False,False
472662860,Praha 3,Strašnice,Praha 3,89,37300.0,B,2026-03-25,,3+kk,False,False,False,False,False,False,False,False,False
473223244,Praha 4,Modřany,Praha 12,78,20000.0,A,2026-08-10,,3+1,False,False,False,False,False,False,False,False,False
474043212,Praha 9,Vysočany,Praha 9,68,32000.0,B,2026-03-11,Částečně,2+kk,True,False,False,False,False,False,False,False,False
474202188,Praha 10,Hostivař,Praha 15,20,15000.0,B,2026-08-21,,1+kk,False,False,False,False,False,False,False,False,False
475447372,Praha 10,Štěrboholy,Praha-Štěrboholy,55,24990.0,A,2026-08-27,,2+kk,True,False,False,False,False,False,False,False,False
475521100,Praha 4,Chodov,Praha 11,56,,C,2026-07-17,Částečně,2+kk,False,False,False,False,False,False,False,False,False
477941836,Praha 7,Holešovice,Praha 7,61,29000.0,B,2026-07-31,,2+kk,False,False,False,False,False,False,False,False,False
478015564,Praha 1,Staré Město,Praha 1,67,25500.0,A,2026-06-19,,1+kk,False,False,False,False,False,False,False,False,False
478199884,Praha 2,Vinohrady,Praha 2,75,23000.0,A,2026-08-26,Ano,2+kk,False,False,False,False,False,False,False,False,False
480170060,Praha 8,Libeň,Praha 8,59,39500.0,B,2026-07-29,Ano,2+kk,False,False,True,False,False,False,False,False,True
484360268,Praha 3,Strašnice,Praha 3,63,,C,2026-08-18,,2+kk,False,False,False,False,False,False,False,False,False
486916172,Praha 4,Modřany,Praha 12,41,19000.0,A,2026-08-29,,2+kk,False,False,False,False,False,False,False,False,False
488153164,Praha 2,Vinohrady,Praha 2,55,39700.0,B,2026-04-24,,2+1,False,False,False,False,False,False,False,False,False
489414732,Praha 4,Michle,Praha 4,36,17000.0,A,2026-07-01,,1+kk,False,False,False,False,False,False,False,False,False
490131532,Praha 5,Smíchov,Praha 5,65,31000.0,B,2026-08-07,,3+kk,False,False,False,False,False,False,False,False,False
491241548,Praha 3,Žižkov,Praha 3,35,23000.0,B,2026-08-26,Částečně,2+kk,False,False,False,False,False,False,False,False,False
492494924,Praha 6,Ruzyně,Praha 6,85,35149.0,A,2026-07-02,,4+kk,False,False,False,False,False,False,False,False,False
492704588,Praha 2,Vinohrady,Praha 2,100,37000.0,A,2025-12-09,Částečně,3+1,False,False,False,True,False,False,False,False,False
495108172,Praha 5,Smíchov,Praha 5,250,,C,2026-08-24,Částečně,5+kk,False,False,False,False,False,False,False,False,False
498434124,Praha 5,Stodůlky,Praha 13,74,,C,2026-06-10,,3+1,False,False,False,False,False,False,False,False,False
499236940,Praha 3,Žižkov,Praha 3,43,22490.0,B,2026-08-25,Ano,2+kk,False,False,False,False,False,False,False,False,False
500940876,Praha 2,Vinohrady,Praha 2,52,32000.0,B,2026-08-12,Ano,2+kk,False,False,False,False,False,False,False,False,False
502317132,Praha 4,Háje,Praha 11,76,24500.0,B,2026-08-25,,2+kk,False,False,False,False,False,False,False,False,False
502513740,Praha 2,Vinohrady,Praha 2,118,49000.0,A,2026-08-21,,3+1,False,False,False,False,False,False,False,False,False
511627340,Praha 9,Střížkov,Praha 9,46,,C,2026-07-28,Částečně,2+kk,False,False,False,False,False,False,False,False,False
514179148,Praha 8,Bohnice,Praha 8,75,,C,2026-08-30,,3+1,False,False,False,False,False,False,False,False,False
515039308,Praha 5,Smíchov,Praha 5,168,60000.0,B,2026-07-14,Ne,5+1,True,False,True,False,False,False,False,False,False
516870220,Praha 8,Karlín,Praha 8,31,19900.0,A,2026-07-29,,1+kk,True,False,False,False,False,False,False,False,False
517455948,Praha 5,Malá Strana,Praha 5,62,25000.0,A,2026-08-27,,2+1,False,False,False,True,False,False,False,False,False
517718092,Praha 5,Stodůlky,Praha 13,92,,C,2026-08-12,,3+1,False,False,False,False,False,False,False,False,False
518443084,Praha 5,Praha 5,Praha 5,55,,C,2026-08-07,Částečně,2+kk,False,False,False,False,False,False,False,False,False
519360588,Praha 6,Řepy,Praha 17,38,19000.0,B,2026-08-11,Ano,1+kk,False,False,False,False,False,False,False,False,False
520417356,Praha 9,Hostavice,Praha 14,36,21000.0,A,2026-07-01,Ne,1+kk,False,False,False,False,False,False,False,False,False
520994892,Praha 4,Podolí,Praha 4,50,23500.0,A,2026-08-19,,2+kk,False,False,False,True,False,False,False,False,False
527155276,Praha 5,Smíchov,Praha 5,173,,C,2026-08-11,Částečně,4+kk,False,False,False,False,False,False,False,False,False
527925324,Praha 9,Kyje,Praha 14,41,24000.0,A,2026-06-08,Ano,2+kk,False,True,False,False,False,False,False,False,False
528846924,Praha 5,Smíchov,Praha 5,297,175000.0,A,2026-05-25,Ne,6+,False,False,False,False,False,False,False,False,False
529171020,Praha 2,Nové Město,Praha 2,50,27500.0,B,2024-09-06,Ano,2+kk,False,False,True,False,False,False,False,False,False
530759756,Praha 9,Hloubětín,Praha 9,52,24500.0,B,2026-08-24,Částečně,2+kk,False,False,False,False,False,False,False,False,False
533839948,Praha 5,Jinonice,Praha 5,48,22000.0,A,2026-08-25,,1+kk,False,False,False,False,False,False,False,False,False
535007308,Praha 9,Letňany,Praha 18,52,20000.0,B,2026-05-18,,2+kk,False,False,False,False,False,False,False,False,False
536330316,Praha 3,Žižkov,Praha 3,45,22000.0,B,2026-08-26,Částečně,2+kk,True,False,False,False,False,False,False,False,False
536723532,Praha 4,Modřany,Praha 12,77,,C,2026-08-19,Ano,3+1,False,False,False,False,False,False,False,False,False
538304588,Praha 1,Staré Město,Praha 1,189,53000.0,B,2026-07-20,Ne,4+1,False,False,False,False,False,False,False,False,False
540315724,Praha 9,Hloubětín,Praha 9,59,,C,2026-05-25,,2+kk,False,False,False,False,False,False,False,False,False
540651596,Praha 5,Smíchov,Praha 5,106,49500.0,B,2026-04-08,,3+kk,False,False,False,False,False,False,False,False,False
540790860,Praha 9,Vysočany,Praha 9,37,20490.0,A,2026-07-22,Ne,1+kk,True,False,False,False,False,False,False,False,False
540824396,Praha 1,Malá Strana,Praha 1,73,,C,2026-03-09,Ano,2+1,False,True,False,True,False,False,False,False,False
540983372,Praha 6,Střešovice,Praha 6,112,42000.0,B,2026-08-18,Částečně,3+1,False,False,False,False,False,False,False,False,False
543940684,Praha 8,Karlín,Praha 8,70,31500.0,A,2026-07-01,,2+kk,False,False,False,False,False,False,False,False,False
544657484,Praha 9,Vysočany,Praha 9,50,,C,2026-08-07,Ne,2+kk,False,False,False,False,False,False,False,False,False
546148428,Praha 1,Nové Město,Praha 1,30,,C,2026-05-15,Ano,1+1,False,False,False,False,True,False,False,False,False
546226252,Praha 4,Michle,Praha 4,81,,C,2026-08-18,,2+1,False,False,False,False,False,False,False,False,False
546558028,Praha 4,Chodov,Praha 11,25,,C,2026-08-03,,1+kk,False,False,False,False,False,False,False,False,False
547143756,Praha 5,Stodůlky,Praha 13,67,30000.0,B,2026-08-21,Ano,2+kk,False,False,False,False,False,False,False,False,False
552652876,Praha 10,Strašnice,Praha 10,44,22500.0,A,2026-08-05,,2+kk,False,False,False,False,False,False,False,False,False
556777548,Praha 2,Vinohrady,Praha 2,56,,C,2026-08-17,Ano,2+kk,False,False,False,False,False,False,False,False,False
556912716,Praha 4,Libuš,Praha-Libuš,116,29000.0,A,2026-08-04,Částečně,3+1,True,False,False,False,False,False,False,False,False
558551116,Praha 10,Strašnice,Praha 10,94,,C,2026-07-23,,3+kk,False,False,False,False,False,False,False,False,False
558625612,Praha 5,Smíchov,Praha 5,305,110000.0,A,2025-08-11,Ano,3+kk,False,False,False,False,False,False,False,False,False
559403084,Praha 7,Troja,Praha-Troja,95,69000.0,B,2026-08-06,Částečně,3+kk,False,False,False,False,True,False,False,False,False
560906316,Praha 8,Libeň,Praha 8,30,,C,2026-08-18,,1+kk,False,False,False,False,False,False,False,False,False
561238092,Praha 5,Hlubočepy,Praha 5,72,,C,2026-08-01,,3+1,False,False,False,False,False,False,False,False,False
562032716,Praha 9,Vysočany,Praha 9,50,,C,2026-06-17,Částečně,2+kk,False,False,False,False,False,False,False,False,False
564318284,Praha 5,Stodůlky,Praha 13,67,,C,2026-08-04,Ano,2+kk,False,False,False,False,False,False,False,False,False
564872012,Praha 10,Michle,,37,22000.0,B,2026-03-18,Ano,1+kk,False,False,False,False,False,False,False,False,False
568299596,Praha 1,Josefov,Praha 1,31,23000.0,A,2026-05-13,Ano,1+kk,False,False,False,False,True,False,False,False,False
570814540,Praha 1,Nové Město,Praha 1,76,,C,2026-06-30,Ano,3+kk,True,True,False,True,False,False,False,False,False
570979148,Praha 5,Praha 5,Praha 5,73,45000.0,B,2026-01-27,Ano,2+kk,False,False,True,False,False,False,False,False,False
571392076,Praha 9,Libeň,Praha 9,33,17500.0,A,2026-08-18,Ne,1+kk,False,False,False,False,False,False,False,False,False
572637260,Praha 6,Veleslavín,Praha 6,75,28000.0,B,2026-08-24,,2+kk,False,False,False,False,False,False,False,False,False
573104204,Praha 8,Bohnice,Praha 8,44,,C,2026-07-06,,2+1,False,False,False,False,False,False,False,False,True
574586956,Praha 9,Běchovice,Praha-Běchovice,145,,C,2026-05-30,Ne,5+kk,False,False,False,False,False,False,False,False,False
578084940,Praha 8,Střížkov,Praha 8,25,17500.0,A,2026-07-21,Ano,1+kk,False,False,False,False,False,False,False,False,False
578110284,Praha 10,Dolní Měcholupy,Praha-Dolní Měcholupy,75,30990.0,B,2026-04-01,Částečně,3+kk,False,False,False,False,False,False,False,False,False
578613324,Praha 8,Kobylisy,Praha 8,40,25000.0,B,2026-06-20,Částečně,2+kk,False,False,False,False,False,False,False,False,False
580108364,Praha 5,Košíře,Praha 5,40,20000.0,B,2026-08-22,,2+kk,False,False,False,False,False,False,False,False,False
581562444,Praha 6,Bubeneč,Praha 6,170,90000.0,A,2026-06-15,Ano,4+1,False,False,False,False,False,False,False,False,False
584765516,Praha 6,Bubeneč,Praha 6,26,16500.0,A,2026-07-23,Částečně,1+kk,False,False,False,False,False,False,False,False,False
587321420,Praha 8,Libeň,Praha 8,70,25000.0,A,2026-08-04,Ano,2+kk,False,False,False,False,False,False,False,False,False
591048780,Praha 4,Podolí,Praha 4,137,,C,2026-04-07,Ano,3+kk,False,False,False,False,False,False,False,False,False
591183948,Praha 5,Smíchov,,80,,C,2026-08-20,Ano,2+1,False,False,False,False,False,False,False,False,False
591839308,Praha 2,Vinohrady,Praha 2,70,27000.0,A,2026-08-27,Částečně,2+1,False,False,False,False,False,False,False,False,False
593346636,Praha 4,Podolí,Praha 4,45,22500.0,B,2026-08-19,Částečně,2+kk,False,False,False,False,False,False,False,False,False
593817676,Praha 4,Nusle,Praha 4,49,21490.0,B,2026-06-30,Ne,1+kk,False,False,False,False,False,False,False,False,False
594919500,Praha 8,Dolní Chabry,Praha-Dolní Chabry,51,25000.0,B,2026-08-28,Částečně,2+kk,False,False,False,False,False,False,False,False,False
595644492,Praha 10,Dolní Měcholupy,Praha-Dolní Měcholupy,99,36000.0,A,2026-08-06,,3+kk,False,False,False,False,False,False,False,False,False
596426828,Praha 5,Stodůlky,Praha-Řeporyje,33,,C,2026-08-20,Ano,1+kk,False,False,False,False,False,False,False,False,False
598376524,Praha 1,Malá Strana,Praha 1,73,39000.0,B,2026-05-27,Ano,2+1,True,False,False,False,False,False,False,False,False
598589516,Praha 4,Chodov,Praha 11,76,24990.0,A,2026-08-19,Ne,3+kk,False,False,False,False,False,False,False,False,False
599052364,Praha 2,Nové Město,Praha 2,58,29000.0,A,2026-08-11,Ne,2+kk,False,False,False,False,False,False,False,False,False
600031308,Praha 10,Dolní Měcholupy,Praha-Dolní Měcholupy,56,29000.0,B,2026-08-21,Ano,2+kk,False,False,False,False,False,False,False,False,False
603504716,Praha 7,Troja,Praha-Troja,91,,C,2026-08-16,,3+kk,False,False,False,False,False,False,False,False,False
605417548,Praha 8,Libeň,Praha 8,102,38000.0,A,2026-06-30,Ano,3+kk,True,False,False,False,False,False,False,False,False
606912588,Praha 5,Třebonice,Praha 13,61,24000.0,B,2026-08-20,,2+kk,False,False,False,False,False,False,False,False,False
607244364,Praha 5,Stodůlky,Praha 13,92,,C,2026-08-04,,3+kk,False,False,False,False,False,False,False,False,False
607305804,Praha 5,Hlubočepy,Praha 5,87,32000.0,B,2026-08-23,Částečně,3+kk,False,False,False,False,False,False,False,False,False
607551564,Praha 8,Karlín,Praha 8,29,20500.0,A,2026-06-09,Částečně,1+kk,True,False,False,False,True,False,False,False,False
608969548,Praha 2,Vinohrady,Praha 2,110,42000.0,A,2025-11-20,Ano,3+kk,False,False,False,False,False,False,False,False,False
610127948,Praha 4,Krč,Praha 4,56,27000.0,B,2026-07-30,Částečně,3+kk,False,False,False,False,False,False,False,False,False
611237964,Praha 4,Písnice,Praha-Libuš,61,,C,2026-08-18,,2+kk,False,False,False,False,False,False,False,False,False
612290636,Praha 2,Vinohrady,Praha 2,134,,C,2026-07-28,Ne,3+1,False,True,False,True,False,False,False,False,False
612941900,Praha 5,Smíchov,Praha 5,150,,C,2026-08-17,Ne,3+kk,False,False,False,False,False,False,False,False,False
614711372,Praha 8,Libeň,Praha 8,35,,C,2026-08-21,,1+kk,False,False,False,False,False,False,False,False,False
614760524,Praha 5,Stodůlky,Praha 13,147,,C,2026-06-11,Částečně,5+kk,False,False,False,False,False,False,False,False,False
615956556,Praha 5,Radotín,Praha 16,74,22000.0,B,2026-08-28,Částečně,3+1,False,False,False,False,False,False,False,False,False
616677452,Praha 2,Vinohrady,Praha 2,107,53130.0,B,2026-08-25,Ano,3+kk,False,False,False,False,False,False,False,False,False
619167820,Praha 4,Záběhlice,Praha 4,52,,C,2026-08-26,Částečně,2+kk,False,False,False,False,False,False,False,False,False
623231052,Praha 3,Žižkov,Praha 3,55,20000.0,A,2026-08-28,Ne,2+1,False,False,False,True,False,False,False,False,False
623956044,Praha 4,Modřany,Praha 12,29,16500.0,B,2026-08-05,Částečně,1+1,False,False,False,False,False,False,False,False,False
625201228,Praha 10,Dubeč,Praha-Dubeč,80,32500.0,B,2026-08-02,Ne,3+kk,False,False,False,False,False,False,False,False,False
626253900,Praha 8,Libeň,Praha 8,34,19000.0,A,2026-07-13,,2+kk,False,False,False,False,False,False,False,False,False
629850188,Praha 8,Karlín,Praha 8,48,38000.0,B,2026-08-13,Ano,2+kk,False,False,False,False,False,False,False,False,False
631169100,Praha 2,Nové Město,Praha 2,110,46900.0,B,2026-07-09,Částečně,4+1,False,False,False,False,False,False,False,False,False
632947532,Praha 6,Dejvice,Praha 6,101,48000.0,A,2026-01-05,Ano,3+kk,False,False,False,False,False,False,False,False,False
634380364,Praha 5,Smíchov,Praha 5,106,49500.0,B,2026-07-08,Ne,3+kk,True,False,False,False,False,False,False,False,False
634576972,Praha 9,Černý Most,Praha 14,50,22500.0,A,2026-07-14,Ne,2+kk,False,False,False,False,False,False,False,False,False
635564108,Praha 4,Háje,Praha 11,64,28000.0,A,2026-06-24,Částečně,2+kk,False,False,False,False,False,False,False,False,False
637304908,Praha 2,Vinohrady,Praha 2,51,29000.0,B,2026-06-03,Částečně,2+kk,False,False,False,False,False,False,False,False,False
638959692,Praha 5,Radotín,Praha 16,63,20000.0,B,2026-08-29,Ne,2+kk,False,False,False,False,False,False,False,False,False
639877196,Praha 5,Jinonice,Praha 5,94,38000.0,B,2026-08-21,Částečně,3+kk,False,False,False,False,False,False,False,False,False
641515596,Praha 5,Smíchov,Praha 5,42,28014.0,B,2026-08-20,Ano,2+kk,False,False,False,False,False,False,False,False,False
644005964,Praha 3,Vinohrady,Praha 3,109,,C,2026-08-22,,3+kk,True,False,False,False,False,False,False,False,False
644513868,Praha 5,Košíře,Praha 5,40,25000.0,B,2026-05-27,Ano,1+kk,False,False,False,False,False,False,False,False,True
645324876,Praha 8,Čimice,Praha 8,71,,C,2026-07-18,Částečně,3+kk,False,False,False,False,False,False,False,False,False
645365836,Praha 5,Košíře,Praha 5,40,,C,2026-06-08,,2+kk,False,False,False,False,False,False,False,False,False
645513292,Praha 5,Stodůlky,Praha 13,72,21990.0,A,2026-08-13,Částečně,3+1,False,False,False,False,False,False,False,False,False
645955660,Praha 1,Nové Město,Praha 1,130,59000.0,A,2026-06-08,Částečně,4+kk,False,False,False,False,False,False,False,False,False
650855244,Praha 3,Vinohrady,Praha 3,116,104800.0,B,2026-03-18,Ne,4+kk,False,False,False,False,True,False,False,False,False
651096140,Praha 5,Smíchov,Praha 5,181,90000.0,B,2026-06-18,Ne,5+kk,False,False,False,False,False,False,False,False,False
652197964,Praha 1,Nové Město,Praha 1,97,45000.0,A,2026-08-17,Ano,3+1,False,False,False,True,False,False,False,False,False
655220812,Praha 7,Holešovice,Praha 7,105,40900.0,A,2026-07-10,,3+1,False,False,False,True,False,False,False,False,True
655540300,Praha 8,Karlín,Praha 8,55,30800.0,B,2026-08-24,Ano,2+kk,False,False,False,False,False,False,False,False,False
656777292,Praha 5,Hlubočepy,Praha 5,18,,C,2026-05-06,Ano,unknown,False,False,False,True,True,False,False,True,False
657309772,Praha 9,Libeň,Praha 9,30,,C,2026-08-19,,1+kk,False,False,False,False,False,False,False,True,False
658453836,Praha 1,Nové Město,Praha 1,116,50000.0,A,2024-02-07,Ano,3+kk,True,False,False,False,False,False,False,False,False
659083340,Praha 9,Kbely,Praha 19,49,18900.0,B,2026-07-26,Částečně,2+kk,False,False,False,False,False,False,False,False,False
661708876,Praha 3,Žižkov,Praha 3,39,20000.0,A,2026-07-16,Částečně,1+kk,False,False,False,False,False,False,False,False,False
666353740,Praha 10,Vršovice,Praha 10,62,25000.0,A,2026-08-27,Ne,2+1,False,False,False,False,False,False,False,False,False
668258380,Praha 1,Nové Město,Praha 1,75,37500.0,B,2026-08-11,Částečně,3+kk,False,False,False,False,False,False,False,False,False
668581964,Praha 4,Šeberov,Praha-Šeberov,17,9250.0,A,2026-08-14,,unknown,False,False,False,True,False,False,False,False,False
669380684,Praha 1,Nové Město,Praha 1,76,38640.0,B,2026-06-30,Ano,2+1,False,False,False,False,False,False,False,False,False
670482508,Praha 10,Vršovice,Praha 10,52,26000.0,A,2026-08-28,Ano,2+kk,False,False,False,False,False,False,False,False,False
671404108,Praha 5,Stodůlky,Praha 13,42,19000.0,B,2026-08-10,,1+kk,False,False,False,False,False,False,False,False,False
672264268,Praha 3,Žižkov,Praha 3,37,,C,2026-06-24,Ano,1+kk,False,False,False,False,False,False,False,False,False
672501836,Praha 6,Liboc,Praha 6,116,,C,2026-05-25,Částečně,4+1,False,False,False,True,False,False,False,False,False
676843596,Praha 1,Nové Město,Praha 1,31,,C,2026-08-06,,1+kk,False,False,False,False,False,False,False,False,False
678871116,Praha 9,Černý Most,Praha 14,60,25000.0,B,2026-08-27,Ano,2+kk,False,False,False,False,False,False,False,False,False
678944844,Praha 2,Vinohrady,Praha 2,82,35000.0,A,2026-07-17,Ne,2+1,False,False,False,False,False,False,False,False,False
680841292,Praha 4,Nusle,Praha 4,36,25500.0,B,2026-08-11,Ano,1+kk,True,False,False,False,True,False,False,False,False
682733644,Praha 9,Libeň,Praha 9,56,,C,2026-04-16,Ano,2+kk,False,False,False,False,False,False,False,False,False
685228108,Praha 9,Prosek,Praha 9,42,,C,2026-08-27,Ne,2+kk,False,False,False,False,False,False,False,False,False
686342220,Praha 6,Dejvice,Praha 6,75,24000.0,B,2026-08-16,Ne,2+1,False,False,False,False,False,False,False,False,False
687329356,Praha 2,Vinohrady,Praha 2,132,55000.0,A,2026-08-06,Částečně,4+kk,False,False,False,False,False,False,False,False,False
688963660,Praha 3,Vinohrady,Praha 3,23,15990.0,B,2026-08-25,Částečně,1+1,False,False,False,False,False,False,False,False,False
691064908,Praha 2,Nové Město,Praha 2,140,75000.0,B,2026-08-05,Ano,4+kk,False,False,False,False,False,False,False,False,False
692441164,Praha 5,Malá Strana,Praha 5,75,,C,2026-08-09,Ano,2+kk,True,False,False,False,False,False,False,False,True
692682828,Praha 1,Vinohrady,,72,,C,2026-05-28,,2+kk,False,False,False,False,False,False,False,False,False
694804556,Praha 5,Hlubočepy,Praha 5,80,,C,2026-07-03,Částečně,3+kk,False,False,False,False,False,False,False,False,False
696635468,Praha 9,Vysočany,Praha 9,57,29000.0,A,2026-08-10,Částečně,2+kk,False,False,False,False,False,False,False,False,False
696696908,Praha 10,Dubeč,Praha-Dubeč,80,25000.0,B,2026-08-28,Ano,3+kk,False,False,False,False,False,False,False,False,False
698466380,Praha 6,Suchdol,Praha-Suchdol,30,,C,2026-08-25,,1+kk,False,False,False,False,False,False,False,False,False
699777100,Praha 2,Vinohrady,Praha 2,52,25000.0,B,2026-08-30,,2+1,True,False,False,False,False,False,False,False,False
700497996,Praha 2,Nové Město,Praha 2,35,25000.0,B,2026-08-25,Ano,2+kk,False,False,False,False,False,False,False,False,False
700960844,Praha 2,,,107,,C,2026-08-06,,3+1,False,False,False,False,False,False,False,False,False
701939788,Praha 3,Vinohrady,Praha 3,48,21990.0,A,2026-08-28,Částečně,1+1,False,False,False,False,False,False,False,False,False
702275660,Praha 10,Horní Měcholupy,Praha 15,41,19000.0,A,2026-07-02,,1+kk,False,False,False,False,False,False,False,False,False
703848524,Praha 1,Nové Město,Praha 1,87,39000.0,B,2026-07-13,Částečně,3+kk,False,False,False,False,False,False,False,False,False
704168012,Praha 4,Modřany,Praha 12,32,21500.0,A,2026-08-16,Ano,1+kk,False,False,False,False,False,False,False,False,False
704741452,Praha 9,Střížkov,Praha 9,55,,C,2026-06-05,Ne,3+1,False,False,False,False,False,False,False,False,False
706187340,Praha 1,Josefov,Praha 1,184,,D,2026-05-21,Ano,4+1,False,False,False,False,False,True,False,False,False
708411468,Praha 5,Hlubočepy,Praha 5,103,40000.0,B,2026-05-28,Ano,3+kk,False,False,False,False,False,False,False,False,False
709869644,Praha 10,Strašnice,Praha 10,38,,C,2026-08-17,Ano,1+kk,False,False,False,False,False,False,False,False,False
711508044,Praha 10,Hostivař,Praha 15,45,22000.0,A,2026-08-14,,2+kk,False,False,False,False,False,False,False,False,False
711774284,Praha 6,Bubeneč,Praha 6,45,24000.0,A,2026-07-30,Částečně,2+1,False,False,False,True,False,False,False,False,False
711835724,Praha 10,Strašnice,Praha 10,35,18000.0,A,2026-08-18,,1+1,False,False,False,False,False,False,False,False,False
714600524,Praha 4,Lhotka,Praha 4,60,21999.0,B,2026-06-27,Ano,2+1,False,False,False,False,False,False,False,False,False
716492876,Praha 9,Vysočany,Praha 9,62,,C,2026-08-11,Ano,2+kk,False,False,False,False,False,False,False,False,False
717541452,Praha 6,Dejvice,Praha 6,34,20990.0,A,2026-08-11,Částečně,1+kk,True,False,False,False,False,False,False,False,False
719437900,Praha 5,Smíchov,Praha 5,37,22500.0,A,2026-08-24,Ano,2+kk,False,False,False,False,False,False,False,False,False
721457228,Praha 10,Vršovice,Praha 10,60,33500.0,B,2026-05-20,Ne,3+kk,False,False,False,False,False,False,False,False,False
724090956,Praha 8,Libeň,Praha 8,47,,C,2026-08-15,,2+kk,False,False,False,False,False,False,False,False,False
726003788,Praha 1,Josefov,Praha 1,143,86600.0,B,2026-06-29,Ne,3+1,False,False,True,False,False,False,False,False,False
726877004,Praha 5,Smíchov,Praha 5,36,,C,2026-03-26,Ano,1+kk,False,False,False,False,False,False,False,False,False
727498828,Praha 10,Praha 10,Praha 10,108,35500.0,A,2026-08-20,,2+kk,False,False,False,False,False,False,False,False,False
729268300,Praha 3,Vinohrady,Praha 3,25,,C,2026-08-26,Částečně,1+kk,False,False,False,False,False,False,False,False,False
729280588,Praha 9,Vysočany,Praha 9,50,24000.0,B,2026-06-26,Částečně,2+kk,False,False,False,False,False,False,False,False,False
729407564,Praha 6,Břevnov,Praha 6,120,80000.0,A,2026-07-03,Částečně,4+kk,False,False,False,False,False,False,False,False,False
729796684,Praha 9,Vysočany,Praha 9,56,24000.0,A,2026-07-27,Částečně,2+kk,False,False,False,False,False,False,False,False,False
730284876,Praha 1,Malá Strana,Praha 1,153,79000.0,B,2026-03-31,,4+1,True,False,False,False,False,False,False,False,False
730386508,Praha 5,Jinonice,Praha 5,77,30000.0,A,2026-07-27,,2+kk,False,False,False,False,False,False,False,False,False
732610636,Praha 5,Řeporyje,Praha-Řeporyje,65,,C,2026-08-13,,3+kk,False,False,False,False,False,False,False,False,False
733462604,Praha 2,Vyšehrad,Praha 2,75,38000.0,A,2026-08-27,Ano,3+1,False,False,False,False,False,False,False,False,False
734315340,Praha 5,Košíře,Praha 5,55,33000.0,B,2025-10-22,Ano,2+kk,False,False,False,False,False,False,False,False,False
735101004,Praha 9,Vysočany,Praha 9,32,24500.0,A,2026-08-26,Částečně,1+kk,False,False,False,False,False,False,False,False,False
735297612,Praha 4,Modřany,Praha 12,30,14000.0,A,2026-08-21,,1+kk,False,False,False,False,False,False,False,False,False
736854092,Praha 1,Malá Strana,Praha 1,178,90000.0,B,2026-05-26,Ne,4+1,False,False,False,False,False,False,False,False,False
738254924,Praha 6,Veleslavín,Praha 6,97,49000.0,A,2026-07-16,Částečně,3+kk,False,False,False,False,False,False,False,False,False
738316364,Praha 10,Horní Měcholupy,Praha 15,49,25990.0,A,2026-08-04,Ano,2+kk,True,False,False,False,False,False,False,False,False
739295308,Praha 9,Střížkov,Praha 9,47,21900.0,B,2026-08-25,Ne,2+kk,False,False,False,False,False,False,False,False,False
740671564,Praha 9,Libeň,Praha 9,57,22000.0,A,2026-08-28,Částečně,2+kk,False,False,False,False,False,False,False,False,False
740933708,Praha 6,Bubeneč,Praha 6,58,26000.0,A,2026-08-13,Ne,2+kk,True,False,False,False,False,False,False,False,False
742024012,Praha 1,Josefov,Praha 1,138,86600.0,B,2026-02-12,Částečně,3+1,False,False,False,False,False,False,False,False,False
742387788,Praha 4,Kunratice,Praha-Kunratice,73,25500.0,B,2026-06-17,Částečně,3+kk,False,False,False,False,False,False,False,False,False
744996940,Praha 6,Lysolaje,Praha-Lysolaje,82,,C,2026-08-26,Ano,3+kk,False,False,False,False,False,False,False,False,False
745525324,Praha 1,Nové Město,Praha 1,76,38652.0,B,2026-07-27,Ano,3+kk,False,False,False,False,False,False,False,False,False
745926732,Praha 5,Smíchov,Praha 5,147,60000.0,B,2026-06-29,Ne,4+1,False,False,False,False,False,False,False,False,False
746541900,Praha 3,Žižkov,Praha 3,44,26000.0,A,2026-03-05,Ne,2+kk,False,False,False,False,False,False,False,False,False
747028556,Praha 6,Břevnov,Praha 6,103,,C,2026-08-28,Ne,3+kk,False,False,False,False,False,False,False,False,False
748626764,Praha 6,Břevnov,Praha 6,110,45000.0,A,2025-11-18,,3+kk,False,False,False,False,False,False,False,False,False
749977676,Praha 8,Libeň,Praha 8,47,23500.0,B,2026-08-22,Částečně,2+kk,False,False,False,False,False,False,False,False,False
749990732,Praha 1,Nové Město,Praha 1,24,25000.0,A,2025-08-21,Ano,1+kk,False,True,False,False,True,False,False,False,False
754499660,Praha 5,Smíchov,Praha 5,40,19500.0,B,2026-08-16,Ne,2+kk,False,False,False,False,False,False,False,False,True
755810380,Praha 4,Michle,Praha 4,68,27900.0,B,2026-08-20,Částečně,3+1,False,False,False,False,False,False,False,False,False
756203596,Praha 8,Karlín,Praha 8,59,31000.0,B,2026-08-24,Ano,2+kk,False,False,False,False,False,False,False,False,False
764002380,Praha 2,Vinohrady,Praha 2,185,130000.0,A,2026-08-14,Ne,5+kk,False,False,False,False,True,False,False,False,False
764268620,Praha 10,Michle,Praha 10,60,24000.0,A,2026-07-30,Ano,2+kk,False,False,False,False,False,False,False,False,False
764526668,Praha 9,Libeň,Praha 9,42,22000.0,A,2026-08-25,Částečně,2+kk,False,False,False,False,False,False,False,False,False
766623820,Praha 8,Karlín,Praha 8,45,35000.0,A,2026-08-25,Ne,2+kk,False,False,True,False,False,False,False,False,False
766935884,Praha 2,Nové Město,Praha 2,250,130000.0,A,2025-08-07,Ano,6+,False,False,False,False,False,False,False,False,False
768204876,Praha 3,Žižkov,Praha 3,50,,C,2026-07-05,Ano,2+kk,False,False,False,False,False,False,False,False,False
769704012,Praha 4,Krč,Praha 4,76,25900.0,B,2026-08-25,,3+kk,False,False,False,True,False,False,False,False,False
770392908,Praha 3,Vinohrady,Praha 3,118,104800.0,A,2026-03-18,Ne,4+kk,False,False,False,False,True,False,False,False,False
770891852,Praha 4,Krč,Praha 4,191,,C,2026-07-14,,4+kk,False,False,False,False,False,False,False,False,False
772760396,Praha 2,Nové Město,Praha 2,105,60000.0,B,2026-02-16,Ano,3+1,True,False,False,False,False,False,False,False,False
772919372,Praha 4,,,116,29000.0,B,2026-08-04,,3+1,False,False,False,False,False,False,False,False,False
774619212,Praha 1,Nové Město,Praha 1,33,20000.0,A,2026-08-11,Ano,1+kk,False,False,False,False,False,False,False,False,False
777773132,Praha 10,Záběhlice,Praha 10,85,32900.0,B,2026-07-01,Částečně,3+kk,False,False,True,False,False,False,False,False,False
779272268,Praha 6,Dejvice,Praha 6,49,26000.0,A,2026-08-23,Ano,2+kk,False,False,False,False,False,False,False,False,False
780189772,Praha 5,Třebonice,Praha 13,59,34000.0,A,2026-08-26,Ano,3+kk,False,False,False,False,False,False,False,False,False
780456012,Praha 8,Karlín,Praha 8,58,34500.0,B,2026-08-11,Částečně,2+kk,False,False,False,False,False,False,False,False,False
781570124,Praha 7,Holešovice,Praha 7,62,32000.0,A,2026-08-10,Ano,2+kk,False,False,False,False,False,False,False,False,False
781787980,Praha 2,Vinohrady,Praha 2,120,,C,2025-11-14,,3+kk,False,False,False,False,False,False,False,False,False
783073356,Praha 4,Michle,Praha 4,101,44900.0,B,2026-08-20,Částečně,3+kk,True,False,False,False,False,False,False,False,True
784920652,Praha 3,Vinohrady,Praha 3,50,33616.799999999996,B,2026-06-16,Částečně,2+kk,False,False,False,False,False,False,False,False,False
786350156,Praha 3,Žižkov,Praha 3,45,36500.0,B,2026-08-18,Ano,2+kk,True,False,False,False,False,False,False,False,False
789692492,Praha 5,Košíře,Praha 5,40,20000.0,B,2026-08-24,Ne,2+kk,False,False,False,False,False,False,False,False,False
792023884,Praha 9,Vysočany,Praha 9,69,30500.0,B,2026-03-16,Částečně,2+kk,True,False,False,False,False,False,False,False,False
792178764,Praha 1,Staré Město,Praha 1,82,37500.0,A,2026-04-17,Ano,2+kk,False,False,False,False,False,False,False,False,False
792248396,Praha 5,Smíchov,Praha 5,62,36225.0,B,2026-08-15,Ano,2+kk,False,False,False,False,False,False,False,False,False
795136076,Praha 6,Řepy,,65,,C,2026-08-10,Ano,3+kk,False,False,False,False,False,False,False,False,False
795594828,Praha 4,Modřany,Praha 12,63,,C,2026-07-22,,2+kk,False,False,False,False,False,False,False,False,False
798543948,Praha 2,Vinohrady,Praha 2,49,22900.0,A,2026-07-27,Částečně,1+kk,False,False,False,False,False,False,False,False,False
799490892,Praha 9,Horní Počernice,Praha 20,103,24000.0,A,2026-03-31,,4+kk,False,False,False,True,False,False,False,False,False
803594316,Praha 10,Uhříněves,Praha 22,86,33500.0,A,2026-07-20,,3+kk,False,False,False,False,False,False,False,False,False
804769868,Praha 6,Dejvice,Praha 6,56,29500.0,B,2026-08-06,Částečně,2+kk,False,False,False,False,False,False,False,False,False
804909132,Praha 2,Vinohrady,Praha 2,94,65000.0,B,2026-06-15,Ano,4+kk,False,False,False,False,False,False,False,False,False
805486668,Praha 5,Jinonice,Praha 5,72,30000.0,A,2026-08-24,Částečně,2+kk,False,False,False,False,False,False,False,False,True
806932556,Praha 10,Michle,Praha 10,40,23500.0,B,2026-07-27,Částečně,2+kk,False,False,False,False,False,False,False,False,False
807792716,Praha 1,Nové Město,Praha 1,119,49000.0,B,2026-06-30,Ano,3+1,False,False,False,False,False,False,False,False,False
809378636,Praha 10,Vinohrady,Praha 10,95,43000.0,B,2025-11-18,Ano,3+kk,False,False,False,False,False,False,False,False,False
811122764,Praha 10,Vršovice,Praha 10,58,26000.0,B,2026-08-15,Částečně,2+1,False,False,False,False,False,False,False,False,False
812695628,Praha 2,Vinohrady,Praha 2,68,28000.0,B,2026-08-25,,2+1,False,False,False,True,False,False,False,False,False
813023308,Praha 8,Karlín,Praha 8,30,23000.0,A,2026-08-28,Ano,1+kk,False,False,False,False,False,False,False,False,False
814727244,Praha 8,Kobylisy,Praha 8,60,,C,2026-08-17,Částečně,3+kk,False,False,False,False,False,False,False,False,False
817086540,Praha 4,Háje,Praha 11,29,16500.0,A,2026-08-22,Částečně,1+kk,False,False,False,False,False,False,False,False,False
820646732,Praha 5,Smíchov,Praha 5,40,20000.0,B,2025-12-04,Ne,2+kk,False,False,False,False,False,False,False,False,False
820764748,Praha 9,Prosek,Praha 9,54,25900.0,B,2026-07-02,Ne,3+1,False,False,False,False,False,False,False,False,False
821215308,Praha 1,Praha 1,Praha 1,73,39000.0,B,2026-08-24,Ano,2+1,True,True,False,False,False,False,False,False,False
822599756,Praha 4,Krč,Praha 4,27,15990.0,A,2026-07-17,Ano,1+kk,True,False,False,False,False,False,False,False,False
822788172,Praha 9,Kbely,Praha 19,55,,C,2026-08-12,,2+kk,False,False,False,False,False,False,False,False,False
822919244,Praha 8,Libeň,Praha 8,75,33000.0,A,2026-08-20,Ano,3+kk,False,False,False,False,False,False,False,False,False
826523724,Praha 8,Libeň,Praha 8,48,,C,2026-08-21,Ne,2+kk,False,False,False,False,False,False,False,False,False
826728524,Praha 5,Stodůlky,Praha 13,73,26000.0,A,2026-07-18,Částečně,3+kk,False,False,False,False,False,False,False,False,False
828956748,Praha 10,Záběhlice,Praha 10,72,,C,2026-07-06,Částečně,3+kk,False,False,False,False,False,False,False,False,False
830263372,Praha 10,Horní Měcholupy,Praha 15,72,29000.0,B,2026-07-31,,3+kk,False,False,False,False,False,False,False,False,False
830967884,Praha 1,Josefov,Praha 1,210,135000.0,A,2026-05-22,Částečně,5+kk,False,False,False,False,False,False,False,False,False
832225356,Praha 6,Dejvice,Praha 6,65,28000.0,B,2026-08-13,Částečně,2+kk,False,False,False,False,False,False,False,False,False
832356428,Praha 8,Kobylisy,Praha 8,62,20000.0,B,2026-08-21,,2+1,False,False,False,False,False,False,False,False,False
837140556,Praha 1,Nové Město,Praha 1,50,48800.0,B,2026-08-29,,3+kk,False,True,False,False,True,False,False,False,False
838312012,Praha 3,Vinohrady,Praha 3,137,,C,2026-05-05,Ne,4+kk,False,False,False,False,False,False,False,False,False
838766668,Praha 5,Smíchov,Praha 5,88,,C,2026-05-14,Ano,3+kk,False,True,False,True,False,False,False,False,False
839303244,Praha 5,Smíchov,Praha 5,41,25000.0,A,2026-08-27,Ano,2+kk,False,False,False,False,False,False,False,False,False
842055756,Praha 4,Braník,Praha 4,73,23990.0,A,2026-08-25,,3+1,False,False,False,False,False,False,False,False,False
842780748,Praha 10,Michle,Praha 10,82,30490.0,A,2026-07-22,Částečně,3+kk,True,False,False,False,False,False,False,False,False
843370572,Praha 8,Čimice,Praha 8,36,19000.0,A,2026-08-10,Částečně,1+kk,False,False,False,False,False,False,False,False,False
843767884,Praha 5,Smíchov,Praha 5,76,51540.0,B,2026-07-02,Ano,2+kk,False,True,True,False,False,False,False,False,False
847298636,Praha 5,Stodůlky,Praha 13,43,25800.0,B,2026-08-26,Ano,2+kk,False,False,False,False,False,False,False,False,False
848216140,Praha 8,Karlín,Praha 8,82,43000.0,B,2026-08-18,Částečně,3+kk,False,False,False,False,False,False,False,False,False
848412748,Praha 4,Braník,Praha 4,71,27000.0,A,2026-08-25,Ne,3+kk,False,False,False,True,False,False,False,False,False
849133644,Praha 10,Vršovice,Praha 10,55,28500.0,A,2026-08-21,Ano,3+kk,False,False,False,False,False,False,False,False,False
853004364,Praha 3,Žižkov,Praha 3,60,20720.0,A,2026-08-06,Ne,2+1,False,False,False,False,False,False,False,False,False
855498828,Praha 4,Nusle,Praha 4,86,28600.0,B,2026-07-10,Ne,3+kk,False,False,False,False,False,False,False,False,False
857067596,Praha 3,Vinohrady,Praha 3,95,64673.7,B,2026-08-10,Ne,3+kk,True,False,False,False,False,False,False,False,False
858177612,Praha 5,Smíchov,Praha 5,92,37900.0,B,2026-08-27,Částečně,3+kk,False,False,False,False,False,False,False,False,False
858689612,Praha 2,Vinohrady,Praha 2,119,,C,2026-05-13,Ano,4+kk,False,False,False,False,True,False,False,False,False
859357260,Praha 10,Vršovice,Praha 10,49,20000.0,B,2026-08-15,Ne,2+kk,False,False,False,False,False,False,False,False,False
859833164,Praha 2,Vinohrady,Praha 2,100,37000.0,A,2026-01-16,Ne,3+1,False,False,False,False,False,False,False,False,False
860012620,Praha 2,Vinohrady,Praha 2,52,35000.0,B,2026-08-23,Částečně,2+1,False,False,False,False,False,False,False,False,False
861724748,Praha 4,Modřany,Praha 12,61,50000.0,B,2026-07-11,Částečně,3+kk,False,False,False,False,True,False,False,False,False
863682636,Praha 3,Žižkov,Praha 3,73,26990.0,A,2026-08-12,Ne,2+kk,False,False,False,False,False,False,False,False,False
864145484,Praha 5,Smíchov,Praha 5,12,,C,2026-08-05,Ano,unknown,False,False,False,True,True,False,False,False,False
867012684,Praha 3,Žižkov,Praha 3,43,,C,2026-05-15,,2+kk,False,False,False,False,False,False,False,False,False
867536972,Praha 2,Nové Město,Praha 2,108,58000.0,A,2026-05-25,Ano,3+1,False,False,False,False,False,False,False,False,False
867876940,Praha 7,Holešovice,Praha 7,80,25500.0,A,2026-08-13,Ne,3+1,False,False,False,False,False,False,False,False,False
868037452,Praha 1,Malá Strana,Praha 1,110,68000.0,B,2025-10-31,Ano,3+1,False,False,False,False,False,False,False,False,False
869777484,Praha 5,Třebonice,Praha-Zličín,51,,C,2026-08-27,Částečně,2+kk,False,False,False,False,False,False,False,False,False
870793804,Praha 6,Střešovice,Praha 6,300,98000.0,B,2025-05-21,Ne,5+1,False,False,False,False,False,False,False,False,False
873308236,Praha 8,Libeň,Praha 8,69,26000.0,A,2026-04-28,Částečně,3+kk,False,False,False,False,False,False,False,False,False
874692684,Praha 10,Strašnice,Praha 10,65,23000.0,A,2026-08-23,,2+1,False,False,False,False,False,False,False,False,False
875806796,Praha 5,Zličín,Praha-Zličín,64,26000.0,B,2026-08-21,,2+kk,False,False,False,False,False,False,False,False,False
876212300,Praha 5,Smíchov,Praha 5,45,,C,2026-06-15,,2+kk,False,False,False,False,False,False,False,False,False
876986444,Praha 4,Krč,Praha 4,80,32990.0,A,2026-08-28,,3+kk,False,False,False,True,False,False,False,False,False
880177996,Praha 10,Strašnice,Praha 10,40,,C,2026-02-07,Ano,1+kk,True,False,False,False,False,False,False,False,False
880791628,Praha 8,Karlín,Praha 8,35,26214.0,B,2026-07-27,Ano,2+kk,False,False,False,False,False,False,False,False,True
881254476,Praha 5,Košíře,Praha 5,43,19000.0,A,2026-07-20,,2+kk,False,False,False,False,False,False,False,False,False
881299532,Praha 9,Hloubětín,Praha 14,45,23000.0,B,2026-05-22,Ne,2+kk,False,False,False,False,False,False,False,False,False
881578060,Praha 10,Strašnice,Praha 10,51,,C,2026-07-23,Ne,2+1,False,False,False,False,False,False,False,False,False
882294860,Praha 4,Háje,Praha 11,78,25000.0,A,2026-08-28,Ne,4+1,False,False,False,False,False,False,False,False,False
882823244,Praha 2,Vinohrady,Praha 2,47,,C,2026-07-29,Ano,2+kk,False,False,False,False,True,False,False,False,False
885572428,Praha 5,Hlubočepy,Praha 5,68,28900.0,B,2025-10-10,Částečně,2+kk,False,False,False,False,False,False,False,False,False
887690060,Praha 2,Nové Město,Praha 2,102,42000.0,A,2025-12-05,Ano,3+kk,False,False,False,False,False,False,False,False,False
889241676,Praha 2,Nové Město,Praha 2,100,,C,2026-08-25,,2+kk,False,False,False,False,False,False,False,False,False
889746252,Praha 5,Praha 5,Praha 5,62,40000.0,B,2026-01-27,Ano,2+kk,False,False,True,False,False,False,False,False,False
889966668,Praha 5,Smíchov,Praha 5,69,,C,2026-07-22,,3+kk,False,True,False,False,False,False,False,False,False
890277964,Praha 10,Vršovice,Praha 10,67,36500.0,B,2026-05-20,Ne,3+kk,False,False,False,False,False,False,False,False,False
890294348,Praha 2,Vinohrady,Praha 2,43,,C,2026-08-05,,1+kk,False,False,False,False,False,False,False,False,False
891273292,Praha 5,Smíchov,Praha 5,50,,C,2026-08-17,Částečně,2+kk,False,False,False,False,False,False,False,False,False
891994188,Praha 10,Malešice,Praha 10,67,25000.0,A,2026-08-12,,2+kk,False,False,False,False,False,False,False,False,False
892556108,Praha 1,Malá Strana,,73,,C,2026-03-10,,2+1,False,False,False,False,False,False,False,False,False
894423116,Praha 8,Karlín,Praha 8,35,26928.0,B,2026-07-27,Ano,2+kk,False,False,False,False,False,False,False,False,True
894603340,Praha 5,Košíře,Praha 5,35,21000.0,A,2026-05-18,Částečně,1+1,False,False,False,False,False,False,False,False,False
896291660,Praha 1,Nové Město,Praha 1,76,41100.0,B,2026-03-09,Ano,3+kk,False,False,False,False,False,False,False,False,False
897310796,Praha 2,Vinohrady,Praha 2,130,,C,2026-07-01,Částečně,4+kk,False,False,False,False,False,False,False,False,False
897503308,Praha 4,Kamýk,Praha 12,53,19990.0,A,2026-07-28,Částečně,2+1,True,False,False,False,False,False,False,False,False
898678860,Praha 4,Krč,Praha 4,34,15900.0,B,2026-08-26,Částečně,1+kk,False,False,False,False,False,False,False,False,False
899727436,Praha 6,Dejvice,Praha 6,76,37900.0,B,2026-08-26,Ne,3+kk,False,False,False,False,False,False,False,False,False
900190284,Praha 3,Žižkov,Praha 3,52,26000.0,B,2026-08-06,Ano,2+1,False,False,False,False,False,False,False,False,False
902611020,Praha 5,Řeporyje,Praha-Řeporyje,42,,C,2026-08-20,,1+kk,False,False,False,False,False,False,False,False,False
902684748,Praha 6,Bubeneč,Praha 6,108,38000.0,B,2026-07-10,,4+1,False,False,False,False,False,False,False,False,False
903077964,Praha 5,Smíchov,Praha 5,29,20900.0,B,2026-07-13,Ne,1+kk,False,False,False,False,False,False,False,False,False
903737420,Praha 2,Nové Město,Praha 2,108,58000.0,B,2026-06-19,Částečně,3+1,True,False,False,False,False,False,False,False,False
905166924,Praha 5,Zličín,,52,24500.0,A,2026-08-21,,2+kk,False,False,False,False,False,False,False,False,False
905560140,Praha 10,Strašnice,Praha 10,67,20000.0,B,2026-08-14,Ne,3+1,False,False,False,True,False,False,False,False,False
906215500,Praha 9,Kbely,Praha 19,27,22000.0,B,2026-08-21,,1+kk,False,False,False,False,False,False,False,False,False
907853900,Praha 8,Libeň,Praha 8,75,,C,2026-08-20,Ano,3+kk,False,False,False,False,False,False,False,False,False
910417996,Praha 5,Smíchov,Praha 5,60,33500.0,B,2026-07-13,Částečně,2+kk,False,False,False,False,False,False,False,False,False
910671948,Praha 6,Břevnov,Praha 6,30,18000.0,A,2026-08-26,Částečně,2+kk,False,False,False,False,False,False,False,False,True
911138892,Praha 5,Hlubočepy,Praha 5,28,,C,2026-07-08,Ano,1+kk,False,False,False,False,False,False,False,False,False
911164236,Praha 9,Vysočany,Praha 9,56,26000.0,A,2026-03-22,Ne,2+kk,False,False,False,False,False,False,False,False,False
911200332,Praha 6,Veleslavín,Praha 6,111,35000.0,B,2026-07-27,Ne,2+kk,False,False,False,False,False,False,False,False,False
914477132,Praha 10,Vršovice,Praha 10,33,,C,2026-08-05,,1+kk,False,False,False,False,False,False,False,False,False
916504652,Praha 3,Strašnice,Praha 3,80,,C,2026-08-26,,3+kk,False,False,False,False,False,False,False,False,False
916832332,Praha 5,Hlubočepy,Praha 5,50,24500.0,B,2026-08-30,Ne,2+kk,False,False,False,False,False,False,False,False,False
917557324,Praha 2,Vinohrady,Praha 2,55,22000.0,B,2026-08-05,Ne,2+kk,False,False,False,False,False,False,False,False,False
917946444,Praha 10,Strašnice,Praha 10,33,,C,2026-08-28,Částečně,1+kk,False,False,False,False,False,False,False,False,False
918605900,Praha 9,,,59,,C,2026-08-05,,2+kk,False,False,False,False,False,False,False,False,False
918704972,Praha 3,Vinohrady,Praha 3,118,104593.65,B,2026-03-11,Ne,4+kk,True,False,False,False,True,False,False,False,False
919584844,Praha 3,Praha 3,Praha 3,43,,C,2026-08-17,,1+kk,False,False,False,False,False,False,False,False,False
922013772,Praha 7,Holešovice,Praha 7,70,37000.0,A,2026-08-11,Ano,2+kk,False,False,False,False,False,False,False,False,False
925089868,Praha 8,Karlín,Praha 8,46,35700.0,B,2026-08-21,Ano,2+kk,True,False,False,False,False,False,False,False,True
927055948,Praha 4,Nusle,Praha 4,95,27990.0,B,2026-08-24,Částečně,3+kk,False,False,False,True,False,False,False,False,False
927383628,Praha 9,Střížkov,Praha 9,45,,C,2026-08-27,,2+kk,False,False,False,False,False,False,False,False,False
927719500,Praha 1,Nové Město,,81,,C,2026-07-01,Ano,3+1,False,False,False,False,False,False,False,False,False
928338764,Praha 1,Malá Strana,Praha 1,73,39000.0,A,2026-03-16,Ano,2+1,True,False,False,False,False,False,False,False,False
929157196,Praha 4,Michle,Praha 4,50,21000.0,A,2026-08-04,Ne,1+1,False,False,False,False,False,False,False,False,False
929820748,Praha 10,Strašnice,Praha 10,25,15499.0,B,2026-06-12,,1+kk,False,False,False,False,False,False,False,False,False
930992204,Praha 6,Dejvice,Praha 6,85,28500.0,A,2026-07-29,Částečně,3+kk,False,False,False,False,False,False,False,False,True
931320652,Praha 1,Nové Město,Praha 1,77,41055.0,B,2025-09-30,Ano,3+kk,True,False,False,False,False,False,False,False,False
932393804,Praha 1,Nové Město,Praha 1,130,59000.0,A,2025-11-03,Částečně,4+kk,False,False,False,False,False,False,False,False,False
933412940,Praha 10,,,48,,C,2026-08-24,,2+kk,True,False,False,False,False,False,False,False,False
934019660,Praha 9,Vysočany,Praha 9,32,,C,2025-03-04,Ano,1+kk,False,False,False,False,False,False,False,False,False
934133836,Praha 5,Smíchov,Praha 5,46,25000.0,B,2026-08-19,Ano,2+kk,False,False,False,False,False,False,False,False,False
934658124,Praha 9,Kyje,Praha 14,54,,C,2026-08-30,,2+1,False,False,False,False,False,False,False,False,False
935841868,Praha 1,Nové Město,Praha 1,97,,C,2026-08-06,,3+1,False,False,False,False,False,False,False,False,False
939561036,Praha 10,Vršovice,Praha 10,60,35500.0,B,2026-05-20,Ne,3+kk,False,False,False,False,False,False,False,False,False
940359756,Praha 3,Žižkov,Praha 3,63,32900.0,B,2026-08-20,Částečně,2+1,False,False,False,True,False,False,False,False,False
940752972,Praha 2,Vinohrady,Praha 2,91,55000.0,B,2026-08-24,Ano,3+kk,True,False,False,False,False,False,False,False,False
942329932,Praha 8,Troja,Praha 8,46,21990.0,B,2026-07-23,Ano,2+kk,False,False,False,False,False,False,False,False,False
943046732,Praha 6,Ruzyně,Praha 6,106,40000.0,A,2026-08-29,Ne,4+kk,False,False,False,False,False,False,False,False,False
945147980,Praha 3,Žižkov,Praha 3,82,40000.0,B,2026-08-09,Ano,3+kk,False,False,False,False,False,False,False,False,False
946257996,Praha 5,Košíře,Praha 5,38,16500.0,A,2026-08-27,Ne,2+kk,False,False,False,False,False,False,False,False,False
946593868,Praha 3,Žižkov,Praha 3,40,19274.0,A,2026-07-01,,1+kk,False,False,False,False,False,False,False,False,False
948097100,Praha 2,Nové Město,Praha 2,31,,C,2026-08-04,,1+1,False,False,True,False,True,False,False,False,False
948424780,Praha 5,Hlubočepy,Praha 5,78,21990.0,A,2026-08-07,Ne,3+1,True,False,False,False,False,False,False,False,False
949542988,Praha 8,Libeň,Praha 8,46,25000.0,B,2026-07-07,Ano,2+kk,False,False,False,False,False,False,False,False,False
952225868,Praha 2,Vinohrady,Praha 2,47,23000.0,B,2026-08-04,Ano,1+kk,False,False,False,False,False,False,False,False,False
953204812,Praha 4,Chodov,Praha 11,32,17000.0,A,2026-08-26,Částečně,1+kk,False,False,False,False,False,False,False,False,False
954843212,Praha 4,Braník,Praha 4,40,18000.0,B,2026-08-14,Ano,2+kk,False,False,False,False,False,False,False,False,False
955572300,Praha 10,Vršovice,Praha 10,197,48000.0,B,2026-07-21,Ne,4+kk,False,False,False,False,False,False,False,False,False
956547148,Praha 1,Nové Město,Praha 1,89,35000.0,B,2026-08-21,Ne,4+kk,False,False,False,False,False,False,False,False,False
957538380,Praha 2,Nové Město,Praha 2,77,31900.0,A,2026-07-14,Částečně,3+kk,False,False,False,True,False,False,False,False,False
958840908,Praha 7,Bubeneč,Praha 7,33,18500.0,A,2026-08-27,Ne,1+kk,False,False,False,False,False,False,False,False,False
959234124,Praha 6,Břevnov,Praha 6,60,18000.0,B,2026-08-20,,1+1,False,False,False,False,False,False,False,False,False
960286796,Praha 9,Vysočany,Praha 9,92,34000.0,B,2026-07-31,,3+kk,False,False,False,False,False,False,False,False,False
961531980,Praha 2,Vinohrady,Praha 2,125,46600.0,B,2026-07-27,,4+1,False,False,False,False,False,False,False,False,False
962891852,Praha 2,Vinohrady,Praha 2,204,145000.0,A,2026-05-25,Ne,6+,True,False,False,False,True,False,False,False,False
962908236,Praha 3,Vinohrady,Praha 3,56,,C,2026-08-10,Ano,2+kk,True,True,False,True,True,False,False,False,False
965603404,Praha 2,Nusle,Praha 2,26,,C,2026-06-20,,1+kk,False,False,False,False,False,False,False,False,False
966234188,Praha 4,Modřany,Praha 12,56,50000.0,B,2026-05-22,Ne,2+kk,False,False,True,False,True,False,False,False,False
968937548,Praha 10,Strašnice,Praha 10,45,,C,2026-08-05,,2+kk,False,False,False,False,False,False,False,False,False
970518604,Praha 2,Vinohrady,Praha 2,109,45000.0,B,2026-06-16,Ne,4+kk,False,False,False,False,False,False,False,False,False
971403852,Praha 5,Smíchov,Praha 5,55,17000.0,B,2025-03-27,,2+kk,False,False,False,False,False,False,False,False,False
974045260,Praha 5,,,49,,C,2026-08-18,Ano,2+kk,False,False,False,False,False,False,False,False,False
975159372,Praha 9,Prosek,Praha 9,45,22900.0,B,2026-08-17,Částečně,2+kk,False,False,False,False,False,False,False,False,False
975556684,Praha 1,Malá Strana,Praha 1,52,26000.0,A,2026-08-10,,2+kk,False,False,False,False,False,False,False,False,False
976732236,Praha 5,Smíchov,Praha 5,81,38000.0,A,2026-08-26,Částečně,2+kk,False,False,False,False,False,False,False,False,False
977719372,Praha 4,Hodkovičky,Praha 4,80,,D,2026-08-07,,3+kk,False,False,False,False,False,True,False,False,False
977961036,Praha 5,Motol,Praha 5,48,21000.0,B,2026-05-27,Částečně,2+kk,False,False,False,False,False,False,False,False,False
978862924,Praha 1,Staré Město,Praha 1,155,65000.0,B,2026-03-20,Ne,4+kk,True,False,False,False,False,False,False,False,False
979419212,Praha 6,Bubeneč,Praha 6,41,,C,2026-08-25,Ano,2+kk,False,False,False,False,False,False,False,False,False
979911500,Praha 3,Vinohrady,Praha 3,60,,D,2026-03-20,Ne,2+kk,True,False,False,False,True,True,False,False,False
981000268,Praha 5,Smíchov,Praha 5,55,,C,2026-07-06,,2+kk,False,False,False,False,False,False,False,False,False
981913676,Praha 10,Uhříněves,Praha 22,45,20990.0,A,2026-08-08,,2+kk,False,False,False,False,False,False,False,False,False
981975116,Praha 7,Bubeneč,Praha 7,40,19000.0,B,2026-08-27,Částečně,2+kk,False,False,False,False,False,False,False,False,False
982159436,Praha 4,,,198,57000.0,B,2026-05-11,Ano,4+kk,False,False,False,False,False,False,False,False,False
985645132,Praha 4,Krč,Praha 4,33,16000.0,B,2026-08-17,Ne,2+kk,False,False,False,False,False,False,False,False,True
985714764,Praha 7,Troja,Praha-Troja,50,23000.0,A,2026-08-05,,2+1,False,False,False,False,False,False,False,False,False
987217996,Praha 3,Vinohrady,Praha 3,55,27500.0,B,2026-08-27,Ne,2+kk,False,False,False,False,False,False,False,False,False
987611212,Praha 4,Braník,Praha 4,54,29500.0,B,2026-08-19,,2+kk,False,False,False,False,False,False,False,False,False
988856396,Praha 10,Hostivař,Praha 15,29,16000.0,B,2026-08-25,,1+kk,False,False,False,False,False,False,False,False,False
989053004,Praha 10,Vršovice,Praha 10,18,,C,2026-08-21,,unknown,False,False,False,True,False,True,False,False,False
989196364,Praha 8,Praha 8,Praha 8,58,,C,2026-06-30,Ano,2+kk,False,False,False,False,False,False,False,False,False
991777356,Praha 1,Nové Město,Praha 1,117,85000.0,A,2025-04-25,Ne,3+1,False,False,False,False,True,False,False,False,False
992727116,Praha 8,Bohnice,Praha 8,43,14990.0,A,2026-07-22,Částečně,1+kk,True,False,False,False,False,False,False,False,False
993837132,Praha 6,Střešovice,Praha 6,40,18000.0,B,2026-08-20,,1+1,False,False,False,False,False,False,False,False,False
994046028,Praha 5,Smíchov,Praha 5,72,43470.0,B,2026-06-17,Ano,2+kk,False,False,False,False,False,False,False,False,False
994885708,Praha 9,Hloubětín,Praha 14,45,,C,2026-08-20,Částečně,2+kk,False,False,False,False,False,False,False,False,False
995868748,Praha 4,Nusle,Praha 4,68,26000.0,B,2026-08-11,Ano,3+1,False,False,False,False,False,False,False,False,False
998187596,Praha 3,Vinohrady,Praha 3,60,49800.0,B,2025-01-20,Částečně,2+kk,True,False,False,False,True,False,False,False,False
998359116,Praha 2,Nové Město,Praha 2,50,,C,2026-08-25,,2+1,False,True,False,False,False,False,False,False,False
1000595532,Praha 4,Modřany,Praha 12,45,19990.0,B,2026-07-13,Ne,2+kk,False,False,False,False,False,False,False,False,False
1001439308,Praha 1,Staré Město,Praha 1,135,,C,2026-08-26,,3+1,False,True,False,False,False,False,False,False,False
1004978252,Praha 4,Michle,Praha 4,25,,C,2026-08-28,,1+kk,False,False,False,False,False,False,False,False,False
1006878796,Praha 10,Strašnice,Praha 10,68,33000.0,B,2026-08-21,,2+1,False,False,False,False,False,False,False,False,False
1008123980,Praha 7,Bubeneč,Praha 7,68,25000.0,A,2026-08-27,Částečně,2+kk,False,False,False,False,False,False,False,False,False
1009565772,Praha 8,Čimice,Praha 8,45,17500.0,A,2026-08-20,Částečně,2+kk,False,False,False,False,False,False,False,False,False
1010487372,Praha 4,Michle,Praha 4,42,17000.0,B,2026-07-23,,2+kk,False,False,False,False,False,False,False,False,False
1011650636,Praha 10,Vršovice,Praha 10,73,,C,2026-05-15,,2+1,False,False,False,False,False,False,False,False,False
1012387916,Praha 8,Karlín,Praha 8,58,34500.0,A,2026-08-06,,2+kk,False,False,False,False,False,False,False,False,False
1012703308,Praha 5,Hlubočepy,Praha 5,15,,D,2026-04-29,Ano,unknown,False,False,False,True,False,True,False,False,False
1012745036,Praha 5,Radotín,Praha 16,74,24000.0,B,2026-03-24,Částečně,2+kk,False,False,False,False,False,False,False,False,False
1012842572,Praha 2,Vinohrady,Praha 2,100,45000.0,B,2026-08-18,Ne,2+kk,False,False,False,False,False,False,False,False,False
1015005260,Praha 5,Košíře,Praha 5,65,22500.0,B,2026-08-17,Částečně,2+kk,False,False,False,False,False,False,False,False,False
1016234060,Praha 7,Bubeneč,Praha 7,78,39900.0,B,2026-06-05,Částečně,3+kk,False,False,False,False,False,False,False,False,False
1017167948,Praha 3,Žižkov,Praha 3,31,21990.0,B,2026-08-26,Ano,1+kk,False,False,False,False,False,False,False,False,False
1017364556,Praha 5,Motol,Praha 5,66,24000.0,B,2026-08-21,,2+kk,False,False,False,False,False,False,False,False,False
1017507916,Praha 2,Nusle,Praha 2,54,23400.0,B,2026-06-30,Částečně,2+kk,False,False,False,False,False,False,False,False,False
1018200140,Praha 4,Chodov,Praha 11,85,,C,2026-06-08,Částečně,4+kk,False,False,False,False,False,False,False,False,False
1018810444,Praha 5,Řeporyje,Praha-Řeporyje,74,31000.0,A,2026-07-25,Částečně,3+kk,False,False,False,False,False,False,False,False,False
1021493324,Praha 5,Košíře,Praha 5,26,20500.0,B,2026-08-24,Ne,1+kk,False,False,False,False,False,False,False,False,False
1023074380,Praha 5,Smíchov,Praha 5,180,85000.0,A,2026-07-03,,4+kk,False,False,False,False,False,False,False,False,False
1023795276,Praha 9,Libeň,Praha 9,76,,C,2026-07-20,Ano,3+1,False,False,False,False,False,False,False,False,False
1024835660,Praha 6,Řepy,Praha 17,75,26000.0,B,2026-08-29,Částečně,3+1,False,False,False,False,False,False,False,False,False
1028513868,Praha 9,Vysočany,Praha 9,38,16900.0,A,2026-07-09,,1+kk,False,False,False,False,False,False,False,False,False
1031127116,Praha 5,Smíchov,Praha 5,47,19990.0,A,2026-08-28,Částečně,1+1,False,False,False,False,False,False,False,False,False
1034469452,Praha 10,Vršovice,Praha 10,30,15000.0,A,2026-08-16,,1+kk,False,False,False,False,False,False,False,False,False
1034993740,Praha 2,Vinohrady,Praha 2,120,,C,2026-08-26,Ano,4+kk,False,True,False,True,False,False,False,False,False
1036443724,Praha 7,Holešovice,Praha 7,62,41150.0,A,2026-07-20,,3+1,False,False,False,False,False,False,False,False,False
1037422668,Praha 6,Střešovice,Praha 6,72,,C,2026-08-10,Ano,2+kk,False,True,False,False,False,False,False,False,False
1037783884,Praha 1,Josefov,Praha 1,132,73000.0,B,2026-03-02,Ano,3+1,False,False,False,False,False,False,False,False,False
1040982860,Praha 3,Vinohrady,Praha 3,60,49700.7,B,2025-11-20,Částečně,2+kk,False,False,False,False,False,False,False,False,False
1041285196,Praha 4,Nusle,Praha 4,42,16990.0,B,2026-08-25,Částečně,2+kk,False,False,False,False,False,False,False,False,False
1041748044,Praha 5,Smíchov,Praha 5,193,130000.0,A,2026-08-06,Ne,5+1,False,False,False,False,False,False,False,False,False
1042542668,Praha 1,Nové Město,Praha 1,32,21000.0,B,2026-06-22,Částečně,1+kk,False,False,False,False,False,False,False,False,True
1043849292,Praha 2,Vinohrady,Praha 2,40,26000.0,A,2026-07-17,Ano,2+kk,False,False,False,False,False,False,False,False,False
1048068940,Praha 2,Vinohrady,Praha 2,170,60000.0,B,2026-03-20,,4+kk,True,False,False,False,False,False,False,False,False
1048166476,Praha 4,Nusle,Praha 4,23,15990.0,A,2026-08-13,Ne,1+kk,True,False,False,False,False,False,False,False,False
1049681996,Praha 10,Strašnice,Praha 10,74,,C,2026-07-16,Ano,3+1,False,False,False,False,False,False,False,False,False
1050944076,Praha 1,Nové Město,Praha 1,115,,C,2025-02-04,Ano,3+kk,False,False,False,False,False,False,False,False,False
1052954700,Praha 1,Nové Město,Praha 1,111,40500.0,A,2026-08-04,Částečně,3+kk,False,False,False,False,False,False,False,False,False
1054199884,Praha 1,Staré Město,Praha 1,285,175000.0,A,2026-08-10,,6+,False,False,False,False,False,False,False,False,False
1056052044,Praha 2,Vinohrady,Praha 2,56,32000.0,A,2025-12-16,Ano,2+kk,False,False,False,False,False,False,False,False,False
1057017932,Praha 6,Dejvice,Praha 6,78,30000.0,A,2026-08-05,,3+1,False,False,False,False,False,False,False,False,False
1057669196,Praha 3,Vinohrady,Praha 3,109,61900.0,B,2026-08-12,Částečně,3+kk,True,False,False,False,False,False,False,False,False
1057800268,Praha 9,Kyje,Praha 14,43,21000.0,B,2026-08-20,,2+kk,False,False,False,False,False,False,False,False,False
1058132044,Praha 3,Žižkov,Praha 3,51,29000.0,A,2026-08-04,,2+kk,False,False,False,False,False,False,False,False,False
1058852940,Praha 4,Chodov,Praha 11,41,22000.0,A,2026-07-31,Ano,2+kk,False,False,False,False,False,False,False,False,False
1060356172,Praha 2,Nové Město,Praha 2,70,22000.0,A,2026-08-21,Ne,3+kk,False,False,False,True,False,False,False,False,False
1060425804,Praha 4,Podolí,,175,115000.0,A,2026-08-10,,4+kk,False,False,False,False,False,False,False,False,False
1060544588,Praha 5,Třebonice,Praha-Zličín,57,26990.0,A,2026-05-05,,2+kk,False,False,False,False,False,False,False,False,False
1061744716,Praha 10,Vinohrady,Praha 10,32,19500.0,A,2026-06-16,Ano,1+kk,False,False,True,False,False,False,False,False,False
1062457420,Praha 8,Střížkov,Praha 8,90,29500.0,B,2026-08-02,,3+kk,False,False,False,False,False,False,False,False,False
1062527052,Praha 9,Vysočany,Praha 9,36,20000.0,B,2026-07-21,,1+kk,False,False,False,False,False,False,False,False,False
1063113548,Praha 5,Stodůlky,Praha 13,68,,C,2025-09-25,,3+kk,False,False,True,False,False,False,False,False,False
1065537612,Praha 1,Nové Město,Praha 1,111,40500.0,B,2026-08-04,Ne,3+kk,False,False,False,False,False,False,False,False,False
1070973004,Praha 5,Smíchov,Praha 5,78,31000.0,A,2026-08-30,Ano,3+kk,False,False,False,False,False,False,False,False,False
1071960140,Praha 2,Vinohrady,Praha 2,46,,C,2026-08-11,Částečně,2+kk,False,False,False,False,False,False,False,False,False
1072611404,Praha 9,Prosek,Praha 9,61,21500.0,A,2026-08-18,,3+1,False,False,False,False,False,False,False,False,False
1074970700,Praha 7,Holešovice,Praha 7,36,21000.0,A,2026-08-24,Částečně,2+kk,False,False,False,False,False,False,False,False,False
1077071948,Praha 9,Prosek,Praha 9,99,,C,2026-08-03,Částečně,4+kk,False,False,False,False,False,False,False,False,False
1077133388,Praha 5,Smíchov,Praha 5,60,30000.0,A,2026-08-21,Ano,2+kk,False,False,False,False,False,False,False,False,False
1078124620,Praha 3,Žižkov,Praha 3,55,,C,2026-07-14,,2+kk,False,False,False,False,False,False,False,False,False
1085390924,Praha 3,Žižkov,Praha 3,72,,C,2026-08-25,,3+kk,False,False,False,False,False,False,False,False,False
1087688780,Praha 1,Nové Město,Praha 1,90,38900.0,B,2026-08-11,Částečně,3+kk,False,False,False,False,False,False,False,False,False
1088471116,Praha 8,Kobylisy,Praha 8,63,25000.0,B,2026-08-25,Ano,2+kk,False,False,False,False,False,False,False,False,False
1089913676,Praha 1,Nové Město,Praha 1,71,,C,2025-10-20,Částečně,2+1,False,False,False,False,False,False,False,False,False
1090175052,Praha 5,Smíchov,Praha 5,29,17000.0,A,2026-08-13,Částečně,1+kk,False,False,False,False,False,False,False,False,False
1090834508,Praha 5,Hlubočepy,Praha 5,40,27000.0,B,2026-08-10,,2+kk,False,False,False,False,False,False,False,False,False
1090895948,Praha 7,Holešovice,Praha 7,43,,C,2026-08-29,Ne,2+kk,False,False,False,False,False,False,False,False,False
1091870796,Praha 9,Prosek,Praha 9,55,25500.0,B,2026-05-07,Ano,2+kk,False,False,False,False,False,False,False,False,False
1092730956,Praha 6,Ruzyně,Praha 6,42,21000.0,A,2026-08-24,Ano,2+kk,False,False,False,False,False,False,False,False,False
1092788300,Praha 7,Holešovice,Praha 7,56,34100.0,B,2026-04-30,Ano,2+kk,False,False,False,False,False,False,False,False,False
1093058636,Praha 2,Vinohrady,Praha 2,110,57960.0,A,2026-08-27,Ano,3+kk,True,True,False,True,False,False,False,False,False
1094111308,Praha 3,Vinohrady,Praha 3,56,42721.35,B,2026-08-07,Ano,2+kk,False,False,False,False,False,False,False,False,False
1095221324,Praha 6,Ruzyně,Praha 6,41,,C,2026-08-26,,2+kk,False,False,False,False,False,False,False,False,False
1096138828,Praha 5,,,80,24000.0,A,2026-08-28,,3+1,False,False,False,False,False,False,False,False,False
1099087948,Praha 10,Dolní Měcholupy,Praha-Dolní Měcholupy,60,22990.0,A,2026-08-24,Ne,1+kk,True,False,False,False,False,False,False,False,False
1099731020,Praha 9,Hloubětín,Praha 9,35,,C,2026-05-17,Ne,1+kk,False,False,False,False,False,False,False,False,True
1099923532,Praha 10,Záběhlice,Praha 10,53,19900.0,B,2026-06-01,Částečně,2+1,False,False,False,False,False,False,False,False,False
1101054028,Praha 10,Vršovice,Praha 10,27,14800.0,A,2026-08-26,,1+kk,False,False,False,False,False,False,False,False,False
1104859212,Praha 10,,,73,,C,2026-07-23,Částečně,3+kk,False,False,False,False,False,False,False,False,False
1108262988,Praha 10,Strašnice,Praha 10,42,,C,2026-08-18,Částečně,1+kk,False,False,False,False,False,False,False,False,False
1110888524,Praha 9,Černý Most,Praha 14,72,21000.0,B,2026-08-07,Částečně,3+1,False,False,False,False,False,False,False,False,False
1110949964,Praha 7,Holešovice,Praha 7,101,45000.0,A,2026-08-26,Ne,4+kk,False,False,False,False,False,False,False,False,False
1111937100,Praha 3,Žižkov,Praha 3,96,38000.0,A,2026-08-07,Částečně,3+1,False,False,False,False,False,False,False,False,False
1112784972,Praha 5,Smíchov,Praha 5,80,30000.0,B,2026-08-21,,2+1,True,False,False,False,False,False,False,False,False
1112916044,Praha 5,Smíchov,Praha 5,101,,C,2026-08-28,,3+kk,False,True,False,True,False,False,False,False,False
1115471948,Praha 6,Bubeneč,Praha 6,41,26000.0,A,2026-08-19,,2+kk,False,False,False,False,False,False,False,False,False
1115722572,Praha 2,Nové Město,Praha 2,600,500000.0,B,2025-07-15,Ano,5+kk,False,False,False,False,True,True,True,False,False
1116454988,Praha 4,Hodkovičky,Praha 4,182,49000.0,B,2026-08-12,Ne,5+kk,False,False,False,False,False,False,False,False,False
1116979276,Praha 10,Vinohrady,Praha 10,144,69000.0,B,2026-08-22,Ano,3+1,True,False,False,False,False,False,False,False,False
1117294668,Praha 4,Chodov,Praha 11,46,24000.0,A,2026-05-12,Ne,2+kk,False,False,False,False,False,False,False,False,False
1118494796,Praha 9,Hloubětín,Praha 14,65,27000.0,B,2026-07-03,Ano,3+kk,False,False,False,False,False,False,False,False,False
1118883916,Praha 4,Nusle,Praha 4,71,31000.0,A,2026-08-05,,2+1,False,False,False,False,False,False,False,False,False
1121165388,Praha 8,Karlín,Praha 8,91,43000.0,A,2026-04-30,,3+kk,False,False,False,False,False,False,False,False,False
1123340364,Praha 9,Letňany,Praha 18,33,19900.0,A,2026-08-11,Ano,1+1,False,False,False,False,False,False,False,False,False
1124581452,Praha 3,Žižkov,Praha 3,120,60000.0,A,2026-08-26,Ano,4+kk,False,False,False,False,False,False,False,False,False
1125494860,Praha 9,Prosek,Praha 9,55,20900.0,A,2026-04-20,Částečně,1+1,False,False,False,False,False,False,False,False,False
1127997516,Praha 3,Žižkov,Praha 3,67,,C,2026-07-02,Částečně,2+1,False,False,False,False,False,False,False,False,False
1128587340,Praha 9,Černý Most,Praha 14,46,,C,2026-07-21,Ano,2+kk,False,False,False,False,False,False,False,False,False
1128890444,Praha 5,Hlubočepy,Praha 5,64,,C,2026-05-28,,2+kk,False,False,False,False,False,False,False,False,False
1130938444,Praha 1,Staré Město,Praha 1,138,29000.0,A,2026-08-14,,3+kk,False,False,False,False,False,False,False,False,False
1135132748,Praha 4,Nusle,Praha 4,74,,C,2026-08-16,Částečně,3+kk,False,False,False,False,False,False,False,False,False
1135145036,Praha 2,Vinohrady,Praha 2,100,,C,2026-06-16,,3+1,False,False,False,False,False,False,False,False,False
1135329356,Praha 9,Prosek,Praha 9,67,25700.0,B,2026-08-12,Ne,3+1,False,False,False,False,False,False,False,False,False
1135460428,Praha 8,Libeň,Praha 8,47,,C,2026-08-19,Částečně,2+kk,False,False,False,False,False,False,False,False,False
1135657036,Praha 8,Libeň,Praha 8,80,27000.0,A,2026-08-26,Ne,2+kk,False,False,False,False,False,False,False,False,False
1135722572,Praha 5,Smíchov,Praha 5,55,33000.0,B,2026-08-25,Ano,2+kk,False,False,False,False,False,False,False,False,False
1135997004,Praha 10,Vršovice,,49,,C,2026-06-30,Ne,2+kk,False,False,False,False,True,False,False,False,False
1138348108,Praha 4,Michle,Praha 4,76,,C,2026-07-25,Ne,2+1,False,False,False,False,False,False,False,False,False
1138721356,Praha 1,Nové Město,Praha 1,78,,C,2024-09-10,Ano,3+kk,False,False,False,False,False,False,False,False,False
1140125772,Praha 2,Vinohrady,Praha 2,138,,C,2026-07-01,Ano,3+kk,False,True,False,True,False,False,False,False,False
1143546700,Praha 1,Josefov,Praha 1,197,120000.0,B,2025-11-13,Ne,5+1,False,False,False,False,False,False,False,False,False
1145237580,Praha 3,Vinohrady,Praha 3,50,,C,2026-06-23,Ne,2+kk,False,False,False,False,False,False,False,False,False
1150509900,Praha 10,Strašnice,Praha 10,30,23000.0,A,2026-02-20,Ano,1+kk,False,False,False,False,False,False,False,False,False
1153101900,Praha 1,Nové Město,Praha 1,122,,C,2026-06-15,Ano,4+kk,False,False,False,False,False,False,False,False,False
1154478156,Praha 9,Vysočany,Praha 9,33,16990.0,B,2026-06-17,Částečně,1+kk,False,False,False,False,False,False,False,False,False
1154601036,Praha 6,Břevnov,Praha 6,42,,C,2026-08-04,Částečně,2+kk,False,False,False,False,False,False,False,False,False
1154662476,Praha 10,,,25,,C,2026-08-24,,1+kk,False,False,False,False,False,False,False,False,False
1156968524,Praha 4,Nusle,Praha 4,50,,C,2026-06-30,Ne,2+kk,False,False,False,False,False,False,False,False,False
1158922316,Praha 1,Staré Město,Praha 1,68,40000.0,A,2026-08-21,,3+kk,False,False,False,False,False,False,False,False,False
1159450700,Praha 7,Bubeneč,Praha 7,37,19500.0,B,2026-07-22,Ne,1+kk,False,False,False,False,False,False,False,False,False
1161216076,Praha 5,Stodůlky,Praha 13,58,24000.0,B,2026-08-27,Ano,2+kk,False,False,False,False,False,False,False,False,False
1161708364,Praha 5,Stodůlky,Praha 13,92,,C,2026-03-23,Částečně,3+kk,False,False,False,False,False,False,False,False,False
1165017164,Praha 9,Hloubětín,Praha 14,47,20000.0,A,2026-08-25,Ano,2+kk,False,False,False,False,False,False,False,False,False
1165459532,Praha 10,Záběhlice,Praha 10,53,21000.0,B,2026-06-08,,2+kk,False,False,False,False,False,False,False,False,False
1166987340,Praha 9,Hloubětín,Praha 9,33,19000.0,A,2026-07-29,Ne,1+kk,False,False,False,False,False,False,False,False,False
1168420940,Praha 1,Nové Město,Praha 1,73,,C,2026-04-21,,2+1,False,True,False,False,False,False,False,False,False
1169801292,Praha 1,Josefov,Praha 1,146,72000.0,A,2026-08-14,Ano,4+kk,False,False,False,False,False,False,False,False,False
1171177548,Praha 2,Vinohrady,Praha 2,118,,C,2026-08-18,Ano,4+kk,False,False,False,False,True,False,False,False,False
1171509324,Praha 10,,,105,,C,2026-08-03,,3+1,False,False,False,False,False,False,False,False,False
1171701836,Praha 2,Nové Město,Praha 2,87,30000.0,A,2026-08-28,Ne,2+1,False,False,False,True,False,False,False,False,False
1173278796,Praha 10,Vršovice,Praha 10,75,35000.0,B,2026-07-29,Ne,3+kk,False,False,False,False,False,False,False,False,False
1174925388,Praha 6,Řepy,Praha 17,60,,C,2026-06-26,Ano,3+kk,False,False,False,False,False,False,False,False,False
1176748108,Praha 5,Řeporyje,Praha-Řeporyje,47,24500.0,A,2026-08-21,Částečně,2+kk,True,False,False,False,False,False,False,False,False
1177014348,Praha 10,Strašnice,Praha 10,68,22490.0,A,2026-08-06,Ne,3+1,True,False,False,False,False,False,False,False,False
1177469004,Praha 5,Stodůlky,Praha 13,54,25300.0,B,2026-08-18,Částečně,2+kk,False,False,False,False,False,False,False,False,False
1178714188,Praha 9,Vysočany,Praha 9,32,,C,2026-08-24,,1+kk,False,False,False,False,False,False,False,False,False
1181204556,Praha 10,Hostivař,Praha 15,26,,C,2026-08-26,Ano,1+kk,False,False,False,False,False,False,False,False,False
1181597772,Praha 6,Břevnov,Praha 6,52,,C,2026-08-18,Ano,2+1,False,False,False,False,False,False,False,False,False
1183961164,Praha 6,Bubeneč,Praha 6,62,25000.0,B,2026-08-05,Ne,2+1,False,False,False,False,False,False,False,False,False
1187110988,Praha 4,Podolí,Praha 4,71,,C,2026-07-15,Částečně,3+kk,False,False,False,False,False,False,False,False,False
1188737100,Praha 10,Dolní Měcholupy,Praha-Dolní Měcholupy,78,35000.0,A,2026-04-07,Ano,3+kk,False,False,False,False,False,False,False,False,False
1193320524,Praha 4,Nusle,Praha 4,28,15000.0,A,2026-05-04,Ano,1+kk,False,False,False,False,False,False,False,False,False
1195753548,Praha 6,Břevnov,Praha 6,50,21490.0,A,2026-08-28,Částečně,2+1,False,False,False,False,False,False,False,False,False
1198645836,Praha 2,Vinohrady,Praha 2,40,23000.0,A,2024-10-25,Ano,1+1,False,True,False,False,False,False,False,False,False
1201061964,Praha 10,Uhříněves,Praha 22,60,,C,2026-08-28,Ano,2+kk,False,False,False,False,False,False,False,False,False
1201721420,Praha 5,Stodůlky,Praha 13,71,24000.0,A,2026-08-05,Ne,3+kk,False,False,False,False,False,False,False,False,False
1203617868,Praha 4,Kamýk,Praha 12,35,,C,2026-08-19,,1+kk,False,False,False,False,False,False,False,False,False
1203860300,Praha 2,Nové Město,Praha 2,187,,C,2026-02-04,Ano,4+kk,True,True,False,True,True,False,False,False,False
1204785228,Praha 1,Staré Město,Praha 1,89,42500.0,A,2026-05-13,Ano,3+1,False,False,False,False,False,False,False,False,False
1205985356,Praha 1,Staré Město,Praha 1,151,83000.0,A,2026-07-15,Ne,4+1,False,False,False,False,False,False,False,False,False
1206251596,Praha 4,Nusle,Praha 4,53,,C,2026-06-30,Ne,2+kk,False,False,False,False,False,False,False,False,False
1206374476,Praha 6,Bubeneč,Praha 6,123,47000.0,B,2026-08-06,Ano,3+kk,False,False,False,False,False,False,False,False,False
1207881804,Praha 6,Břevnov,Praha 6,70,27500.0,A,2026-07-29,Částečně,3+kk,False,False,False,False,False,False,False,False,False
1209389132,Praha 4,Podolí,Praha 4,52,28400.0,A,2026-08-10,Ano,2+kk,False,False,False,False,False,False,False,False,False
1210040396,Praha 5,Radlice,Praha 5,52,21000.0,B,2026-08-17,Ano,2+kk,False,False,False,False,False,False,False,False,False
1210171468,Praha 4,Modřany,Praha 12,35,18500.0,A,2026-08-24,Ne,1+kk,False,False,False,False,False,False,False,False,False
1210499148,Praha 10,Horní Měcholupy,Praha 15,36,17000.0,A,2026-08-27,Částečně,1+kk,False,False,False,False,False,False,False,False,False
1212727372,Praha 10,Strašnice,Praha 10,75,,C,2026-08-14,Částečně,3+kk,False,False,False,False,False,False,False,False,False
1213190220,Praha 1,Josefov,Praha 1,184,69000.0,A,2026-07-27,Ano,4+1,False,False,False,False,False,False,False,False,False
1213915212,Praha 6,Ruzyně,Praha 6,51,23868.0,A,2026-07-02,,2+kk,False,False,False,False,False,False,False,False,False
1214169164,Praha 9,Prosek,Praha 9,72,35000.0,A,2026-08-18,,2+kk,False,False,False,False,False,False,False,False,False
1216004172,Praha 9,Vysočany,Praha 9,82,36000.0,A,2026-08-12,Ne,3+kk,False,False,False,False,False,False,False,False,False
1218363468,Praha 10,Michle,Praha 10,87,35000.0,B,2026-08-18,Částečně,3+kk,False,False,False,False,False,False,False,False,False
1218691148,Praha 7,Holešovice,Praha 7,85,53950.0,A,2026-08-21,,3+kk,False,False,False,False,False,False,False,False,False
1220255820,Praha 5,Smíchov,Praha 5,74,45000.0,A,2026-04-22,Ano,2+kk,False,False,False,False,False,False,False,False,False
1221378124,Praha 4,Krč,Praha 4,55,27000.0,A,2026-08-20,Částečně,2+kk,False,False,False,False,False,False,False,False,False
1223737420,Praha 10,Strašnice,Praha 10,42,18000.0,A,2026-08-25,,2+kk,False,False,False,False,False,False,False,False,False
1225637964,Praha 4,Nusle,Praha 4,86,,C,2026-08-19,,3+kk,False,False,False,False,False,False,False,False,False
1226219596,Praha 2,Nové Město,Praha 2,40,24990.0,B,2026-05-05,Částečně,2+kk,False,True,False,False,False,False,False,False,False
1226997836,Praha 2,Vinohrady,Praha 2,190,95000.0,A,2026-06-04,Ne,5+1,False,False,False,False,False,False,False,False,False
1229373516,Praha 5,Smíchov,Praha 5,30,22250.0,B,2026-08-27,Ano,1+kk,True,False,False,False,False,False,False,False,False
1229963340,Praha 5,Smíchov,Praha 5,45,18500.0,A,2026-08-17,,1+1,False,False,False,False,False,False,False,False,False
1231867980,Praha 5,Hlubočepy,Praha 5,68,25990.0,A,2026-07-30,Ano,3+1,False,False,False,False,False,False,False,False,False
1232126028,Praha 7,Holešovice,Praha 7,76,32000.0,A,2026-08-25,Ne,3+kk,False,False,False,False,False,False,False,False,False
1232982092,Praha 1,Nové Město,Praha 1,65,26901.0,B,2026-07-29,Ano,2+kk,True,False,False,False,False,False,False,False,False
1236435020,Praha 9,Vysočany,Praha 9,53,,C,2026-06-05,Ano,2+kk,False,False,False,False,False,False,False,False,False
1236922444,Praha 4,Chodov,Praha 11,31,23500.0,A,2026-06-15,Částečně,1+kk,False,False,False,False,False,False,False,False,False
1241305164,Praha 9,Letňany,Praha 18,28,,C,2026-07-31,Částečně,1+kk,False,False,False,False,False,False,False,False,False
1241690188,Praha 3,Vinohrady,Praha 3,260,,C,2026-04-15,,4+kk,False,False,False,False,True,False,False,False,False
1241903180,Praha 1,Nové Město,Praha 1,76,38640.0,B,2026-06-30,Ano,3+kk,False,False,False,False,False,False,False,False,False
1243177804,Praha 8,Čimice,Praha 8,30,14000.0,B,2026-02-13,Ano,unknown,False,False,False,True,False,False,False,False,False
1244774476,Praha 4,Háje,Praha 11,75,28000.0,A,2026-08-24,,3+1,False,False,False,True,False,False,False,False,False
1246089292,Praha 5,Hlubočepy,Praha 5,52,21900.0,B,2026-08-09,,2+kk,True,False,False,False,False,False,False,False,False
1249230924,Praha 10,Vršovice,Praha 10,80,,C,2026-08-28,,3+1,False,False,False,False,False,False,False,False,False
1250811980,Praha 8,Libeň,Praha 8,80,28000.0,A,2026-07-10,Ne,3+1,False,False,False,False,False,False,False,False,False
1251397708,Praha 10,Záběhlice,Praha 10,55,19000.0,B,2026-08-09,,2+1,False,False,False,False,False,False,False,False,False
1252114508,Praha 10,Horní Měcholupy,Praha 15,43,17000.0,A,2026-08-25,Částečně,2+kk,False,False,False,False,False,False,False,False,False
1253425228,Praha 7,Praha 7,Praha 7,45,,C,2026-08-30,,2+kk,False,False,False,False,False,False,False,False,False
1254342732,Praha 10,Štěrboholy,Praha-Štěrboholy,149,,C,2026-08-21,,3+1,False,False,False,False,False,False,False,True,False
1255371340,Praha 9,Vysočany,Praha 9,20,,C,2025-03-22,,1+kk,False,False,False,False,False,False,False,False,False
1256308812,Praha 6,Suchdol,Praha-Suchdol,60,25000.0,A,2026-08-24,,2+kk,False,False,False,True,False,False,False,False,False
1257230412,Praha 4,Kamýk,Praha 12,42,20900.0,B,2026-07-28,Ano,2+kk,False,False,False,False,False,False,False,False,False
1261158476,Praha 3,Žižkov,Praha 3,34,20900.0,A,2026-08-11,Ano,1+kk,False,False,False,False,False,False,False,False,True
1261621324,Praha 5,Stodůlky,Praha 13,43,17500.0,A,2026-08-03,Ne,2+kk,False,False,False,False,False,False,False,False,False
1263259724,Praha 6,Bubeneč,Praha 6,152,75000.0,B,2026-07-22,Ne,4+kk,False,False,False,False,False,False,False,False,True
1263587404,Praha 9,Černý Most,Praha 14,31,15900.0,B,2026-08-05,Ne,1+kk,False,False,False,False,False,False,False,False,False
1265225804,Praha 5,Smíchov,Praha 5,101,,C,2026-07-24,,3+kk,False,True,False,True,False,False,False,False,False
1266016332,Praha 5,Smíchov,Praha 5,250,,C,2026-07-20,Částečně,4+kk,False,False,False,False,False,False,False,False,False
1266077772,Praha 2,Nové Město,Praha 2,58,29000.0,A,2026-08-07,Ne,2+kk,True,False,False,False,False,False,False,False,False
1267843148,Praha 2,Vinohrady,Praha 2,89,43000.0,B,2026-08-25,,3+1,False,False,False,True,False,False,False,False,False
1268760652,Praha 4,Písnice,Praha-Libuš,88,,C,2026-08-18,,3+kk,False,False,False,False,False,False,False,False,False
1270800460,Praha 10,Strašnice,Praha 10,101,42500.0,B,2026-07-09,Částečně,4+kk,False,False,False,False,False,False,False,False,False
1271189580,Praha 10,Dolní Měcholupy,Praha-Dolní Měcholupy,43,22500.0,A,2026-08-11,,2+kk,False,False,False,False,False,False,False,False,False
1272217676,Praha 9,Libeň,Praha 9,26,,C,2026-06-11,,1+kk,False,False,False,False,False,False,False,False,False
1272434764,Praha 4,Krč,Praha 4,67,,C,2026-08-06,,3+kk,False,False,False,False,False,False,False,False,False
1272889420,Praha 10,Hostivař,Praha 15,25,13500.0,A,2026-08-18,Ano,1+kk,False,False,False,False,False,False,False,False,False
1273937996,Praha 9,Černý Most,Praha 14,77,27000.0,A,2026-08-18,Částečně,3+kk,False,False,False,False,False,False,False,False,False
1274134604,Praha 3,Žižkov,Praha 3,45,22000.0,B,2026-08-25,Částečně,2+kk,True,False,False,False,False,False,False,False,False
1274855500,Praha 7,Holešovice,Praha 7,70,,C,2026-08-20,,3+1,False,False,False,True,False,False,False,False,False
1275453516,Praha 2,Vinohrady,Praha 2,54,34000.0,B,2026-07-20,Ano,2+kk,False,False,False,False,False,False,False,False,True
1275777100,Praha 1,Nové Město,Praha 1,34,27500.0,A,2026-07-23,Ano,2+kk,False,False,True,False,False,False,False,False,False
1276362828,Praha 4,Chodov,Praha 11,33,18500.0,A,2026-08-21,Ano,1+kk,False,False,False,False,False,False,False,False,False
1276432460,Praha 8,Karlín,Praha 8,34,20900.0,A,2026-08-10,Ano,1+kk,False,False,False,False,False,False,False,False,False
1276674124,Praha 1,Malá Strana,Praha 1,72,,C,2026-05-29,Ano,2+kk,False,True,True,False,True,False,False,False,False
1276891212,Praha 6,Břevnov,Praha 6,47,21990.0,B,2026-07-22,Částečně,2+kk,True,False,False,False,False,False,False,False,False
1277616204,Praha 4,Michle,Praha 4,67,26000.0,B,2026-07-19,Ne,2+kk,False,False,False,False,False,False,False,False,False
1279049804,Praha 10,Horní Měcholupy,Praha 15,54,22000.0,A,2026-08-20,,2+kk,False,False,False,False,False,False,False,False,False
1279377484,Praha 1,Nové Město,Praha 1,123,,C,2026-08-24,Ano,3+1,False,True,False,True,False,False,False,False,False
1279705164,Praha 6,Dejvice,Praha 6,50,,C,2026-08-27,,2+kk,False,False,False,False,False,False,False,False,False
1282396236,Praha 1,Nové Město,Praha 1,123,55563.0,B,2026-07-27,Ano,4+kk,False,False,False,False,False,False,False,False,False
1282654284,Praha 8,Bohnice,Praha 8,72,22990.0,A,2026-08-21,Ne,3+kk,False,False,False,False,False,False,False,False,False
1286324300,Praha 2,Vinohrady,Praha 2,54,33000.0,B,2026-08-12,Ano,2+kk,False,False,False,False,False,False,False,False,False
1286529100,Praha 6,Vokovice,Praha 6,135,43000.0,A,2026-07-09,Částečně,3+kk,False,False,False,False,False,False,False,False,False
1286918220,Praha 3,Vinohrady,Praha 3,56,,C,2026-08-11,Ne,2+kk,False,False,False,False,False,False,False,False,False
1287446604,Praha 4,Újezd u Průhonic,Praha-Újezd,48,19900.0,A,2026-07-13,,2+kk,False,False,False,False,False,False,False,False,False
1288101964,Praha 7,Holešovice,Praha 7,54,33650.0,A,2026-07-20,,2+1,True,False,False,True,False,False,False,False,False
1288814668,Praha 10,Strašnice,Praha 10,83,28000.0,B,2026-08-25,,3+kk,False,False,False,False,False,False,False,False,False
1289461836,Praha 2,Vinohrady,Praha 2,44,30000.0,A,2026-04-22,Ano,2+kk,False,False,False,False,False,False,False,False,False
1290109004,Praha 3,Vinohrady,Praha 3,65,,C,2026-06-10,Ano,3+kk,False,False,False,False,False,False,False,False,False
1291698252,Praha 1,,,52,25000.0,B,2026-08-19,,2+1,True,False,False,True,False,False,False,False,False
1292345420,Praha 6,Vokovice,Praha 6,56,24990.0,B,2026-05-05,Částečně,2+1,False,False,False,False,False,False,False,False,False
1293751116,Praha 3,Vinohrady,Praha 3,55,32000.0,A,2025-12-11,Ano,2+1,False,True,False,True,False,False,False,False,False
1294450764,Praha 5,Smíchov,Praha 5,68,27000.0,B,2026-08-26,Ano,2+kk,False,False,False,False,False,False,False,False,False
1294979148,Praha 10,Záběhlice,Praha 10,71,25000.0,B,2026-07-27,Ano,3+1,False,False,False,False,False,False,False,False,False
1295175756,Praha 9,Letňany,Praha 18,76,,C,2026-08-03,,3+kk,False,False,False,False,False,False,False,False,False
1296883788,Praha 5,Košíře,Praha 5,48,26900.0,A,2026-07-10,,2+kk,False,False,False,False,False,False,False,False,False
1297203276,Praha 5,Smíchov,Praha 5,25,18000.0,B,2026-08-24,Částečně,1+kk,False,False,False,False,False,False,False,False,False
1298064204,Praha 8,Karlín,Praha 8,35,19500.0,B,2025-09-05,Ano,1+kk,False,False,False,False,False,False,False,False,False
1299169356,Praha 5,Zbraslav,Praha-Zbraslav,47,18000.0,B,2026-08-17,Částečně,1+1,False,False,False,False,False,False,False,False,False
1299365964,Praha 10,Dolní Měcholupy,Praha-Dolní Měcholupy,52,21000.0,B,2026-08-23,Ano,2+kk,False,False,False,False,False,False,False,False,False
1299632204,Praha 1,Staré Město,Praha 1,38,26000.0,B,2026-08-07,Ne,2+kk,True,True,False,False,False,False,False,False,False
1300480076,Praha 5,Stodůlky,Praha 13,78,26000.0,B,2026-08-22,,3+kk,False,False,False,False,False,False,False,False,False
1300556892,Praha 7,Holešovice,Praha 7,15,55599,B,2020-10-27,Ano,1+kk,True,False,True,False,True,False,False,False,False
1301274700,Praha 10,,,36,19900.0,B,2026-07-08,Ano,1+kk,False,False,False,False,False,False,False,False,False
1304150092,Praha 5,Smíchov,Praha 5,32,20000.0,B,2026-08-12,Ano,1+1,False,False,False,False,False,False,False,False,False
1306116172,Praha 3,Vinohrady,Praha 3,43,24900.0,A,2026-08-14,Ano,1+1,True,False,False,False,False,False,False,False,False
1306443852,Praha 6,Břevnov,Praha 6,55,24000.0,B,2026-08-18,Ano,2+1,False,False,False,False,False,False,False,False,False
1306710092,Praha 5,Stodůlky,Praha 13,66,27500.0,B,2026-08-03,Částečně,2+kk,False,False,False,False,False,False,False,False,False
1309139020,Praha 5,Smíchov,Praha 5,29,20490.0,A,2026-07-17,Ano,1+kk,True,False,False,False,False,False,False,False,False
1313132620,Praha 8,Kobylisy,Praha 8,82,31900.0,B,2026-08-10,Ne,3+kk,True,False,False,False,False,False,False,False,False
1314792268,Praha 9,Vysočany,Praha 9,61,30000.0,B,2025-11-18,,3+kk,False,False,False,False,False,False,False,False,False
1315946572,Praha 7,Holešovice,Praha 7,54,,C,2026-08-17,,2+kk,False,False,False,False,False,False,False,False,True
1316536396,Praha 8,Bohnice,Praha 8,70,25000.0,A,2026-08-14,Ne,3+1,False,False,False,False,False,False,False,False,False
1317572684,Praha 2,Vinohrady,Praha 2,81,,C,2026-05-12,Ne,2+1,False,False,False,False,False,False,False,False,False
1318379596,Praha 2,Nové Město,Praha 2,31,23500.0,A,2026-07-22,Ne,1+kk,True,False,False,False,True,False,False,False,False
1322496076,Praha 2,Nové Město,Praha 2,96,44000.0,B,2026-04-14,,3+kk,False,False,False,False,False,False,False,False,False
1323294796,Praha 2,Vinohrady,Praha 2,41,,C,2026-07-08,,1+kk,False,False,False,False,False,False,False,False,False
1323548748,Praha 4,Nusle,Praha 4,50,21000.0,A,2026-08-21,Ne,2+kk,False,False,False,False,False,False,False,False,False
1323814988,Praha 6,Břevnov,Praha 6,65,,C,2026-08-06,,2+1,False,False,False,False,False,False,False,False,False
1324146764,Praha 4,Michle,Praha 4,111,50000.0,A,2026-07-12,,3+kk,False,False,False,False,False,False,False,False,False
1324716108,Praha 4,Nusle,Praha 4,53,,C,2026-05-25,Ne,2+kk,False,False,False,False,False,False,False,False,False
1324732492,Praha 7,Holešovice,Praha 7,71,37000.0,A,2026-08-10,Částečně,2+kk,False,False,False,False,False,False,False,False,False
1324793932,Praha 9,Prosek,Praha 9,50,,C,2026-08-28,Ano,2+kk,False,False,False,False,False,False,False,False,False
1325645900,Praha 1,Nové Město,Praha 1,116,,C,2026-08-21,Ano,3+kk,True,False,False,False,False,False,False,False,False
1328894796,Praha 9,Vysočany,Praha 9,67,28700.0,B,2026-03-16,Částečně,2+kk,True,False,False,False,False,False,False,False,False
1329119308,Praha 5,Smíchov,Praha 5,62,35742.0,B,2026-08-15,Ano,2+kk,False,False,False,False,False,False,False,False,False
1330102348,Praha 4,Nusle,Praha 4,36,27600.0,A,2026-08-26,Ano,2+kk,True,False,False,False,False,False,False,False,False
1331609676,Praha 2,Vinohrady,Praha 2,142,69000.0,B,2026-08-18,Ne,6+,False,False,False,False,False,False,False,False,False
1332342860,Praha 5,Stodůlky,Praha 13,50,,C,2026-06-15,Částečně,2+kk,False,False,False,False,False,False,False,False,False
1333383244,Praha 3,Žižkov,Praha 3,56,27500.0,A,2026-07-24,Ano,2+kk,False,False,False,False,False,False,False,False,False
1336070220,Praha 5,Košíře,Praha 5,97,45000.0,B,2026-08-04,Ano,4+kk,False,False,False,False,False,False,False,False,False
1336131660,Praha 10,Hostivař,Praha 15,46,20000.0,A,2026-08-21,Částečně,2+kk,True,False,False,False,False,False,False,False,False
1338933324,Praha 6,Bubeneč,Praha 6,49,25000.0,B,2026-06-01,Částečně,2+1,False,False,False,False,False,False,False,False,False
1339347020,Praha 5,Hlubočepy,Praha 5,89,37500.0,B,2026-08-11,,3+kk,False,False,False,False,False,False,False,False,False
1341177932,Praha 5,Košíře,Praha 5,30,17000.0,A,2026-08-25,,1+kk,False,False,False,False,False,False,False,False,False
1342033996,Praha 8,Libeň,Praha 8,39,,C,2026-07-30,,2+kk,False,False,False,False,False,False,False,False,False
1342234700,Praha 9,Střížkov,Praha 9,49,22000.0,A,2026-07-16,Částečně,2+kk,False,False,False,False,False,False,False,False,False
1342500940,Praha 6,Veleslavín,Praha 6,46,,C,2026-07-01,Částečně,2+kk,False,False,False,False,False,False,False,False,False
1342562380,Praha 5,Hlubočepy,Praha 5,45,,C,2026-07-20,Částečně,2+kk,False,False,False,False,False,False,False,False,False
1343882060,Praha 2,,,41,,C,2026-01-05,Částečně,1+kk,False,False,False,False,False,False,False,False,False
1346732108,Praha 4,Podolí,Praha 4,58,29500.0,A,2026-06-10,Ano,2+kk,True,False,False,False,False,False,False,False,False
1347612748,Praha 2,Nové Město,Praha 2,38,32000.0,A,2026-06-23,Ano,1+kk,False,True,False,False,True,False,False,False,False
1348456524,Praha 3,Vinohrady,Praha 3,54,41707.049999999996,B,2026-07-27,Ne,2+kk,True,False,False,False,False,False,False,False,False
1348644940,Praha 4,Modřany,Praha 12,77,,C,2026-04-14,,3+kk,False,False,False,False,False,False,False,False,False
1349042252,Praha 3,Vinohrady,Praha 3,108,61900.0,B,2026-08-14,Ne,3+kk,False,False,False,False,False,False,False,False,False
1349566540,Praha 9,Kbely,Praha 19,57,21000.0,A,2026-08-25,Částečně,2+kk,False,False,False,False,False,False,False,False,False
1350156364,Praha 2,Vinohrady,Praha 2,71,30000.0,A,2026-08-13,,3+kk,False,False,False,False,False,False,False,False,False
1352843340,Praha 4,Nusle,Praha 4,66,25000.0,A,2026-08-24,,2+kk,False,False,False,False,False,False,False,False,False
1354088524,Praha 2,Vinohrady,Praha 2,41,22000.0,B,2026-08-30,Částečně,1+kk,False,False,False,False,False,False,False,False,False
1356251212,Praha 9,Satalice,Praha-Satalice,70,22000.0,A,2026-08-28,,3+1,False,False,False,False,False,False,False,False,False
1360842828,Praha 5,Stodůlky,Praha 13,89,,C,2026-07-31,Ano,3+1,False,False,False,False,False,False,False,False,False
1362944076,Praha 9,,,27,19000.0,B,2026-07-11,Ano,1+kk,False,False,False,False,False,False,False,False,False
1363447884,Praha 6,Střešovice,Praha 6,43,18600.0,B,2026-05-25,Částečně,2+1,False,False,False,False,False,False,False,False,False
1363464268,Praha 3,Vinohrady,Praha 3,54,,C,2026-08-10,Ne,2+kk,True,True,False,True,True,False,False,False,False
1367588940,Praha 5,Smíchov,Praha 5,36,19000.0,B,2026-08-22,,1+kk,False,False,False,False,False,False,False,False,False
1368506444,Praha 10,Vršovice,Praha 10,30,,C,2026-08-25,,1+kk,False,False,False,False,False,False,False,False,False
1370390604,Praha 9,Vysočany,Praha 9,45,17000.0,A,2026-06-01,Ne,1+1,False,False,False,False,False,False,False,False,False
1372962892,Praha 6,,,70,,C,2026-08-30,,2+kk,False,False,False,False,False,False,False,False,False
1374736460,Praha 5,Smíchov,Praha 5,48,,C,2026-08-05,Ano,2+kk,False,False,False,False,False,False,False,False,False
1375518796,Praha 6,Dejvice,Praha 6,150,69000.0,B,2026-08-20,Ne,4+1,False,False,False,False,False,False,False,False,False
1377927244,Praha 1,Nové Město,Praha 1,92,,C,2026-06-05,Ne,3+kk,False,False,False,False,False,False,False,False,False
1379192908,Praha 5,Stodůlky,Praha 13,56,,C,2026-08-10,Ano,2+kk,False,False,False,False,False,False,False,False,False
1380171852,Praha 5,Malá Strana,Praha 5,73,36000.0,B,2026-08-21,Ano,2+kk,True,False,True,False,False,False,False,False,False
1380586060,Praha 1,Nové Město,Praha 1,116,85000.0,B,2025-02-05,Ne,3+1,False,False,False,False,False,False,False,False,False
1380733772,Praha 1,Nové Město,Praha 1,126,,C,2026-03-09,Ano,3+kk,False,False,False,False,False,False,False,False,False
1381163084,Praha 9,Vysočany,Praha 9,42,23000.0,B,2026-07-14,Ne,2+kk,False,False,False,False,False,False,False,False,False
1381810252,Praha 9,,,75,28000.0,B,2026-08-20,Ano,2+1,False,False,False,False,False,False,False,False,False
1382006860,Praha 7,Holešovice,Praha 7,74,39000.0,B,2026-08-17,Ano,2+kk,False,False,False,False,False,False,False,False,False
1382465612,Praha 10,Strašnice,Praha 10,31,18900.0,B,2026-08-27,Ne,1+kk,False,False,False,False,False,False,False,False,False
1383972940,Praha 4,Michle,Praha 4,73,29500.0,A,2026-08-18,,3+kk,False,False,False,False,False,False,False,False,False
1386332236,Praha 5,Motol,Praha 5,68,25000.0,A,2026-08-25,Ne,2+kk,False,False,False,False,False,False,False,False,False
1386598476,Praha 4,Háje,Praha 11,70,23490.0,A,2026-08-10,Ne,3+kk,True,False,False,False,False,False,False,False,False
1386844236,Praha 1,Staré Město,Praha 1,154,,C,2026-05-12,Ano,4+1,False,True,False,False,False,False,False,False,False
1387786316,Praha 4,Krč,Praha 4,38,16880.0,B,2026-06-27,Ano,1+1,False,False,False,False,False,False,False,False,False
1388053068,Praha 1,Malá Strana,Praha 1,187,,C,2025-03-04,Částečně,4+1,False,False,False,False,False,False,False,False,False
1389412428,Praha 10,Malešice,Praha 10,73,28490.0,A,2026-08-26,Ne,3+1,True,False,False,False,False,False,False,False,False
1392754764,Praha 4,Michle,Praha 4,30,18900.0,A,2026-08-21,Ano,1+kk,False,False,False,False,False,False,False,False,False
1392885836,Praha 9,Čakovice,Praha-Čakovice,33,17000.0,A,2026-08-29,,1+kk,False,False,False,False,False,False,False,False,False
1394393164,Praha 9,Prosek,Praha 9,35,21500.0,B,2026-08-20,Ano,1+kk,False,False,False,False,False,False,False,False,False
1394856012,Praha 3,Žižkov,Praha 3,95,56990.0,A,2026-08-02,Ano,3+kk,False,False,False,False,False,False,False,False,False
1395048524,Praha 10,Horní Měcholupy,Praha 15,44,,C,2026-08-27,Částečně,2+kk,False,False,False,False,False,False,False,False,False
1396424780,Praha 8,Kobylisy,Praha 8,37,18000.0,B,2026-08-11,,1+1,False,False,False,False,False,False,False,False,False
1396494412,Praha 9,Vinoř,Praha-Vinoř,86,25000.0,B,2026-07-31,Částečně,4+1,False,False,False,False,False,False,False,False,False
1396953676,Praha 9,Vysočany,Praha 9,58,,C,2024-11-13,Ano,2+kk,False,False,False,True,False,False,False,False,False
1398128716,Praha 4,Nusle,Praha 4,111,59500.0,B,2026-08-28,Ne,4+kk,False,False,False,False,False,False,False,False,False
1398263884,Praha 5,Smíchov,Praha 5,49,20000.0,A,2026-08-06,Ne,1+1,False,False,False,False,False,False,False,False,False
1401221196,Praha 2,Vinohrady,Praha 2,53,33000.0,B,2026-07-01,Ano,2+kk,False,False,False,False,False,False,False,False,False
1401405516,Praha 10,Horní Měcholupy,Praha 15,31,16900.0,A,2026-08-27,,1+kk,False,False,False,False,False,False,False,False,False
1402110028,Praha 5,Smíchov,Praha 5,34,18500.0,A,2026-06-05,Částečně,1+1,False,False,False,False,False,False,False,False,False
1402912844,Praha 9,Hloubětín,Praha 14,29,,C,2026-08-18,Částečně,1+kk,False,False,False,False,False,False,False,False,False
1408893772,Praha 1,Malá Strana,Praha 1,178,,C,2026-01-05,Částečně,4+1,False,False,False,False,False,False,False,False,False
1410764876,Praha 4,Braník,Praha 4,120,42000.0,A,2026-05-22,Částečně,3+1,False,False,False,False,False,False,False,False,False
1411829836,Praha 4,Újezd u Průhonic,Praha-Újezd,78,29000.0,A,2026-08-07,,3+1,False,False,False,False,False,False,False,False,False
1411887180,Praha 3,Žižkov,Praha 3,116,52000.0,A,2026-04-17,Ano,4+kk,False,False,False,False,False,False,False,False,False
1412481100,Praha 3,Žižkov,Praha 3,70,35000.0,A,2026-08-25,Ano,3+1,False,False,False,False,False,False,False,False,False
1413398604,Praha 3,Žižkov,Praha 3,60,26900.0,A,2026-08-18,,3+kk,False,False,False,False,False,False,False,False,False
1413857356,Praha 4,Nusle,Praha 4,45,26900.0,B,2026-08-28,,2+kk,False,False,False,False,False,False,False,False,False
1414447180,Praha 3,Žižkov,Praha 3,50,25000.0,B,2026-08-18,Ano,1+1,False,False,False,False,False,False,False,False,False
1414778956,Praha 10,Štěrboholy,Praha-Štěrboholy,139,,C,2026-08-02,,3+kk,False,False,False,False,False,False,False,False,False
1415172172,Praha 2,Vinohrady,Praha 2,56,39000.0,B,2026-07-24,Ano,2+kk,False,False,False,False,False,False,False,False,False
1416020044,Praha 10,Vršovice,Praha 10,57,22000.0,B,2026-08-27,Částečně,2+kk,False,False,False,False,False,False,False,False,False
1416413260,Praha 9,Vysočany,Praha 9,50,25400.0,B,2026-08-19,Částečně,2+kk,False,False,False,False,False,False,False,False,False
1416527948,Praha 9,Vysočany,Praha 9,75,,C,2026-06-01,Ano,3+kk,False,False,False,True,False,False,False,False,False
1417134156,Praha 7,Holešovice,Praha 7,35,17500.0,B,2026-08-26,Částečně,1+1,False,False,False,False,False,False,False,False,False
1417662540,Praha 8,Karlín,Praha 8,35,26622.0,B,2026-07-27,Ano,2+kk,False,False,False,False,False,False,False,False,True
1419886668,Praha 4,Nusle,Praha 4,28,16000.0,B,2026-08-25,Částečně,1+kk,False,False,False,False,False,False,False,False,False
1421856844,Praha 5,Košíře,Praha 5,135,47500.0,B,2026-07-28,Ano,4+kk,False,False,False,False,False,False,False,False,False
1421926476,Praha 9,Vysočany,Praha 9,64,28990.0,B,2026-07-16,Částečně,3+kk,False,False,False,True,False,False,False,False,False
1422049356,Praha 4,Chodov,Praha 11,34,,C,2026-08-24,Částečně,1+kk,False,False,False,False,False,False,False,False,False
1422966860,Praha 5,Košíře,Praha 5,44,,C,2026-08-26,Ano,2+kk,False,False,False,False,False,False,False,False,False
1423159372,Praha 8,Praha 8,Praha 8,40,,C,2026-04-14,Ano,1+kk,False,False,False,False,False,False,False,False,False
1423896652,Praha 4,Lhotka,Praha 4,62,21490.0,A,2026-06-18,Ano,4+1,True,False,False,True,False,False,False,False,False
1425457228,Praha 9,Vysočany,Praha 9,82,31500.0,B,2026-08-28,,4+kk,False,False,False,False,False,False,False,False,False
1426112588,Praha 5,Stodůlky,Praha 13,45,20990.0,A,2026-08-25,Ano,2+kk,True,False,False,False,False,False,False,False,False
1426378828,Praha 3,Žižkov,Praha 3,37,20500.0,A,2026-08-10,Ne,1+kk,False,False,False,False,False,False,False,False,False
1426702412,Praha 9,Kyje,Praha 14,34,17900.0,A,2026-08-13,Částečně,1+1,False,False,False,False,False,False,False,False,False
1429069900,Praha 3,Žižkov,Praha 3,25,,C,2026-07-09,Ne,1+kk,False,False,False,False,False,False,False,False,False
1431355468,Praha 3,Žižkov,Praha 3,56,26000.0,A,2026-08-25,Částečně,2+kk,False,False,False,False,False,False,False,False,False
1435353164,Praha 5,Jinonice,Praha 5,25,13490.0,A,2026-08-19,Částečně,1+kk,False,False,False,False,False,False,False,False,False
1436926028,Praha 8,Karlín,Praha 8,35,22000.0,A,2026-08-30,Ano,2+kk,False,False,True,False,False,False,False,False,False
1437287244,Praha 2,Nové Město,Praha 2,105,,D,2026-03-18,Ano,3+1,False,False,False,False,False,True,False,False,False
1440202828,Praha 6,Břevnov,Praha 6,38,,C,2026-08-27,Ano,2+kk,False,False,False,False,False,False,False,False,False
1442889804,Praha 5,Zbraslav,Praha-Zbraslav,37,,C,2026-08-25,Částečně,2+kk,False,False,False,False,False,False,False,False,False
1443217484,Praha 5,Smíchov,Praha 5,42,17500.0,B,2026-08-29,Ano,1+kk,False,False,False,False,False,False,False,False,False
1444270156,Praha 3,Vinohrady,Praha 3,56,42721.35,B,2026-08-10,Ne,2+kk,True,False,False,False,False,False,False,False,False
1445417804,Praha 9,Vysočany,Praha 9,70,28200.0,B,2026-03-13,Částečně,2+kk,False,False,False,False,False,False,False,False,False
1446166604,Praha 6,Vokovice,Praha 6,69,,C,2026-08-23,,2+1,False,False,False,False,False,False,False,False,False
1446826060,Praha 9,Vysočany,Praha 9,57,26000.0,B,2026-07-31,Částečně,2+kk,False,False,False,False,False,False,False,False,False
1447129676,Praha 5,Košíře,Praha 5,53,28000.0,B,2025-03-24,,2+kk,False,False,False,False,False,False,False,False,True
1448857676,Praha 2,Nové Město,Praha 2,31,,C,2026-07-22,,1+kk,True,False,False,False,False,False,False,False,False
1450172492,Praha 6,Břevnov,Praha 6,24,,C,2026-07-07,Částečně,1+kk,False,False,False,False,False,False,False,False,False
1451405388,Praha 8,Libeň,Praha 8,87,48000.0,A,2026-04-15,,3+kk,False,False,False,False,False,False,False,False,False
1452326988,Praha 1,Nové Město,Praha 1,100,48000.0,A,2026-08-26,Ano,2+kk,False,False,False,False,False,False,False,False,False
1452769356,Praha 3,Žižkov,Praha 3,104,65000.0,B,2026-06-09,Částečně,4+kk,False,False,False,False,False,False,False,False,False
1453703244,Praha 8,Ďáblice,Praha-Ďáblice,80,,C,2026-08-30,,3+kk,False,False,False,False,False,False,False,False,True
1454755916,Praha 4,Modřany,Praha 12,53,23000.0,B,2026-08-10,Ano,2+kk,False,False,False,False,False,False,False,False,True
1455865932,Praha 6,Řepy,Praha 17,42,23900.0,B,2026-08-28,Částečně,2+kk,False,False,False,False,False,False,False,False,False
1458946124,unresolved,,,34,,C,2026-08-29,,2+kk,False,False,False,False,False,False,False,False,False
1459208268,Praha 8,Karlín,Praha 8,52,38000.0,A,2026-08-14,Ano,2+kk,False,False,False,False,True,False,False,False,False
1459343436,Praha 2,Nové Město,Praha 2,33,,C,2026-07-22,Ano,1+1,True,False,False,False,False,False,False,False,False
1459450700,Praha 1,Malá Strana,Praha 1,71,36600.0,B,2026-01-30,Ano,2+1,False,False,False,False,False,False,False,False,False
1460064332,Praha 2,Vinohrady,Praha 2,42,36317.0,A,2026-08-07,Ano,2+kk,True,False,False,False,True,False,False,False,False
1460457548,Praha 5,Malá Strana,Praha 5,98,40000.0,A,2026-07-31,,3+kk,True,False,False,False,False,False,False,False,False
1463205964,Praha 8,Libeň,Praha 8,14,12000.0,A,2026-08-27,Ano,unknown,False,False,False,True,False,False,False,False,False
1463599180,Praha 7,Holešovice,Praha 7,88,39000.0,A,2026-08-20,Ano,3+kk,False,False,False,False,False,False,False,False,False
1463808076,Praha 5,Zličín,Praha-Zličín,50,28000.0,B,2026-06-17,,2+kk,False,False,False,False,False,False,False,False,False
1464254540,Praha 5,Smíchov,Praha 5,64,23500.0,A,2026-08-27,Ano,2+kk,False,False,False,False,False,False,False,False,False
1465184332,Praha 9,Vysočany,Praha 9,56,,C,2026-06-30,,2+kk,False,False,False,False,False,False,False,False,False
1466028108,Praha 5,Hlubočepy,Praha 5,75,29900.0,A,2026-08-04,Ne,3+kk,False,False,False,False,False,False,False,False,False
1469481036,Praha 3,Žižkov,Praha 3,60,25000.0,A,2026-06-10,,2+kk,False,False,False,False,False,False,False,False,False
1469575244,Praha 2,Vinohrady,Praha 2,62,,C,2026-06-27,,1+1,False,False,False,False,False,False,False,False,False
1470575180,Praha 5,Smíchov,Praha 5,80,43000.0,B,2025-01-10,,4+kk,False,True,False,False,False,False,False,False,False
1475465292,Praha 9,Kbely,Praha 19,54,,C,2026-08-04,,2+kk,False,False,False,False,False,False,False,False,False
1476431948,Praha 10,Vršovice,Praha 10,53,29700.0,B,2026-05-20,Ne,2+kk,False,False,False,False,False,False,False,False,False
1476837452,Praha 5,Radotín,Praha 16,32,,C,2026-08-27,,1+kk,False,False,False,False,False,False,False,False,False
1477427276,Praha 7,Holešovice,Praha 7,28,,C,2026-08-17,,1+kk,False,False,False,False,False,False,False,False,False
1481752652,Praha 4,Nusle,Praha 4,51,20900.0,B,2026-08-24,Ne,2+kk,False,False,False,False,False,False,False,False,False
1482801228,Praha 8,Karlín,Praha 8,38,25000.0,A,2026-08-24,Ano,1+kk,False,False,False,False,False,False,False,False,False
1483128908,Praha 9,Hloubětín,Praha 14,50,24000.0,A,2026-08-27,Částečně,2+kk,False,False,False,False,False,False,False,False,False
1485422668,Praha 9,Kbely,Praha 19,54,24000.0,A,2026-08-14,Částečně,2+kk,False,False,False,False,False,False,False,False,False
1487323212,Praha 5,Stodůlky,Praha 13,70,20000.0,B,2026-08-28,Ano,2+1,False,False,False,False,False,False,False,False,False
1488180044,Praha 10,Záběhlice,Praha 10,130,50000.0,A,2025-09-29,Částečně,4+1,False,False,False,False,False,False,False,False,False
1490403404,Praha 5,Stodůlky,Praha-Řeporyje,34,20500.0,A,2026-08-30,,1+kk,False,False,False,False,False,False,False,False,False
1490911308,Praha 1,Staré Město,Praha 1,30,22900.0,B,2026-06-02,,1+1,False,False,False,False,True,False,False,False,False
1491124300,Praha 8,Bohnice,Praha 8,48,16700.0,B,2026-08-25,Ne,2+kk,False,False,False,False,False,False,False,False,False
1491813196,Praha 3,Vinohrady,Praha 3,137,104800.0,A,2026-03-18,Ano,4+kk,False,False,False,False,False,False,False,False,False
1494280540,Praha 7,Holešovice,Praha 7,16,33863,B,2022-03-18,Ano,unknown,True,False,True,True,False,False,False,False,False
1495396428,Praha 3,Žižkov,Praha 3,72,43000.0,A,2026-06-24,Ano,2+1,False,False,False,False,False,False,False,False,False
1497157708,Praha 5,Stodůlky,Praha 13,42,16900.0,B,2026-07-31,Ano,2+kk,False,False,False,False,False,False,False,False,False
1498660940,Praha 5,Zbraslav,Praha-Zbraslav,183,39000.0,B,2026-08-21,Ne,atypical,True,False,False,False,False,False,False,False,False
1499758668,Praha 9,Vysočany,Praha 9,58,31990.0,B,2026-06-11,Částečně,3+kk,False,False,False,False,False,False,False,False,False
1500717900,Praha 6,Břevnov,Praha 6,110,45000.0,A,2025-11-21,,3+kk,True,False,False,False,False,False,False,False,False
1501741132,Praha 7,Holešovice,Praha 7,43,26000.0,A,2026-08-24,Ne,2+kk,False,False,False,False,False,False,False,False,False
1503060044,Praha 9,Letňany,Praha 18,82,35000.0,A,2026-07-20,Ano,3+kk,False,False,False,False,False,False,False,False,False
1504821324,Praha 5,Hlubočepy,Praha 5,45,22000.0,A,2026-08-25,Ano,2+kk,False,False,False,False,False,False,False,False,False
1505161292,Praha 7,Bubeneč,Praha 7,40,23500.0,B,2026-06-29,Ano,2+kk,False,False,False,False,False,False,False,False,False
1506816844,Praha 2,Vinohrady,Praha 2,157,55000.0,A,2025-11-06,Ano,4+1,False,False,False,False,False,False,False,False,False
1509351500,Praha 10,Vršovice,Praha 10,57,23000.0,A,2026-07-20,,2+kk,False,False,False,False,False,False,False,False,False
1511776332,Praha 4,Krč,Praha 4,67,28000.0,B,2026-07-02,Ne,3+kk,False,False,False,True,False,False,False,False,False
1513275468,Praha 3,Strašnice,Praha 3,68,,C,2026-08-23,,2+kk,False,False,False,False,False,False,False,False,False
1513313100,Praha 1,Josefov,Praha 1,184,119000.0,A,2026-03-10,Ano,5+1,False,False,False,False,False,False,False,False,False
1513448012,Praha 4,Modřany,Praha 12,91,10150.0,A,2025-04-15,,unknown,False,False,False,True,False,True,False,False,False
1514840908,Praha 5,Smíchov,Praha 5,65,,C,2025-06-12,,2+kk,False,False,False,False,False,False,False,False,False
1516159052,Praha 1,Nové Město,Praha 1,102,,C,2026-08-18,Ano,3+kk,False,False,False,False,False,False,False,False,False
1516617804,Praha 10,Strašnice,Praha 10,67,25000.0,A,2026-08-28,Ano,2+1,False,False,False,True,False,False,False,False,False
1518764108,Praha 2,Vinohrady,Praha 2,55,25000.0,A,2026-06-10,Ano,2+kk,False,False,False,False,False,False,False,False,False
1521074252,Praha 2,Nové Město,Praha 2,69,24000.0,B,2026-08-14,,2+kk,False,False,False,False,False,False,False,False,False
1521340492,Praha 4,Nusle,Praha 4,66,,C,2026-07-30,Ne,3+kk,False,True,False,True,False,False,False,False,False
1523236940,Praha 4,Braník,Praha 4,175,65000.0,B,2026-08-13,Ne,4+kk,False,False,False,False,False,False,False,False,False
1523699788,Praha 6,,,35,,C,2026-08-04,Ano,1+1,False,False,False,False,False,False,False,False,False
1524617292,Praha 5,Smíchov,Praha 5,31,,C,2026-07-28,Ano,1+kk,False,False,False,False,False,False,False,False,False
1524686924,Praha 10,Vršovice,Praha 10,44,16200.0,A,2026-07-16,Částečně,2+kk,False,False,False,False,False,False,False,False,False
1524953164,Praha 5,Zbraslav,Praha-Zbraslav,183,,C,2026-07-01,Ne,atypical,True,False,False,False,False,False,False,False,False
1526190156,Praha 7,Holešovice,Praha 7,86,28000.0,A,2026-08-06,,2+1,False,False,False,False,False,False,False,False,False
1526255692,Praha 1,Vinohrady,,27,,C,2026-07-27,Částečně,1+kk,False,False,False,False,True,False,False,False,False
1526644812,Praha 4,Michle,Praha 4,90,34000.0,B,2026-08-18,Ano,3+kk,False,False,False,False,False,False,False,False,False
1526906956,Praha 10,Strašnice,Praha 10,39,19000.0,A,2026-08-24,Částečně,1+1,False,False,False,False,False,False,False,False,False
1527156812,Praha 2,Nové Město,Praha 2,108,58000.0,A,2026-05-22,Ano,3+1,False,False,False,False,False,False,False,False,False
1527496780,Praha 5,Stodůlky,Praha 13,43,19000.0,B,2026-08-11,Částečně,2+kk,False,False,False,False,False,False,False,False,False
1528033356,Praha 4,Podolí,Praha 4,55,,C,2026-06-22,,1+kk,False,False,False,False,False,False,False,False,False
1529901900,Praha 5,Malá Strana,Praha 5,98,40000.0,A,2026-02-05,Částečně,3+kk,True,False,False,False,False,False,False,False,False
1531756620,Praha 2,Vinohrady,Praha 2,100,35000.0,B,2026-08-20,Ne,3+kk,False,False,False,False,False,False,False,False,False
1531965516,Praha 1,Staré Město,Praha 1,108,,C,2026-06-17,Ano,3+kk,False,False,False,False,False,False,False,False,False
1533272140,Praha 5,Smíchov,Praha 5,43,23000.0,A,2026-07-13,,2+kk,False,False,False,False,False,False,False,False,False
1533591628,Praha 5,Hlubočepy,Praha 5,81,29000.0,B,2026-08-14,,3+kk,False,False,False,False,False,False,False,False,False
1533788236,Praha 3,Vinohrady,Praha 3,95,64954.0,B,2026-08-11,Ne,3+kk,False,False,False,False,False,False,False,False,False
1534189644,Praha 2,Vinohrady,Praha 2,62,,C,2026-07-15,Ano,2+kk,False,False,False,False,False,False,False,False,False
1535168588,Praha 1,Nové Město,Praha 1,37,28500.0,A,2026-08-06,Ano,2+kk,False,True,False,False,False,False,False,False,False
1535569996,Praha 5,Košíře,Praha 5,80,29000.0,B,2026-06-29,Ne,4+1,False,False,False,False,False,False,False,False,False
1537233740,Praha 10,Pitkovice,Praha 22,44,17900.0,B,2026-03-13,Částečně,1+kk,False,False,False,False,False,False,False,False,False
1538773068,Praha 1,Staré Město,Praha 1,39,25000.0,B,2026-08-07,Ne,2+kk,True,False,False,False,False,False,False,False,False
1539686476,Praha 4,Újezd u Průhonic,Praha-Újezd,70,23000.0,A,2026-08-30,Ne,2+1,False,False,False,False,False,False,False,False,False
1541390412,Praha 8,Libeň,Praha 8,117,,C,2026-08-17,Ano,3+kk,False,False,False,False,False,False,False,False,False
1541460044,Praha 1,Nové Město,,112,,C,2026-08-05,Ano,3+1,False,False,False,False,False,False,False,False,False
1543295052,Praha 4,Kamýk,Praha 12,45,22000.0,B,2026-07-31,Částečně,2+kk,False,False,False,False,False,False,False,False,False
1544061004,Praha 1,Josefov,Praha 1,138,86600.0,B,2026-05-29,Částečně,3+1,False,False,False,False,False,False,False,False,False
1545728076,Praha 4,Nusle,Praha 4,75,41000.0,B,2026-06-24,Ano,2+kk,False,False,False,False,False,False,False,False,False
1545834572,Praha 5,Košíře,Praha 5,40,,C,2026-05-18,,2+kk,True,False,False,False,False,False,False,False,False
1546227788,Praha 3,Žižkov,Praha 3,109,53000.0,B,2026-05-11,Ano,4+kk,True,False,False,False,False,False,False,False,False
1547096140,Praha 4,Komořany,Praha 12,78,,C,2026-08-07,,5+kk,True,False,False,True,False,False,False,False,False
1548144716,Praha 7,Holešovice,Praha 7,90,,C,2026-08-07,,3+1,False,False,False,False,False,False,False,False,False
1549258828,Praha 5,Zbraslav,Praha-Zbraslav,40,,C,2026-08-06,,2+1,False,False,False,False,False,False,False,False,False
1550336844,Praha 3,Vinohrady,Praha 3,118,103313.7,B,2026-03-20,Částečně,4+kk,False,False,False,False,False,False,False,False,False
1550446668,Praha 2,Vinohrady,Praha 2,204,145000.0,A,2026-06-15,Ne,5+1,True,False,False,False,True,False,False,False,False
1550762060,Praha 4,Krč,Praha 4,140,40000.0,B,2026-08-18,Ano,3+kk,False,False,False,False,False,False,False,False,False
1551852364,Praha 9,Vysočany,Praha 9,49,,C,2026-02-16,Ano,2+kk,True,False,False,True,False,False,False,False,False
1552072780,Praha 7,Holešovice,Praha 7,73,,C,2026-08-24,Částečně,2+1,False,False,False,False,False,False,False,False,False
1554628684,Praha 9,Hloubětín,Praha 9,86,,D,2026-08-14,Ano,3+kk,False,False,True,False,False,True,False,False,False
1557389388,Praha 7,Bubeneč,Praha 7,30,24000.0,B,2026-07-13,Ano,1+kk,False,False,False,False,False,False,False,False,False
1557643340,Praha 4,Nusle,Praha 4,61,40000.0,A,2026-08-27,Ano,2+kk,False,False,False,False,False,False,False,False,False
1559621708,Praha 9,Libeň,Praha 9,86,31500.0,B,2026-06-30,Částečně,2+kk,False,False,False,False,False,False,False,False,False
1560789068,Praha 4,Krč,Praha 4,66,22000.0,A,2026-08-26,,3+1,False,False,False,False,False,False,False,False,False
1561706572,Praha 8,Karlín,Praha 8,53,28500.0,A,2026-08-29,Ano,2+kk,False,False,False,False,False,False,False,False,False
1562624076,Praha 4,Záběhlice,Praha 4,83,32999.0,A,2026-08-21,Částečně,4+kk,False,False,False,False,False,False,False,False,False
1564917836,Praha 6,Břevnov,Praha 6,15,11000.0,A,2026-08-27,,1+kk,False,False,False,False,False,False,False,False,False
1568133196,Praha 6,Vokovice,Praha 6,47,26500.0,B,2026-08-06,Ne,2+kk,False,False,False,False,False,False,False,False,False
1569701964,Praha 5,Zličín,Praha-Zličín,54,24500.0,B,2026-08-17,Částečně,2+kk,False,False,False,False,False,False,False,False,False
1569775692,Praha 5,Hlubočepy,Praha 5,65,,C,2026-07-16,Ano,2+kk,False,False,False,False,False,False,False,False,False
1570226252,Praha 10,Vršovice,Praha 10,54,24900.0,B,2026-08-27,Ano,2+kk,False,False,False,False,False,False,False,False,False
1571536972,Praha 5,Motol,Praha 5,104,41500.0,B,2026-08-12,,4+kk,False,False,False,False,False,False,False,False,False
1571668044,Praha 3,Vinohrady,Praha 3,150,52000.0,A,2026-08-19,,5+kk,False,False,False,False,False,False,False,False,False
1573868364,Praha 2,Vinohrady,,139,,C,2026-03-05,Ano,3+kk,False,False,False,False,False,False,False,False,False
1574142028,Praha 1,Staré Město,Praha 1,90,37500.0,A,2026-06-04,Ano,3+1,False,False,False,False,False,False,False,False,False
1574355020,Praha 10,Vršovice,Praha 10,51,,C,2026-08-28,,2+kk,False,False,False,False,False,False,False,False,False
1577177164,Praha 5,Smíchov,Praha 5,50,18900.0,B,2026-08-04,Ne,2+kk,False,False,False,False,False,False,False,False,False
1580122188,Praha 6,Dejvice,Praha 6,67,,C,2026-08-18,Ne,2+kk,False,False,False,False,False,False,False,False,False
1580847180,Praha 4,Kunratice,Praha-Kunratice,68,,C,2026-07-24,Ano,3+kk,False,True,False,True,False,False,False,False,False
1581039692,Praha 7,Holešovice,Praha 7,34,20000.0,B,2026-08-20,Ne,1+kk,False,False,False,False,False,False,False,False,False
1581617740,Praha 1,Nové Město,Praha 1,79,41055.0,B,2024-09-03,Ano,3+kk,True,False,False,False,False,False,False,False,False
1583202380,Praha 4,Nusle,Praha 4,72,,C,2026-08-19,,2+kk,False,False,False,False,False,False,False,False,False
1583530060,Praha 6,Hradčany,Praha 6,36,23000.0,A,2026-08-22,Ano,2+kk,False,False,False,False,False,False,False,False,False
1584403276,Praha 2,Vinohrady,Praha 2,84,59000.0,B,2025-12-18,Ano,4+kk,False,False,False,False,False,False,False,False,False
1587642444,Praha 10,Petrovice,Praha-Petrovice,65,,C,2026-06-06,Ano,3+kk,False,False,False,False,False,False,False,False,False
1588969548,Praha 2,Vinohrady,Praha 2,50,,C,2026-08-30,,2+kk,False,False,False,False,False,False,False,False,False
1589559372,Praha 5,Košíře,Praha 5,62,28000.0,A,2026-08-18,Ne,2+kk,False,False,False,False,False,False,False,False,False
1589690444,Praha 10,Hostivař,Praha 15,39,19500.0,A,2026-08-25,Ne,1+1,False,False,False,False,False,False,False,False,False
1591132236,Praha 5,Smíchov,Praha 5,40,29000.0,B,2026-08-28,Ano,2+kk,False,False,False,False,False,False,False,False,False
1592586316,Praha 10,Praha 10,Praha 10,158,65000.0,A,2026-06-22,,4+kk,True,False,False,False,False,False,False,False,False
1597620300,Praha 7,Bubeneč,Praha 7,72,,C,2026-08-13,Ano,3+kk,False,False,False,False,False,False,False,False,False
1598406732,Praha 6,Liboc,Praha 6,101,42000.0,A,2026-08-28,Částečně,5+kk,False,False,False,False,False,False,False,False,False
1601351756,Praha 3,Žižkov,Praha 3,68,43400.0,A,2026-04-14,Ano,2+kk,False,False,False,False,False,False,False,False,False
1603788876,Praha 4,Michle,Praha 4,120,40000.0,B,2026-07-18,,4+kk,False,False,False,False,False,False,False,False,False
1604555340,Praha 1,Nové Město,Praha 1,79,41055.0,B,2024-08-27,Ano,3+kk,True,False,False,False,False,False,False,False,False
1607258188,Praha 6,Břevnov,Praha 6,27,,C,2026-07-31,,1+kk,True,False,False,False,False,False,False,False,False
1608241228,Praha 6,Dejvice,Praha 6,66,37000.0,A,2026-07-22,Ano,2+kk,False,False,False,False,False,False,False,False,False
1608773708,Praha 4,Záběhlice,Praha 4,55,19900.0,B,2026-06-22,Částečně,2+1,False,False,False,False,False,False,False,False,False
1610907724,Praha 4,Chodov,Praha 11,74,27990.0,A,2026-06-11,Ne,3+1,True,False,False,False,False,False,False,False,False
1611980876,Praha 5,Smíchov,Praha 5,50,17800.0,A,2026-07-21,Ano,2+1,False,False,False,False,False,False,False,False,True
1612800844,Praha 9,Hloubětín,Praha 14,42,19200.0,A,2026-02-23,,1+kk,False,False,False,False,False,False,False,False,False
1613353036,Praha 8,Troja,Praha 8,74,27800.0,A,2026-07-24,Ne,2+1,False,False,False,False,False,False,False,False,False
1616629836,Praha 10,Hostivař,Praha 15,43,,C,2026-07-22,Částečně,2+kk,False,False,False,False,False,False,False,False,False
1616834636,Praha 1,Josefov,Praha 1,224,135000.0,A,2026-06-18,Ne,5+1,False,False,True,False,False,False,False,False,False
1617281100,Praha 9,Kyje,Praha 14,47,23700.0,B,2026-08-28,Ano,2+kk,False,False,False,False,False,False,False,False,False
1618202700,Praha 10,Vršovice,Praha 10,18,,C,2026-08-01,Ano,unknown,False,False,False,True,True,False,False,False,False
1618468940,Praha 6,Vokovice,Praha 6,78,25000.0,A,2026-07-17,Částečně,3+1,False,False,False,False,False,False,False,False,False
1619424076,Praha 1,Nové Město,Praha 1,156,59900.0,B,2026-02-09,Ne,4+kk,False,False,False,False,False,False,False,False,False
1620684876,Praha 4,Krč,Praha 4,36,16000.0,A,2026-04-08,Částečně,1+1,False,False,False,False,False,False,False,False,False
1621344332,Praha 5,Radlice,Praha 5,81,43000.0,A,2026-08-21,Ne,3+kk,False,False,False,False,False,False,False,False,False
1623425100,Praha 9,Vysočany,Praha 9,160,27000.0,A,2026-06-04,,4+kk,False,False,False,False,False,False,False,False,False
1624363084,Praha 4,Krč,Praha 4,67,23800.0,A,2026-08-04,Ano,3+kk,False,False,False,True,False,False,False,False,False
1625014348,Praha 4,Háje,Praha 11,95,,C,2026-08-12,,4+1,False,False,False,True,False,False,False,False,False
1627836492,Praha 10,Hostivař,Praha 15,40,,C,2026-08-07,,2+kk,False,False,False,False,False,False,False,False,False
1628487756,Praha 1,Nové Město,Praha 1,26,,C,2026-08-25,Ano,1+kk,False,False,False,False,False,False,False,False,False
1629732940,Praha 10,Petrovice,Praha-Petrovice,68,22990.0,A,2026-08-21,Částečně,2+kk,True,False,False,False,False,False,False,False,False
1633140812,Praha 5,Smíchov,Praha 5,18,,C,2026-08-26,,unknown,False,False,False,True,False,False,False,False,False
1635029068,Praha 2,Vinohrady,Praha 2,82,,C,2026-05-25,,2+1,False,False,False,False,False,False,False,False,False
1635045452,Praha 1,Josefov,Praha 1,24,,C,2026-08-10,Ano,1+kk,False,False,False,False,False,False,False,False,False
1635242060,Praha 1,Staré Město,Praha 1,120,49000.0,A,2026-08-06,Ne,3+1,False,True,False,False,False,False,False,False,False
1635369036,Praha 9,Libeň,Praha 9,52,27500.0,A,2026-08-13,Ne,2+kk,False,False,False,False,False,False,False,False,False
1635893324,Praha 4,Nusle,Praha 4,51,22500.0,A,2026-08-25,,2+kk,False,False,False,False,False,False,False,False,False
1642430540,Praha 5,Smíchov,Praha 5,70,43470.0,B,2026-06-10,Ano,2+kk,False,False,True,False,False,False,False,False,False
1643102284,Praha 5,Řeporyje,Praha-Řeporyje,47,,C,2026-08-17,Ne,2+kk,False,False,False,False,False,False,False,False,False
1645592652,Praha 10,Hostivař,Praha 15,70,30000.0,B,2026-08-29,Ano,2+1,False,False,False,False,False,False,False,False,False
1647243340,Praha 3,Žižkov,Praha 3,109,,C,2026-06-18,Ano,4+kk,True,False,False,False,False,False,False,False,False
1650843724,Praha 5,Smíchov,Praha 5,68,35000.0,B,2026-07-20,Ne,1+1,False,False,False,False,False,False,False,False,False
1652219980,Praha 7,Holešovice,Praha 7,47,27500.0,B,2026-07-02,,2+kk,False,False,False,False,False,False,False,False,False
1652573516,Praha 1,Malá Strana,Praha 1,170,,C,2024-07-02,Částečně,4+1,True,True,False,True,False,False,False,False,False
1654177868,Praha 5,Smíchov,Praha 5,38,18900.0,B,2026-08-17,,2+kk,False,False,False,False,False,False,False,False,False
1655750732,Praha 6,Vokovice,Praha 6,70,,C,2026-08-26,Ano,2+kk,False,False,False,False,False,False,False,False,False
1656078412,Praha 9,Libeň,Praha 9,49,19200.0,A,2026-08-30,,2+1,False,False,False,False,False,False,False,False,False
1656258636,Praha 9,Vysočany,Praha 9,41,25700.0,B,2026-05-29,Ano,1+kk,False,False,False,False,False,False,False,False,False
1656668236,Praha 1,Nové Město,Praha 1,70,,C,2026-08-18,,3+kk,False,False,False,False,False,False,False,False,False
1658114124,Praha 1,Nové Město,Praha 1,114,,C,2026-08-11,Ano,3+kk,False,False,False,False,False,False,False,False,False
1660133452,Praha 4,Háje,Praha 11,43,18990.0,A,2026-04-30,Ano,2+kk,False,False,False,False,False,False,False,False,False
1661263948,Praha 2,Nové Město,Praha 2,33,24500.0,B,2026-07-21,Ano,1+1,True,False,False,False,False,False,False,False,False
1662832716,Praha 3,Žižkov,Praha 3,51,,C,2026-07-31,,1+1,False,False,False,False,False,False,False,False,False
1665056844,Praha 10,Vršovice,Praha 10,38,23000.0,A,2026-08-18,Ano,2+kk,False,False,False,False,False,False,False,False,False
1665589324,Praha 6,Řepy,Praha 17,75,,C,2026-07-19,,3+1,False,False,False,True,False,False,False,False,False
1666359372,Praha 4,Modřany,Praha 12,79,,C,2026-04-30,,3+1,False,False,False,False,False,False,False,False,False
1668669516,Praha 5,Jinonice,Praha 5,64,31990.0,A,2026-07-20,Ano,2+kk,True,False,False,False,False,False,False,False,False
1668710476,Praha 10,Vinohrady,Praha 10,76,,D,2026-06-09,Ano,2+kk,False,False,True,False,False,True,False,False,False
1668857932,Praha 4,Nusle,Praha 4,60,35000.0,B,2026-08-14,,2+kk,False,False,False,False,False,False,False,False,False
1669259340,Praha 10,Vršovice,Praha 10,50,37400.0,B,2026-07-08,Ano,2+kk,False,False,False,False,False,False,False,False,False
1670496332,Praha 10,Vršovice,Praha 10,36,,C,2026-08-25,Ano,2+kk,False,False,False,False,False,False,False,False,False
1671483468,Praha 4,Michle,Praha 4,52,25000.0,A,2026-08-05,,2+kk,False,False,False,False,False,False,False,False,False
1672011852,Praha 5,Košíře,Praha 5,103,39000.0,A,2026-07-07,,3+kk,False,False,False,False,False,False,False,False,False
1678090316,Praha 4,Nusle,Praha 4,42,25000.0,A,2026-05-06,Ne,2+kk,False,False,False,False,False,False,False,False,False
1678561356,Praha 10,Strašnice,Praha 10,52,20600.0,B,2026-07-31,Částečně,2+1,False,False,False,False,False,False,False,False,False
1679867980,Praha 4,Nusle,Praha 4,44,22000.0,A,2026-08-25,Částečně,1+1,False,False,False,False,False,False,False,False,False
1681571916,Praha 4,Hodkovičky,Praha 4,30,,C,2026-08-12,Ano,2+kk,False,False,False,False,False,False,False,False,False
1683472460,Praha 4,Modřany,Praha 12,75,23000.0,A,2026-08-26,Částečně,3+1,False,False,False,False,False,False,False,False,False
1683734604,Praha 2,Nové Město,Praha 2,37,22000.0,B,2026-08-11,Ne,2+kk,True,False,False,False,False,False,False,False,False
1685246028,Praha 8,Dolní Chabry,Praha-Dolní Chabry,70,29900.0,B,2026-08-03,Částečně,3+kk,False,False,False,False,False,False,False,False,False
1687142476,Praha 4,Háje,Praha 11,67,,C,2026-08-17,Částečně,3+kk,False,False,False,False,False,False,False,False,False
1687409484,Praha 1,Nové Město,Praha 1,200,250000.0,B,2025-09-29,Ano,5+1,False,False,False,False,True,False,False,False,False
1689182284,Praha 5,Stodůlky,Praha 13,87,27500.0,A,2026-07-09,,3+kk,False,False,False,False,False,False,False,False,False
1692184652,Praha 5,Smíchov,Praha 5,168,60000.0,B,2026-04-13,Ne,5+1,True,False,True,False,False,False,False,False,False
1693237324,Praha 8,Kobylisy,Praha 8,43,19000.0,B,2026-08-20,Ne,2+kk,False,False,False,False,False,False,False,False,False
1693630540,Praha 2,Vinohrady,Praha 2,94,,C,2026-08-24,Ano,3+kk,False,True,False,True,False,False,False,False,False
1694486604,Praha 9,Hloubětín,Praha 9,33,17600.0,A,2026-07-28,Ne,1+kk,False,False,False,False,False,False,False,False,False
1695391820,Praha 1,Nové Město,Praha 1,77,41400.0,B,2026-04-28,Ano,3+kk,False,False,False,False,False,False,False,False,False
1696051276,Praha 10,Vršovice,Praha 10,58,26000.0,B,2026-04-17,Částečně,2+kk,False,False,False,False,False,False,False,False,False
1696055372,Praha 10,Vršovice,Praha 10,70,23500.0,B,2026-08-26,Částečně,2+1,False,False,False,False,False,False,False,False,False
1696698444,Praha 4,Krč,Praha 4,55,,C,2026-05-19,Ano,2+kk,False,False,False,False,False,False,False,False,False
1698021452,Praha 5,Zbraslav,Praha-Zbraslav,56,,C,2026-08-28,Ne,2+kk,False,False,False,False,False,False,False,False,False
1698120524,Praha 9,Hrdlořezy,Praha 9,55,24000.0,A,2026-03-31,Částečně,2+kk,False,False,False,False,False,False,False,False,False
1698583116,Praha 1,Nové Město,Praha 1,91,44900.0,B,2025-04-24,Částečně,3+kk,False,True,False,False,False,False,False,False,False
1698611276,Praha 8,Kobylisy,Praha 8,78,29000.0,B,2026-08-18,,3+1,False,False,False,False,False,False,False,False,False
1699070028,Praha 6,Ruzyně,Praha 6,51,34000.0,B,2026-08-28,Ano,2+kk,False,False,False,False,False,False,False,False,False
1700594508,Praha 9,,,36,,C,2026-01-11,,1+kk,False,False,False,False,False,False,False,False,False
1703399500,Praha 1,Staré Město,Praha 1,39,25000.0,A,2026-08-07,Ne,2+kk,False,False,False,False,False,False,False,False,False
1705427020,Praha 8,Karlín,Praha 8,72,,D,2026-08-28,Ano,2+kk,False,False,False,False,False,True,False,False,False
1706270796,Praha 10,Strašnice,Praha 10,28,,C,2026-04-30,Ano,1+kk,False,True,False,True,False,False,False,False,False
1707851852,Praha 2,Nusle,Praha 2,81,29000.0,B,2026-08-12,Ano,3+kk,False,False,False,False,False,False,False,False,True
1708179532,Praha 8,Libeň,Praha 8,87,30000.0,B,2026-08-25,Částečně,3+kk,False,False,False,False,False,False,False,False,False
1711063116,Praha 5,Hlubočepy,Praha 5,50,23000.0,A,2026-08-20,Částečně,2+kk,False,False,False,False,False,False,False,False,False
1711312972,Praha 9,Vysočany,Praha 9,35,19900.0,B,2026-05-20,Ne,1+kk,False,False,False,False,False,False,False,False,False
1712239948,Praha 9,Vysočany,Praha 9,50,25000.0,A,2023-08-10,Ano,2+kk,False,False,False,False,False,False,False,False,False
1713549388,Praha 4,Háje,Praha 11,27,17990.0,A,2026-04-14,Ano,1+kk,False,False,False,False,False,False,False,False,False
1714470988,Praha 5,Stodůlky,Praha 13,78,28500.0,B,2026-08-25,,3+1,False,False,False,True,False,False,False,False,False
1716691020,Praha 4,Modřany,Praha 12,64,,C,2026-04-30,,2+1,False,False,False,False,False,False,False,False,False
1717870668,Praha 10,Uhříněves,Praha 22,24,16500.0,B,2026-05-07,Částečně,1+kk,False,False,False,False,False,False,False,False,False
1718403148,Praha 3,Žižkov,Praha 3,64,,C,2026-08-19,Ano,2+kk,False,False,False,False,False,False,False,False,False
1719590988,Praha 3,Žižkov,Praha 3,27,18000.0,B,2026-07-08,Částečně,1+kk,False,False,False,False,False,False,False,False,False
1720827980,Praha 4,Braník,Praha 4,45,,C,2026-08-25,Částečně,2+kk,False,False,False,False,False,False,False,False,False
1721684044,Praha 5,Smíchov,Praha 5,26,19900.0,A,2026-07-29,Ano,2+kk,False,False,False,False,False,False,False,False,False
1722794060,Praha 8,Karlín,Praha 8,31,20400.0,A,2026-08-17,Ano,1+kk,False,False,False,False,False,False,False,False,False
1723318348,Praha 4,Krč,Praha 4,45,22000.0,B,2026-08-27,,2+kk,False,False,False,False,False,False,False,False,False
1724760140,Praha 6,Střešovice,Praha 6,50,23000.0,A,2026-08-19,,2+1,False,False,False,True,False,False,False,False,False
1725485132,Praha 7,Holešovice,Praha 7,35,20500.0,A,2026-07-27,Částečně,1+1,False,False,False,False,False,False,False,False,False
1726333004,Praha 5,Stodůlky,Praha 13,58,29500.0,A,2026-08-29,,2+kk,False,False,False,False,False,False,False,False,False
1727385676,Praha 4,Komořany,Praha 12,70,25490.0,A,2026-08-10,Částečně,3+1,True,False,False,False,False,False,False,False,False
1729544268,Praha 8,Libeň,Praha 8,55,,C,2026-08-27,,4+kk,False,False,False,False,False,False,False,False,False
1732235340,Praha 9,Čakovice,Praha-Čakovice,63,21990.0,B,2026-07-27,Částečně,3+kk,False,False,False,False,False,False,False,False,False
1732755532,Praha 9,Prosek,Praha 9,69,32900.0,B,2026-08-26,Ano,3+kk,False,False,False,False,False,False,False,False,False
1735385164,Praha 10,Horní Měcholupy,Praha 15,70,20000.0,A,2026-07-07,Ne,2+1,False,False,False,False,False,False,False,False,False
1736622156,Praha 5,Smíchov,Praha 5,45,20000.0,A,2026-08-24,Ano,1+kk,False,False,False,False,False,False,False,False,False
1736695884,Praha 10,Vršovice,Praha 10,60,,C,2026-07-13,,3+kk,False,False,False,False,False,False,False,False,False
1737343052,Praha 4,Braník,Praha 4,74,24000.0,A,2026-08-19,,3+1,False,False,False,True,False,False,False,False,False
1737478220,Praha 8,Karlín,Praha 8,53,28500.0,A,2026-07-28,Částečně,2+kk,False,False,False,False,False,False,False,False,False
1738928204,Praha 10,Vršovice,,57,,C,2026-06-30,Ano,2+kk,False,False,False,False,False,False,False,False,False
1739505740,Praha 1,Nové Město,Praha 1,60,33000.0,B,2026-08-18,Ne,2+kk,False,False,True,False,False,False,False,False,False
1740750924,Praha 10,,,98,32000.0,A,2026-08-25,,3+1,False,False,False,False,False,False,False,False,False
1740939340,Praha 7,Holešovice,Praha 7,51,18490.0,A,2026-05-07,Částečně,2+kk,False,False,False,False,False,False,False,False,False
1742192716,Praha 6,Ruzyně,Praha 6,63,,C,2026-08-27,,2+1,True,False,False,False,False,False,False,False,False
1743306828,Praha 9,Střížkov,Praha 9,52,,C,2026-08-16,,2+kk,False,False,False,False,False,False,False,False,False
1743515724,Praha 4,Nusle,Praha 4,57,27000.0,A,2026-06-12,Ne,2+kk,False,False,False,False,False,False,False,False,False
1744760908,Praha 4,Chodov,Praha 11,66,27490.0,A,2026-06-18,Částečně,3+kk,True,False,False,False,False,False,False,False,False
1745010764,Praha 4,Modřany,Praha 12,29,14600.0,B,2026-08-24,Ano,1+kk,False,False,False,False,False,False,False,False,False
1745670220,Praha 1,Staré Město,Praha 1,151,,C,2026-07-31,Ne,4+1,False,True,False,True,False,False,False,False,False
1746845772,Praha 3,Žižkov,Praha 3,40,21000.0,A,2026-08-18,,1+kk,False,False,False,False,False,False,False,False,False
1747304524,Praha 3,Vinohrady,Praha 3,44,7100.0,A,2026-08-28,Ne,1+1,False,False,False,False,False,False,False,False,False
1750057036,Praha 3,Praha 3,Praha 3,75,,C,2026-08-17,,2+kk,False,False,False,False,False,False,False,False,False
1750519884,Praha 2,Vinohrady,Praha 2,50,25000.0,A,2026-08-07,Ano,2+kk,True,False,False,False,False,False,False,False,False
1751302220,Praha 7,Holešovice,Praha 7,85,,D,2026-08-23,Ne,2+kk,False,False,False,False,False,True,False,False,False
1752354892,Praha 1,Hradčany,,160,,C,2026-08-03,,5+kk,False,False,False,False,False,False,False,False,False
1752809548,Praha 4,Nusle,Praha 4,144,,C,2026-08-13,Ne,3+kk,False,False,False,False,False,False,False,False,False
1753210956,Praha 9,Černý Most,Praha 14,32,17900.0,A,2026-07-07,Ne,1+kk,False,False,False,False,False,False,False,False,False
1756155980,Praha 9,Vysočany,Praha 9,58,24000.0,B,2026-07-31,Částečně,2+kk,False,False,False,False,False,False,False,False,False
1757016140,Praha 9,Horní Počernice,Praha 20,66,20500.0,A,2026-06-15,,2+kk,False,False,False,False,False,False,False,False,False
1759297612,Praha 10,Hostivař,Praha 15,48,,C,2026-08-20,,2+kk,True,False,False,False,False,False,False,False,False
1760346188,Praha 3,Žižkov,Praha 3,120,,C,2026-08-20,Ne,4+kk,False,False,False,False,True,False,False,False,False
1760555084,Praha 5,Smíchov,Praha 5,46,,C,2026-06-17,,1+1,False,False,False,False,False,False,False,False,False
1761927244,Praha 8,Karlín,Praha 8,58,,C,2026-07-21,Ano,2+kk,False,True,False,True,False,False,False,False,False
1762616140,Praha 2,Nové Město,Praha 2,177,175000.0,B,2026-02-16,Ano,4+1,False,False,False,False,True,False,False,False,False
1762874188,Praha 9,Vysočany,Praha 9,60,28000.0,B,2026-03-10,,2+kk,False,False,False,False,False,False,False,False,False
1764679756,Praha 3,Žižkov,Praha 3,49,28990.0,B,2026-07-08,Částečně,2+kk,False,False,False,False,False,False,False,False,False
1766117452,Praha 3,Vinohrady,Praha 3,54,41800.0,B,2026-08-10,Ne,2+kk,False,False,False,False,False,False,False,False,False
1766903884,Praha 4,Krč,Praha 4,26,16000.0,B,2026-08-05,Částečně,1+kk,False,False,False,False,False,False,False,False,False
1767555148,Praha 8,Kobylisy,Praha 8,23,14000.0,A,2026-08-12,,1+kk,False,False,False,False,False,False,False,False,False
1769455692,Praha 9,Černý Most,Praha 14,86,,C,2026-08-26,Ano,3+kk,False,False,False,False,False,False,False,False,False
1769861196,Praha 2,Vinohrady,Praha 2,90,,C,2026-06-19,Ano,3+kk,False,False,False,False,False,False,False,False,False
1772871756,Praha 3,Žižkov,Praha 3,38,22500.0,B,2026-07-02,Ne,2+kk,False,False,False,False,False,False,False,False,False
1772941388,Praha 2,Nové Město,Praha 2,87,28500.0,B,2026-06-22,Ano,2+kk,False,False,False,False,False,False,False,False,False
1775730764,Praha 2,Nové Město,Praha 2,32,25000.0,B,2026-06-09,Ano,1+1,True,False,False,False,False,False,False,False,False
1776336972,Praha 5,Lipence,Praha-Lipence,15,,C,2026-08-25,Částečně,unknown,True,False,False,True,True,False,False,False,False
1779802188,Praha 6,Hradčany,Praha 6,240,85000.0,A,2026-05-06,Ne,5+1,True,False,False,False,False,False,False,False,False
1779953740,Praha 9,Prosek,Praha 9,35,22500.0,B,2026-06-26,Ano,1+kk,False,False,False,False,False,False,False,False,False
1780928588,Praha 6,Dejvice,Praha 6,42,21500.0,A,2026-08-07,Ne,2+kk,True,False,False,False,False,False,False,False,False
1781919820,Praha 4,Nusle,Praha 4,45,,C,2026-06-30,Ano,2+kk,False,False,False,False,False,False,False,False,False
1782919756,Praha 1,Malá Strana,Praha 1,153,79000.0,B,2025-01-13,Ne,4+1,True,False,False,False,False,False,False,False,False
1785720908,Praha 5,Stodůlky,Praha-Řeporyje,73,,C,2026-06-17,Ne,3+kk,False,False,False,False,False,False,False,False,False
1786699852,Praha 9,Vysočany,Praha 9,34,,C,2026-07-08,,1+kk,False,False,False,False,False,False,False,False,False
1787150412,Praha 9,Letňany,Praha 18,48,23000.0,B,2026-08-30,Ano,2+kk,False,False,False,False,False,False,False,False,False
1787162700,Praha 3,Žižkov,Praha 3,45,24000.0,B,2026-06-30,Ne,2+kk,False,False,False,False,False,False,False,False,False
1788429132,Praha 1,Nové Město,Praha 1,87,39000.0,B,2026-03-20,Částečně,3+kk,False,False,False,False,False,False,False,False,False
1790365772,Praha 9,Hrdlořezy,Praha 9,89,,C,2026-08-08,,3+kk,False,False,False,False,False,False,False,False,False
1790566476,Praha 3,Žižkov,Praha 3,60,23000.0,A,2026-07-06,Ano,2+kk,False,False,False,False,False,False,False,False,False
1791291468,Praha 10,Strašnice,Praha 10,33,15000.0,A,2026-07-01,Částečně,1+kk,False,False,False,False,False,False,False,False,False
1792770124,Praha 2,Vinohrady,Praha 2,105,38000.0,A,2026-05-26,Ne,3+1,False,False,False,False,False,False,False,False,False
1794150476,Praha 3,Vinohrady,Praha 3,118,,D,2026-05-20,Ano,4+kk,False,False,False,False,True,True,False,False,False
1795674188,Praha 10,Horní Měcholupy,Praha 15,36,17000.0,A,2026-08-06,Částečně,1+kk,False,False,False,False,False,False,False,False,False
1796202572,Praha 4,Podolí,Praha 4,50,,C,2026-07-08,Ano,1+kk,False,False,False,False,False,False,False,False,False
1797386316,Praha 3,Žižkov,Praha 3,31,18990.0,B,2026-06-24,Ano,1+kk,False,False,False,False,False,False,False,False,False
1800589388,Praha 5,Zličín,Praha-Zličín,42,15990.0,A,2026-08-03,Ano,2+kk,True,False,False,False,False,False,False,False,False
1802752076,Praha 9,Libeň,Praha 9,49,21500.0,A,2026-08-01,Ano,1+kk,False,False,False,False,False,False,False,False,False
1802944588,Praha 5,Košíře,Praha 5,52,26000.0,A,2026-08-27,Ano,2+kk,False,False,False,False,False,False,False,False,False
1803206732,Praha 6,Bubeneč,Praha 6,115,,C,2026-08-12,Částečně,3+kk,False,False,False,False,False,False,False,False,False
1804320844,Praha 9,Hloubětín,Praha 9,60,,C,2026-08-12,,2+kk,False,False,False,False,False,False,False,False,False
1804841036,Praha 4,Modřany,Praha 12,34,,C,2026-04-14,,2+kk,False,False,False,False,False,False,False,False,False
1804845132,Praha 4,Chodov,Praha 11,22,,C,2026-08-22,,1+kk,False,False,False,False,False,False,False,False,False
1805312076,Praha 10,Vršovice,Praha 10,30,18000.0,A,2026-07-03,Částečně,1+kk,False,False,False,False,False,False,False,False,False
1805387084,Praha 1,Josefov,Praha 1,86,40000.0,A,2024-04-11,Ne,2+kk,False,False,False,False,False,False,False,False,False
1805893708,Praha 1,Staré Město,Praha 1,44,,C,2026-08-22,Částečně,1+1,False,False,False,False,False,False,False,False,False
1806159948,Praha 8,Dolní Chabry,Praha-Dolní Chabry,106,45000.0,B,2026-08-07,,3+kk,False,False,False,False,False,False,False,False,False
1807994956,Praha 5,Řeporyje,Praha-Řeporyje,32,21000.0,B,2026-08-03,Částečně,1+kk,False,False,False,False,False,False,False,False,False
1808187468,Praha 10,Vršovice,Praha 10,55,24200.0,A,2026-08-28,,2+kk,False,False,False,False,False,False,False,False,False
1809301580,Praha 5,Smíchov,Praha 5,63,25000.0,A,2026-08-27,Částečně,2+1,False,False,False,False,False,False,False,False,False
1809694796,Praha 5,Hlubočepy,Praha 5,47,18000.0,B,2026-08-19,Ne,2+1,False,False,False,False,False,False,False,False,False
1810268236,Praha 10,Malešice,Praha 10,63,30000.0,A,2026-06-09,Ano,3+kk,False,False,False,False,False,False,False,False,False
1810939980,Praha 10,Strašnice,Praha 10,60,,C,2026-08-25,,2+kk,False,False,False,False,False,False,False,True,False
1814483020,Praha 8,Karlín,,51,,C,2026-08-07,Částečně,2+kk,False,False,False,False,False,False,False,False,False
1815597132,Praha 10,Dubeč,Praha-Dubeč,60,23490.0,A,2026-08-06,Ne,2+kk,True,False,False,False,False,False,False,False,False
1815724108,Praha 8,Kobylisy,Praha 8,80,25000.0,B,2026-08-13,Ne,3+kk,False,False,False,False,False,False,False,False,False
1816784972,Praha 5,Zbraslav,Praha-Zbraslav,78,28900.0,B,2026-06-15,Ano,3+kk,False,False,False,False,False,False,False,False,False
1817354316,Praha 5,Hlubočepy,Praha 5,100,,C,2026-04-30,Ano,3+1,False,False,False,True,False,False,False,False,False
1818673228,Praha 4,Záběhlice,Praha 4,73,,C,2026-08-27,Částečně,3+kk,False,False,False,False,False,False,False,False,False
1819258956,Praha 5,Stodůlky,Praha 13,60,,C,2026-04-09,,2+1,False,False,False,False,False,False,False,False,False
1820279628,Praha 5,Smíchov,Praha 5,71,,C,2026-03-22,Ano,2+kk,False,False,False,False,False,False,False,False,False
1820717132,Praha 7,Holešovice,Praha 7,33,17000.0,B,2026-06-30,,1+kk,False,False,False,False,False,False,False,False,False
1820840012,Praha 1,Staré Město,Praha 1,37,26000.0,A,2026-08-07,Ne,2+kk,False,False,False,False,True,False,False,False,False
1823769164,Praha 4,Nusle,Praha 4,108,55000.0,B,2024-09-24,Ne,4+kk,False,False,False,False,False,False,False,False,False
1824714828,Praha 8,Libeň,Praha 8,45,19000.0,B,2026-06-23,Ano,2+kk,False,False,False,False,False,False,False,False,False
1826865228,Praha 10,Hostivař,Praha 15,23,13990.0,A,2026-08-21,Částečně,1+kk,False,False,False,False,False,False,False,False,False
1826934860,Praha 2,Vinohrady,Praha 2,180,,C,2026-08-11,Ano,5+kk,False,False,False,False,False,False,False,False,False
1829560396,Praha 10,Horní Měcholupy,Praha 15,47,,C,2026-07-11,,3+kk,False,False,False,False,False,False,False,False,False
1830281292,Praha 10,Vršovice,Praha 10,62,25000.0,A,2026-07-17,Ano,2+kk,False,False,False,False,False,False,False,False,False
1830797388,Praha 8,Karlín,Praha 8,85,61000.0,B,2026-08-17,Ano,3+kk,False,False,False,False,False,False,False,False,False
1831047244,Praha 5,Košíře,Praha 5,40,,C,2026-05-18,,2+kk,True,False,False,False,False,False,False,False,False
1834672204,Praha 6,Břevnov,Praha 6,53,20000.0,B,2026-07-02,Částečně,2+kk,False,False,False,False,False,False,False,False,False
1835323468,Praha 3,Žižkov,Praha 3,58,28000.0,A,2026-08-10,,2+kk,False,False,False,False,False,False,False,False,False
1835384908,Praha 10,Záběhlice,Praha 10,33,15300.0,B,2026-08-28,Částečně,1+kk,False,False,False,False,False,False,False,False,False
1837944908,Praha 6,Břevnov,Praha 6,54,24000.0,B,2026-08-01,,2+1,False,False,False,True,False,False,False,False,False
1838338124,Praha 2,Vinohrady,Praha 2,65,28000.0,A,2026-08-04,Ano,3+kk,False,False,False,False,False,False,False,False,False
1838399564,Praha 10,Malešice,Praha 10,41,,C,2026-08-22,Ne,2+kk,False,False,False,False,False,False,False,False,False
1839915084,Praha 10,Vinohrady,Praha 10,146,,C,2026-07-03,,3+kk,False,False,True,False,False,False,False,False,False
1841098828,Praha 9,Hrdlořezy,Praha 9,53,,C,2026-06-22,Ne,2+kk,False,False,False,False,False,False,False,False,True
1842004812,Praha 10,Strašnice,Praha 10,82,36000.0,B,2025-10-08,,3+1,False,False,False,False,False,False,False,False,False
1842135116,Praha 1,Nové Město,Praha 1,65,28000.0,B,2026-08-20,Ano,3+1,False,True,False,True,False,False,False,False,False
1842405452,Praha 7,Holešovice,Praha 7,45,22000.0,A,2026-07-16,Ano,1+1,False,False,False,False,False,False,False,False,False
1843020620,Praha 3,Vinohrady,Praha 3,137,104593.65,B,2026-03-19,Částečně,4+kk,False,False,False,False,False,False,False,False,False
1843720268,Praha 10,Vinohrady,Praha 10,61,38500.0,B,2026-07-01,Ano,2+kk,False,False,False,False,False,False,False,False,False
1843904588,Praha 6,,,41,,C,2026-08-26,,2+kk,True,False,False,False,False,False,False,False,False
1844310092,Praha 1,Nové Město,,85,40000.0,B,2026-06-19,,2+1,False,False,False,False,False,False,False,False,False
1844432972,Praha 4,Michle,Praha 4,101,44900.0,A,2026-07-28,Částečně,3+kk,True,False,False,False,False,False,False,False,False
1845993548,Praha 2,Vinohrady,Praha 2,42,27000.0,B,2026-05-05,Ne,2+kk,False,False,False,False,False,False,False,False,False
1847951436,Praha 5,Řeporyje,Praha-Řeporyje,64,,C,2026-06-10,,4+1,False,False,False,True,False,False,False,False,False
1848369228,Praha 1,Nové Město,Praha 1,76,38640.0,B,2026-07-01,Ano,3+kk,False,False,False,False,False,False,False,False,False
1851834444,Praha 5,Stodůlky,Praha 13,56,26000.0,B,2026-08-25,Ne,2+kk,False,False,False,False,False,False,False,False,False
1852100684,Praha 5,Stodůlky,Praha 13,43,22490.0,A,2026-08-10,Ano,2+kk,True,False,False,False,False,False,False,False,False
1852424268,Praha 9,Hrdlořezy,Praha 9,53,23000.0,B,2026-08-13,Ano,2+kk,False,False,False,False,False,False,False,False,False
1852552524,Praha 8,Karlín,Praha 8,30,,C,2023-08-03,Ano,1+kk,False,False,False,False,False,False,False,False,False
1856094284,Praha 4,Kunratice,Praha-Kunratice,52,22900.0,B,2026-08-25,Částečně,2+kk,False,False,False,False,False,False,False,False,False
1856946252,Praha 4,Podolí,Praha 4,70,,C,2026-08-18,Částečně,3+kk,False,False,False,False,False,False,False,False,False
1857876044,Praha 4,Podolí,Praha 4,70,29500.0,A,2026-06-22,Ano,2+kk,False,False,False,False,False,False,False,False,False
1858519116,Praha 4,Záběhlice,Praha 4,55,18900.0,A,2026-08-28,Ne,2+kk,False,False,False,False,False,False,False,False,False
1859510348,Praha 4,Braník,Praha 4,67,21990.0,A,2026-07-21,Ne,2+kk,False,False,False,False,False,False,False,False,False
1861386316,Praha 9,Hrdlořezy,Praha 9,65,25800.0,A,2026-06-04,Částečně,2+kk,False,False,False,False,False,False,False,False,False
1862660172,Praha 8,Kobylisy,Praha 8,61,29500.0,B,2026-06-30,Ano,3+kk,False,False,False,True,False,False,False,False,False
1863696460,Praha 4,,,67,,C,2026-08-29,,3+1,False,False,False,False,False,False,False,False,False
1866367052,Praha 10,Strašnice,Praha 10,105,35000.0,A,2026-06-01,,3+1,False,False,False,False,False,False,False,False,False
1868161100,Praha 10,Záběhlice,Praha 10,35,17850.0,B,2026-07-03,Ano,1+kk,False,False,False,False,False,False,False,False,False
1868497996,Praha 8,Karlín,Praha 8,46,,C,2023-04-24,Ano,2+kk,False,False,False,False,False,False,False,False,False
1870123084,Praha 6,Vokovice,Praha 6,51,26300.0,B,2026-08-06,Ne,2+kk,False,False,False,False,False,False,False,False,False
1871302732,Praha 4,Nusle,Praha 4,23,12500.0,A,2026-07-26,,1+kk,False,False,False,False,False,False,False,False,False
1872154700,Praha 10,Malešice,Praha 10,62,23000.0,A,2026-08-09,Částečně,2+1,False,False,False,True,False,False,False,False,False
1873342540,Praha 3,Žižkov,Praha 3,76,,C,2026-06-16,Ano,3+1,False,False,False,False,False,False,False,False,False
1874252620,Praha 9,Prosek,Praha 9,43,19900.0,B,2025-10-03,Částečně,2+kk,False,False,False,False,False,False,False,False,False
1874772044,Praha 5,Stodůlky,Praha 13,43,,C,2026-08-18,,2+kk,False,False,False,False,False,False,False,False,True
1874903116,Praha 4,Nusle,Praha 4,66,,C,2026-08-25,Ne,2+1,False,False,False,False,False,False,False,False,False
1876734540,Praha 1,Malá Strana,Praha 1,170,79000.0,B,2024-07-17,Ne,4+1,True,False,False,False,False,False,False,False,False
1878507596,Praha 6,Bubeneč,Praha 6,90,,C,2026-08-26,,3+1,True,False,False,False,False,False,False,False,False
1880002636,Praha 8,Troja,Praha 8,70,25000.0,A,2026-05-14,Ne,3+kk,False,False,False,False,False,False,False,False,False
1880215628,Praha 6,Břevnov,Praha 6,76,25000.0,B,2026-08-04,Částečně,atypical,False,False,False,True,False,False,False,False,False
1883160652,Praha 9,Prosek,Praha 9,70,22000.0,A,2026-08-18,,3+1,False,False,False,False,False,False,False,False,False
1883557964,Praha 5,Smíchov,Praha 5,47,29500.0,B,2026-08-10,Ano,2+kk,False,False,False,False,False,False,False,False,False
1884733516,Praha 6,Ruzyně,Praha 6,82,18000.0,B,2026-08-27,Ano,1+1,False,False,False,False,False,False,False,False,False
1886568524,Praha 2,Nové Město,Praha 2,47,22900.0,B,2026-08-23,Ano,1+kk,False,False,False,False,False,False,False,False,False
1887621196,Praha 10,Strašnice,Praha 10,63,31000.0,A,2026-08-04,Ne,2+kk,False,False,False,False,False,False,False,False,False
1889067084,Praha 10,Vinohrady,Praha 10,144,69000.0,A,2026-07-07,Ano,3+1,False,False,False,False,False,False,False,False,False
1891156044,Praha 7,Holešovice,Praha 7,35,14900.0,B,2026-08-17,Ne,1+kk,False,False,False,False,False,False,False,False,False
1891352652,Praha 5,Smíchov,Praha 5,71,38000.0,B,2026-08-12,Ano,2+kk,False,False,False,False,False,False,False,False,False
1892204620,Praha 5,Zličín,Praha-Zličín,51,20000.0,B,2026-08-16,Ano,2+kk,False,False,False,False,False,False,False,False,False
1894105164,Praha 6,Řepy,Praha 17,34,14600.0,A,2026-08-29,,1+kk,False,False,False,False,False,False,False,False,False
1894617164,Praha 1,,,40,,C,2026-05-15,,1+kk,False,False,False,False,False,False,False,False,False
1896927308,Praha 4,Podolí,Praha 4,35,19990.0,A,2026-08-05,Ne,1+kk,False,False,False,False,False,False,False,False,False
1897709644,Praha 9,Prosek,Praha 9,87,39000.0,B,2026-08-20,Ano,3+kk,False,False,False,False,False,False,False,False,False
1898627148,Praha 10,Malešice,Praha 10,55,22990.0,A,2026-08-12,Ne,2+1,True,False,False,False,False,False,False,False,False
1899284572,Praha 7,Holešovice,Praha 7,16,35438,B,2021-12-16,Ano,unknown,True,False,True,True,False,False,False,False,False
1899753548,Praha 1,Staré Město,Praha 1,122,,C,2026-06-12,,2+kk,False,True,False,False,False,False,False,False,False
1900728396,Praha 1,Malá Strana,Praha 1,75,,C,2026-07-23,Ano,3+kk,False,False,False,False,False,False,False,False,False
1901445196,Praha 4,Nusle,Praha 4,45,18000.0,A,2026-08-28,Ano,2+1,False,False,False,False,False,False,False,False,False
1905070924,Praha 2,Vinohrady,Praha 2,170,,C,2025-12-11,Ne,4+kk,True,False,False,False,False,False,False,False,False
1911799884,Praha 5,Košíře,Praha 5,82,,C,2026-08-21,,3+1,False,False,False,False,False,False,False,False,False
1911930956,Praha 3,Žižkov,Praha 3,58,,C,2026-08-29,Ano,2+kk,False,False,False,False,False,False,False,False,False
1912979532,Praha 5,Hlubočepy,Praha 5,32,,C,2026-08-29,Ano,1+kk,False,False,False,False,False,False,False,False,False
1913241676,Praha 5,Zličín,Praha-Zličín,32,16900.0,B,2026-08-13,Částečně,1+kk,False,False,False,False,False,False,False,False,False
1913704524,Praha 3,Žižkov,Praha 3,73,24490.0,A,2026-08-05,Částečně,3+1,True,False,False,False,False,False,False,False,False
1916518476,Praha 4,Nusle,Praha 4,36,25500.0,B,2026-08-11,Ano,1+kk,True,False,False,False,True,False,False,False,False
1918222412,Praha 2,Vyšehrad,Praha 2,75,,C,2026-08-28,,3+kk,False,False,False,False,False,False,False,False,False
1920659532,Praha 3,Žižkov,Praha 3,39,,C,2026-06-13,Ne,1+1,False,False,False,False,False,False,False,False,False
1923826508,Praha 3,Vinohrady,Praha 3,137,104800.0,B,2026-03-18,Ano,4+kk,True,False,False,False,True,False,False,False,False
1924112460,Praha 5,Smíchov,Praha 5,115,55000.0,A,2026-04-27,Částečně,3+kk,False,False,False,False,False,False,False,False,False
1924636748,Praha 5,Hlubočepy,Praha 5,114,77500.0,A,2026-05-05,Částečně,4+kk,False,False,False,False,False,False,False,False,False
1928298572,Praha 2,Vinohrady,Praha 2,127,75000.0,B,2026-05-31,Částečně,4+1,False,False,False,False,False,False,False,False,False
1929887820,Praha 6,Vokovice,Praha 6,50,18100.0,B,2026-08-26,Ne,2+kk,False,False,False,False,False,False,False,False,False
1930477644,Praha 3,Žižkov,Praha 3,64,,C,2026-08-25,Ano,2+kk,False,False,False,False,False,False,False,False,False
1932116044,Praha 3,Žižkov,Praha 3,45,36500.0,B,2026-08-13,Ano,2+kk,True,False,False,False,False,False,False,False,False
1933242444,Praha 2,Vinohrady,Praha 2,100,58900.0,B,2026-06-14,,4+kk,False,False,False,False,False,False,False,False,False
1934544972,Praha 1,Nové Město,Praha 1,120,49000.0,A,2026-07-28,Ano,4+kk,False,False,False,True,False,False,False,False,False
1935069260,Praha 1,Nové Město,Praha 1,221,67999.0,B,2026-08-07,Ne,4+kk,False,False,False,False,False,False,False,False,False
1935196236,Praha 4,Nusle,Praha 4,48,21500.0,A,2026-08-15,Částečně,2+kk,False,False,False,False,False,False,False,False,False
1938616396,Praha 2,Vinohrady,Praha 2,48,26000.0,A,2026-06-22,Ano,2+kk,False,True,False,False,False,False,False,False,False
1939145548,Praha 4,Krč,Praha 4,120,89000.0,B,2026-01-21,Ano,3+kk,False,False,True,False,True,False,False,False,False
1940766796,Praha 8,Karlín,Praha 8,63,32000.0,B,2026-08-19,Ne,2+kk,False,False,False,False,False,False,False,False,False
1950203980,Praha 8,Karlín,Praha 8,74,30000.0,A,2026-08-19,Částečně,3+kk,False,False,False,False,False,False,False,False,False
1952207692,Praha 1,Malá Strana,Praha 1,73,39000.0,B,2026-03-09,Ano,2+1,True,False,False,False,False,False,False,False,False
1952743500,Praha 4,Braník,Praha 4,61,25000.0,B,2026-06-11,Ano,3+kk,False,False,False,False,False,False,False,False,False
1954332748,Praha 7,Bubeneč,Praha 7,62,,C,2026-08-19,,2+kk,False,False,False,False,False,False,False,False,True
1957548108,Praha 5,Smíchov,Praha 5,72,,C,2026-07-30,,2+1,False,False,False,False,False,False,False,False,False
1957609548,Praha 9,Vysočany,Praha 9,47,,C,2026-08-18,,2+kk,False,False,False,False,False,False,False,False,False
1958216524,Praha 3,Žižkov,Praha 3,85,42900.0,B,2026-01-07,Částečně,3+kk,False,False,False,False,False,False,False,False,False
1961017420,Praha 5,Zbraslav,Praha-Zbraslav,35,,C,2026-08-24,Částečně,1+kk,False,False,False,False,False,False,False,False,False
1961934924,Praha 5,Hlubočepy,Praha 5,54,24500.0,A,2026-08-25,Částečně,2+kk,False,False,False,False,False,False,False,False,False
1963970636,Praha 9,Prosek,Praha 9,78,24990.0,B,2026-07-28,Ano,3+1,False,False,False,False,False,False,False,False,False
1965572940,Praha 3,Vinohrady,Praha 3,137,,C,2026-03-20,Ano,4+kk,True,True,False,False,False,False,False,False,False
1970065484,Praha 8,Karlín,Praha 8,68,29000.0,B,2026-07-30,,3+kk,False,False,False,True,False,False,False,False,False
1970651212,Praha 5,Smíchov,Praha 5,88,,C,2026-08-28,,3+kk,False,False,False,False,False,False,False,False,False
1973407820,Praha 1,Vinohrady,,60,,C,2026-07-28,Částečně,2+kk,False,False,False,False,False,False,False,False,False
1973538892,Praha 5,Smíchov,Praha 5,111,45000.0,B,2026-08-04,Ano,4+kk,False,False,False,False,False,False,False,False,False
1974919244,Praha 7,Holešovice,Praha 7,26,18000.0,A,2026-07-20,Ne,1+1,False,False,False,False,False,False,False,False,False
1979637836,Praha 10,Praha 10,Praha 10,103,33000.0,A,2026-07-09,,2+kk,False,False,True,False,False,False,False,False,False
1980731468,Praha 9,Horní Počernice,Praha 20,75,26000.0,A,2026-05-13,Ne,3+kk,False,False,False,True,False,False,False,False,False
1981005900,Praha 6,Bubeneč,Praha 6,115,,C,2026-08-21,Ano,4+1,True,False,False,False,False,False,False,False,False
1981534284,Praha 2,Nové Město,Praha 2,32,,C,2026-07-22,,1+1,True,False,False,False,True,False,False,False,False
1981931596,Praha 9,Hloubětín,Praha 9,60,34500.0,B,2026-07-15,Ano,2+kk,False,False,False,False,False,False,False,False,False
1982054476,Praha 5,Řeporyje,Praha-Řeporyje,48,25500.0,A,2026-08-21,Částečně,2+kk,False,False,False,False,False,False,False,False,False
1984135244,Praha 1,Malá Strana,Praha 1,98,85000.0,B,2026-06-03,,2+1,False,False,True,False,False,False,False,False,False
1984950348,Praha 1,Nové Město,Praha 1,51,,C,2026-06-17,,1+1,False,True,False,False,False,False,False,False,False
1985462348,Praha 8,Dolní Chabry,Praha-Dolní Chabry,58,,C,2026-08-26,,2+1,False,False,False,False,False,False,False,False,False
1985724492,Praha 8,Kobylisy,Praha 8,44,,C,2026-08-11,Ne,2+kk,False,False,False,False,False,False,False,False,False
1988153420,Praha 5,Smíchov,Praha 5,60,20000.0,B,2026-08-06,Ne,2+kk,False,False,False,False,False,False,False,False,False
1989132364,Praha 4,Krč,Praha 4,51,19900.0,A,2026-08-17,Částečně,2+kk,False,False,False,False,False,False,False,False,False
1989988428,Praha 8,Troja,Praha 8,50,23900.0,A,2026-08-01,Částečně,2+kk,False,False,False,False,False,False,False,False,False
1991172172,Praha 8,Karlín,Praha 8,32,,C,2026-07-09,,1+kk,False,False,False,False,False,False,False,False,False
1991884876,Praha 6,Bubeneč,Praha 6,90,34000.0,A,2026-08-14,Částečně,3+1,True,False,False,False,False,False,False,False,False
1995763788,Praha 5,Stodůlky,Praha 13,71,24000.0,B,2026-07-01,Ne,2+kk,False,False,False,False,False,False,False,False,False
1995948108,Praha 4,Záběhlice,Praha 4,24,6000.0,A,2026-08-26,Ano,unknown,False,False,False,True,False,False,False,False,False
1996931148,Praha 5,Radotín,Praha 16,65,22000.0,B,2026-08-27,Částečně,3+1,False,False,False,False,False,False,False,False,False
2000982092,Praha 3,Vinohrady,Praha 3,150,,C,2026-05-25,Ne,4+kk,True,True,False,False,False,False,False,False,False
2003161164,Praha 1,Nové Město,Praha 1,69,,C,2026-08-09,,3+kk,False,False,False,False,False,False,False,False,False
2008064076,Praha 9,Vysočany,Praha 9,99,49000.0,A,2026-05-04,Ano,4+kk,False,False,False,False,False,False,False,False,False
2008997964,Praha 10,Záběhlice,Praha 10,55,,C,2026-07-09,,2+kk,False,False,False,False,False,False,False,False,False
2009972812,Praha 8,Libeň,Praha 8,138,69900.0,A,2026-08-19,Částečně,4+kk,False,False,False,False,False,False,False,False,False
2011230284,Praha 5,Smíchov,Praha 5,100,,C,2026-06-25,Ano,3+kk,False,False,False,False,False,False,False,False,False
2013777996,Praha 4,Nusle,Praha 4,59,34900.0,A,2026-08-06,,2+kk,False,False,False,False,False,False,False,False,False
2015805516,Praha 2,Vinohrady,Praha 2,204,145000.0,A,2026-08-27,Ne,5+1,True,False,False,False,False,False,False,False,False
2016591948,Praha 8,Karlín,Praha 8,53,28000.0,B,2026-08-23,,2+kk,False,False,False,False,False,False,False,False,False
2019238732,Praha 7,Holešovice,Praha 7,63,42700.0,B,2025-11-11,Ano,3+kk,False,False,False,False,False,False,False,False,False
2019475532,Praha 5,Smíchov,Praha 5,30,22900.0,B,2026-08-18,Ano,1+kk,True,False,False,False,False,False,False,False,False
2019741772,Praha 7,Holešovice,Praha 7,39,25450.0,A,2026-08-03,,1+kk,False,False,False,False,False,False,False,False,False
2019934284,Praha 6,Bubeneč,Praha 6,90,,C,2026-08-28,,3+1,False,False,False,False,False,False,False,False,False
2022752332,Praha 3,Žižkov,Praha 3,35,23000.0,B,2026-08-26,Ne,2+kk,True,False,False,False,False,False,False,False,False
2022826060,Praha 10,Malešice,Praha 10,54,24000.0,B,2026-07-15,Ne,2+1,False,False,False,False,False,False,False,False,False
2022948940,Praha 5,Stodůlky,Praha 13,93,28000.0,B,2026-08-22,,4+kk,False,False,False,False,False,False,False,False,False
2023997516,Praha 7,Holešovice,Praha 7,61,34200.0,A,2026-08-21,,2+kk,False,False,False,False,False,False,False,False,False
2025481036,Praha 5,Smíchov,Praha 5,114,45000.0,A,2026-02-12,Částečně,2+kk,False,False,False,False,False,False,False,False,False
2028402508,Praha 1,Josefov,Praha 1,74,38000.0,B,2022-09-20,,2+kk,False,False,False,False,False,False,False,False,False
2029961292,Praha 10,Malešice,Praha 10,52,23990.0,A,2026-08-18,Částečně,2+1,False,False,False,False,False,False,False,False,False
2030825548,Praha 4,Nusle,Praha 4,39,23500.0,B,2026-06-12,,2+kk,False,False,False,False,False,False,False,False,False
2031468620,Praha 3,Žižkov,Praha 3,72,27000.0,B,2026-08-29,Částečně,3+kk,False,False,False,False,False,False,False,False,False
2032058444,Praha 10,Strašnice,Praha 10,53,17500.0,A,2026-08-18,Ne,2+1,False,False,False,False,False,False,False,False,False
2033299532,Praha 3,Žižkov,Praha 3,30,19000.0,B,2026-04-15,,1+kk,False,False,False,False,False,False,False,False,True
2034221132,Praha 8,Karlín,Praha 8,39,31926.0,B,2026-08-17,Ano,2+kk,True,False,False,False,False,False,False,False,True
2034233420,Praha 1,Staré Město,Praha 1,28,,D,2026-06-17,Ano,1+kk,False,False,False,False,True,True,False,False,False
2034352204,Praha 4,Modřany,Praha 12,55,24600.0,B,2026-08-24,Ano,2+kk,False,False,False,False,False,False,False,False,False
2034466892,Praha 2,Vinohrady,Praha 2,29,24000.0,B,2026-06-03,Částečně,1+kk,False,False,False,False,True,False,False,False,False
2035073100,Praha 9,Vysočany,Praha 9,55,27000.0,A,2026-08-20,Ano,2+kk,False,False,False,False,False,False,False,False,False
2036719692,Praha 4,Chodov,Praha 11,24,15000.0,A,2026-07-20,,1+kk,False,False,False,False,False,False,False,False,False
2038681676,Praha 7,Bubeneč,Praha 7,92,,C,2026-08-03,,3+1,False,False,False,False,False,False,False,False,False
2040393804,Praha 4,,,13,13000.0,A,2026-06-20,,unknown,False,False,False,True,True,False,False,False,False
2041430092,Praha 5,Stodůlky,Praha-Řeporyje,74,,C,2026-08-19,,3+kk,False,False,False,False,False,False,False,False,True
2041442380,Praha 5,Jinonice,Praha 5,155,,C,2026-06-19,,4+kk,False,False,False,False,False,False,False,False,False
2041745484,Praha 9,,,55,,C,2026-05-19,,2+kk,False,False,False,False,False,False,False,False,False
2042228812,Praha 9,Horní Počernice,Praha 20,80,26500.0,A,2026-06-15,,3+kk,False,False,False,False,False,False,False,False,False
2043002956,Praha 5,Radlice,Praha 5,126,27000.0,A,2026-08-30,,3+kk,False,False,False,False,False,False,False,False,False
2045006668,Praha 10,Vršovice,Praha 10,65,39100.0,B,2026-03-17,Ano,3+kk,False,False,False,False,False,False,False,False,False
2045227852,Praha 10,Vršovice,Praha 10,92,39000.0,A,2025-06-07,Ano,4+kk,False,False,False,False,False,False,False,False,False
2045632588,Praha 2,Vinohrady,Praha 2,42,26400.0,B,2026-07-10,Ano,2+kk,False,False,False,False,False,False,False,False,False
2046541900,Praha 1,Staré Město,Praha 1,60,28000.0,A,2026-08-12,Ne,2+kk,False,False,False,False,False,False,False,False,False
2046939212,Praha 5,Stodůlky,Praha 13,63,24000.0,A,2026-08-04,Ano,2+kk,False,False,False,False,False,False,False,False,False
2049232972,Praha 1,Staré Město,Praha 1,55,44000.0,B,2026-08-10,Ano,2+kk,False,False,False,False,False,False,False,False,False
2050080844,Praha 8,Troja,Praha 8,29,17000.0,B,2026-08-24,Částečně,1+kk,False,False,False,False,False,False,False,False,False
2054418508,Praha 4,Braník,Praha 4,51,20990.0,A,2026-06-22,Ano,2+kk,True,False,False,False,False,False,False,False,False
2055790668,Praha 8,Karlín,Praha 8,43,,C,2026-07-07,,1+kk,False,False,False,False,False,False,False,False,False
2056376396,Praha 3,Žižkov,Praha 3,47,,C,2026-08-05,Částečně,2+kk,False,False,False,False,False,False,False,False,False
2058014796,Praha 9,Prosek,Praha 9,37,16500.0,B,2026-07-24,Částečně,1+kk,False,False,False,False,False,False,False,False,False
2058743884,Praha 10,Vršovice,Praha 10,90,,C,2026-06-30,,2+kk,False,False,False,False,False,False,False,False,False
2059006028,Praha 4,Chodov,Praha 11,42,25500.0,A,2026-06-15,Částečně,2+kk,False,False,False,False,False,False,False,False,False
2059452492,Praha 10,Strašnice,Praha 10,38,21900.0,B,2026-08-25,Ano,1+kk,False,False,False,False,False,False,False,False,False
2059649100,Praha 6,Břevnov,Praha 6,60,37000.0,B,2026-08-21,Ano,2+kk,True,False,False,False,False,False,False,False,False
2060640332,Praha 6,Dejvice,Praha 6,113,49000.0,B,2026-07-14,Ne,4+kk,False,False,False,False,False,False,False,False,False
2062532684,Praha 9,Dolní Počernice,Praha-Dolní Počernice,63,26990.0,A,2026-08-17,,2+kk,False,False,False,False,False,False,False,False,False
2062856268,Praha 5,Smíchov,Praha 5,89,54500.0,B,2026-04-21,Ano,3+kk,False,False,False,False,False,False,False,False,False
2065092684,Praha 2,Vinohrady,Praha 2,90,,C,2026-08-07,Ne,3+kk,False,False,False,False,False,False,False,False,False
2065219660,Praha 6,Dejvice,Praha 6,85,,C,2026-08-15,,2+1,False,False,False,False,False,False,False,False,False
2067648588,Praha 8,Libeň,Praha 8,69,27000.0,B,2026-07-30,Částečně,2+kk,False,False,False,False,False,False,False,False,False
2077605964,Praha 10,Strašnice,Praha 10,40,21500.0,B,2026-08-30,Částečně,2+kk,False,False,False,False,False,False,False,False,False
2080358476,Praha 3,Praha 3,Praha 3,150,,C,2026-08-17,,4+kk,False,False,False,False,False,False,False,False,False
2081935436,Praha 3,Žižkov,Praha 3,41,,C,2026-08-06,Ano,1+1,False,False,False,False,False,False,False,True,False
2082922572,Praha 3,Žižkov,Praha 3,118,43000.0,B,2026-07-19,Ne,3+1,False,False,False,False,False,False,False,False,False
2085011532,Praha 3,Žižkov,Praha 3,35,23000.0,A,2026-08-27,Ne,2+kk,True,False,False,False,False,False,False,False,False
2085212236,Praha 5,Smíchov,Praha 5,74,29900.0,B,2026-07-24,Ano,2+kk,False,False,False,False,False,False,False,False,False
2085716044,Praha 7,Holešovice,Praha 7,129,,C,2026-06-05,Ne,4+kk,False,False,False,False,True,False,False,False,False
2086785100,Praha 4,Michle,Praha 4,96,,C,2026-08-04,Ano,3+kk,False,False,True,False,False,False,False,False,False
2086846540,Praha 5,Smíchov,Praha 5,48,19000.0,B,2026-08-22,,1+kk,False,False,False,False,False,False,False,False,False
2087567436,Praha 9,Hloubětín,Praha 14,35,20000.0,A,2026-08-18,,1+kk,False,False,False,False,False,False,False,False,False
2088226892,Praha 6,Vokovice,Praha 6,52,29500.0,B,2026-08-06,Ne,2+kk,False,False,False,False,False,False,False,False,False
2088576332,Praha 8,Karlín,Praha 8,67,,C,2024-02-29,Ano,3+kk,False,False,False,False,False,False,False,False,False
2089541708,Praha 7,Holešovice,Praha 7,19,,C,2026-07-02,,1+kk,False,False,False,False,True,False,False,False,False
2092168012,Praha 1,Nové Město,Praha 1,37,27000.0,A,2025-08-21,Ano,2+kk,False,True,False,False,True,False,False,False,False
2093346892,Praha 5,Stodůlky,Praha 13,87,31200.0,B,2026-06-30,Částečně,3+kk,False,False,False,False,False,False,False,False,False
2093408332,Praha 7,Holešovice,Praha 7,47,31650.0,A,2026-07-20,,2+1,False,False,False,True,False,False,False,False,False
2095374412,Praha 9,Čakovice,Praha-Čakovice,77,,C,2026-07-21,Ano,3+1,False,False,False,True,False,False,False,False,False
2095424332,Praha 5,Stodůlky,Praha 13,31,23900.0,A,2025-06-27,,1+kk,False,False,True,False,False,False,False,False,False
2095890508,Praha 1,Nové Město,Praha 1,120,50000.0,A,2026-08-20,Ne,4+kk,False,False,False,False,False,False,False,False,False
2097242956,Praha 5,Košíře,Praha 5,52,33000.0,B,2026-02-23,,1+kk,False,False,False,False,False,False,False,False,False
2097266764,Praha 2,Vinohrady,Praha 2,110,57960.0,B,2026-08-24,Ano,3+kk,True,False,False,False,False,False,False,False,False
2097471564,Praha 4,Kamýk,Praha 12,75,28000.0,B,2026-07-21,,3+kk,False,False,False,False,False,False,False,False,False
2097533004,Praha 3,Vinohrady,Praha 3,56,42800.0,A,2026-08-10,Ne,2+kk,True,False,False,False,False,False,False,False,False
2097856588,Praha 4,Kunratice,Praha-Kunratice,60,,C,2026-08-12,,2+kk,False,False,False,False,False,False,False,False,False
2098184268,Praha 6,Bubeneč,Praha 6,60,,C,2026-08-17,Částečně,2+1,False,False,False,False,False,False,False,False,False
2098507852,Praha 5,Smíchov,Praha 5,88,32000.0,B,2026-04-21,,3+kk,False,False,False,False,False,False,False,False,False
2099040332,Praha 6,Bubeneč,Praha 6,62,,C,2026-07-31,Ano,2+kk,False,False,False,False,False,False,False,False,False
2100482124,Praha 5,Smíchov,Praha 5,40,22000.0,B,2026-08-03,Částečně,2+kk,False,False,False,False,False,False,False,False,False
2103885900,Praha 2,Vinohrady,Praha 2,75,,D,2026-08-27,Ano,2+kk,False,False,False,False,False,True,False,False,False
2105000012,Praha 2,Vyšehrad,Praha 2,75,38000.0,A,2026-08-26,Ano,3+1,True,False,False,False,False,False,False,False,False
2105492300,Praha 5,Smíchov,Praha 5,62,,C,2026-03-22,Ano,2+kk,False,False,False,False,False,False,False,False,False
2107539532,Praha 9,Horní Počernice,Praha 20,98,,C,2026-06-01,Ne,3+kk,False,False,False,False,False,False,False,False,False
2110058572,Praha 4,Záběhlice,Praha 4,66,29000.0,B,2026-07-01,Ne,3+1,False,False,False,False,False,False,False,False,False
2111644492,Praha 2,Vinohrady,Praha 2,35,22000.0,A,2025-11-20,Ano,1+kk,False,True,False,False,False,False,False,False,False
2112561996,Praha 6,Nebušice,Praha-Nebušice,123,40400.0,A,2025-11-12,Částečně,3+kk,False,False,False,False,False,False,False,False,False
2113462348,Praha 1,Nové Město,Praha 1,96,,C,2026-07-07,,3+kk,False,False,False,False,False,False,False,False,False
2113912908,Praha 5,Stodůlky,Praha 13,30,18000.0,A,2026-08-17,Částečně,1+kk,False,False,False,False,False,False,False,False,False
2113966156,Praha 10,Vršovice,Praha 10,60,34500.0,B,2026-05-20,Ne,3+kk,False,False,False,False,False,False,False,False,False
2117320780,Praha 1,Nové Město,Praha 1,65,40000.0,A,2026-08-21,Ano,2+kk,False,False,False,False,False,False,False,False,False
2117469004,Praha 10,Vršovice,Praha 10,50,36800.0,B,2026-01-20,Ano,2+kk,False,False,False,False,False,False,False,False,False
2117509196,Praha 5,Třebonice,Praha-Zličín,59,27990.0,A,2026-05-05,,2+kk,False,False,False,False,False,False,False,False,False
2117587020,Praha 6,Hradčany,Praha 6,97,50000.0,B,2026-08-06,,3+kk,False,False,False,False,False,False,False,False,False
2117849164,Praha 5,Smíchov,Praha 5,53,29900.0,B,2026-07-22,Částečně,2+kk,False,False,False,False,False,False,False,False,False
2118500428,Praha 5,Hlubočepy,Praha 5,29,12000.0,A,2026-08-28,Částečně,1+kk,False,False,False,False,False,False,False,False,False
2118992716,Praha 5,Stodůlky,Praha 13,38,19500.0,A,2026-03-24,,1+kk,False,False,False,False,False,False,False,False,False
2119225420,Praha 4,Kamýk,Praha 12,70,33500.0,B,2026-08-05,Částečně,3+kk,False,False,False,False,False,False,False,False,False
2119876684,Praha 8,Libeň,Praha 8,34,18500.0,A,2026-08-12,,1+kk,False,False,False,False,False,False,False,False,False
2120335436,Praha 2,Vinohrady,Praha 2,90,55000.0,A,2026-08-24,Ano,3+kk,True,False,False,False,False,False,False,False,False
2120663116,Praha 5,Stodůlky,Praha 13,58,,C,2026-08-27,,2+kk,False,False,False,False,False,False,False,False,False
2120925260,Praha 3,Žižkov,Praha 3,28,,C,2026-08-12,,1+kk,False,False,False,False,False,False,False,False,False
2121715788,Praha 2,Nové Město,Praha 2,37,22000.0,A,2026-08-07,Ne,2+kk,True,False,False,False,False,False,False,False,False
2122440780,Praha 4,Nusle,Praha 4,72,41000.0,B,2026-07-15,Částečně,2+kk,False,False,False,False,False,False,False,False,False
2124337228,Praha 9,Čakovice,Praha-Čakovice,36,17000.0,B,2026-07-29,Částečně,1+kk,False,False,False,False,False,False,False,False,False
2126746444,Praha 3,Vinohrady,Praha 3,44,29704.5,A,2025-07-10,,2+kk,False,False,False,False,False,False,False,False,False
2128855116,Praha 6,Hradčany,Praha 6,91,47000.0,B,2026-08-21,Částečně,3+1,False,False,False,False,False,False,False,False,False
2128998476,Praha 8,Praha 8,Praha 8,54,,C,2026-06-30,Ano,2+kk,False,False,False,False,False,False,False,False,False
2132136012,Praha 3,Vinohrady,Praha 3,77,45000.0,A,2026-08-10,,2+1,False,False,False,False,False,False,False,False,False
2132648012,Praha 1,Nové Město,Praha 1,69,41400.0,B,2026-04-28,Ano,3+kk,False,False,False,False,False,False,False,False,False
2135474252,Praha 8,Dolní Chabry,Praha-Dolní Chabry,50,24800.0,A,2026-08-14,Ano,2+kk,False,False,False,False,False,False,False,False,False
2136916044,Praha 2,Vinohrady,Praha 2,74,35000.0,B,2026-08-18,Ne,2+kk,True,False,False,False,False,False,False,False,False
2138173516,Praha 9,Prosek,Praha 9,57,29500.0,B,2026-06-24,Ano,2+kk,False,False,False,False,False,False,False,False,False
2140328012,Praha 5,Hlubočepy,Praha 5,50,23990.0,A,2026-08-04,Ne,2+kk,True,False,False,False,False,False,False,False,False
2140459084,Praha 8,Kobylisy,Praha 8,82,31900.0,B,2026-08-11,,3+kk,True,False,False,False,False,False,False,False,False
2140782668,Praha 7,Bubeneč,Praha 7,73,28490.0,A,2026-08-14,Ano,2+1,False,False,False,False,False,False,False,False,False
2140917836,Praha 3,Žižkov,Praha 3,70,,C,2026-07-23,Ano,2+kk,False,False,False,False,False,False,False,False,False
2143114060,Praha 5,Košíře,Praha 5,41,,C,2026-03-09,,2+kk,False,False,False,False,False,False,False,False,False
2143273036,Praha 5,Košíře,Praha 5,47,26000.0,A,2026-08-17,,2+kk,False,False,False,False,False,False,False,False,False
2144198732,Praha 5,Smíchov,Praha 5,83,35000.0,B,2026-07-10,Ne,3+kk,False,False,False,False,False,False,False,False,False
2144560972,Praha 1,Nové Město,Praha 1,103,55000.0,B,2022-11-07,Ano,3+kk,False,False,False,False,False,False,False,False,False
2146885708,Praha 8,Kobylisy,Praha 8,72,,C,2026-07-20,Částečně,3+kk,False,False,False,False,False,False,False,False,False
2148569164,Praha 10,Vršovice,Praha 10,60,36000.0,B,2026-05-20,Ne,3+kk,False,False,False,False,False,False,False,False,False
2150416460,Praha 4,Modřany,Praha 12,72,,C,2026-08-20,Částečně,2+kk,False,False,False,False,False,False,False,False,False
2150613068,Praha 2,Vinohrady,Praha 2,110,67000.0,B,2026-08-17,Ano,3+kk,False,False,False,False,False,False,False,False,False
2151567948,Praha 1,Nové Město,Praha 1,98,47900.0,B,2025-04-24,Částečně,3+kk,False,True,False,False,False,False,False,False,False
2154287180,Praha 5,Stodůlky,Praha 13,55,20000.0,A,2026-08-06,Ne,2+kk,False,False,False,False,False,False,False,False,False
2154471500,Praha 2,Vinohrady,Praha 2,75,55300.0,B,2026-04-22,Ano,3+kk,True,False,False,False,False,False,False,False,False
2156519500,Praha 2,Nové Město,Praha 2,81,41000.0,B,2026-07-06,Ano,3+kk,False,False,False,False,False,False,False,False,False
2156970060,Praha 4,Chodov,Praha 11,32,18000.0,A,2026-08-26,,1+kk,False,False,False,False,False,False,False,False,False
2157088844,Praha 4,Nusle,Praha 4,80,49600.0,A,2026-05-19,Ano,3+kk,False,False,False,False,False,False,False,False,False
2157826124,Praha 3,Žižkov,Praha 3,59,,C,2026-07-30,Ano,2+kk,False,False,True,False,False,False,False,False,False
2158092364,Praha 4,Nusle,Praha 4,48,,C,2026-07-15,,2+kk,False,False,False,False,False,False,False,False,False
2159340636,Praha 7,Holešovice,Praha 7,15,55993,B,2020-10-27,Ano,1+kk,True,False,True,False,True,False,False,False,False
2160509004,Praha 4,Modřany,Praha 12,30,,C,2026-08-28,,1+kk,False,False,False,False,False,False,False,False,False
2160521292,Praha 10,Strašnice,Praha 10,97,,C,2026-06-29,Ne,2+1,False,False,False,False,False,False,False,False,False
2160686412,Praha 2,Nové Město,Praha 2,25,14990.0,A,2024-04-23,Ano,1+kk,False,False,False,False,False,False,False,False,False
2161823820,Praha 4,Podolí,Praha 4,119,45000.0,B,2026-07-23,,3+kk,False,False,False,False,False,False,False,False,False
2162020428,Praha 6,Dejvice,Praha 6,93,37000.0,A,2026-07-30,Ano,2+kk,False,False,False,False,False,False,False,False,False
2165555276,Praha 4,Krč,Praha 4,45,24000.0,A,2026-08-21,Ano,1+kk,False,False,False,False,False,False,False,False,False
2165686348,Praha 10,Vinohrady,Praha 10,64,25990.0,B,2026-08-29,,2+1,False,False,False,False,False,False,False,False,False
2167787596,Praha 2,Nové Město,Praha 2,41,22500.0,A,2026-08-10,Ne,1+1,False,False,False,False,False,False,False,False,False
2169950284,Praha 10,Petrovice,Praha-Petrovice,50,20490.0,A,2026-08-07,Ano,2+kk,True,False,False,False,False,False,False,False,False
2173292620,Praha 8,Troja,Praha 8,59,24900.0,B,2026-07-25,Ne,2+kk,False,False,False,False,False,False,False,False,False
2173411404,Praha 3,Vinohrady,Praha 3,158,80000.0,B,2026-04-22,Ano,4+kk,False,False,False,False,False,False,False,False,False
2174390348,Praha 3,Žižkov,Praha 3,87,,C,2026-05-11,,3+1,False,False,False,True,False,False,False,False,False
2177405004,Praha 5,Jinonice,Praha 5,58,24400.0,A,2026-05-12,,2+kk,False,False,False,False,False,False,False,False,False
2178007116,Praha 3,Žižkov,Praha 3,47,23000.0,B,2026-08-25,Ano,1+1,False,False,False,False,False,False,False,False,False
2179055692,Praha 5,,,40,13000.0,A,2026-08-24,,1+1,False,False,False,False,False,False,False,False,False
2179383372,Praha 3,Žižkov,Praha 3,18,18500.0,A,2026-08-27,,1+kk,False,False,False,False,True,False,False,False,False
2179645516,Praha 3,Vinohrady,Praha 3,109,61900.0,A,2026-08-13,,3+kk,True,False,False,False,False,False,False,False,False
2182250572,Praha 8,Střížkov,Praha 8,63,25900.0,A,2026-06-04,,2+kk,False,False,False,False,False,False,False,False,False
2183381068,Praha 1,Nové Město,Praha 1,85,32000.0,A,2026-08-21,Ano,2+1,False,False,False,False,False,False,False,False,False
2183909452,Praha 5,Smíchov,Praha 5,35,16000.0,B,2026-07-22,,1+kk,False,False,False,False,False,False,False,False,False
2187386956,Praha 3,Vinohrady,Praha 3,150,,C,2026-07-15,Ano,4+kk,False,False,False,False,False,False,False,False,False
2187837516,Praha 4,Krč,Praha 4,35,15000.0,B,2026-08-26,Ne,1+kk,False,False,False,False,False,False,False,False,False
2188111948,Praha 4,Kunratice,Praha-Kunratice,129,29000.0,A,2026-06-12,,3+kk,False,False,False,False,False,False,False,False,False
2189135948,Praha 1,Nové Město,Praha 1,107,,C,2026-05-08,,2+kk,False,False,False,False,False,False,False,False,False
2189771596,Praha 1,Josefov,Praha 1,73,52000.0,B,2026-04-02,Ano,2+1,False,False,False,False,True,False,False,False,False
2192621644,Praha 5,Stodůlky,Praha 13,108,35000.0,A,2026-08-26,Ne,4+kk,False,False,False,False,False,False,False,False,False
2194780236,Praha 5,Smíchov,Praha 5,147,60000.0,A,2026-04-16,,4+1,False,False,False,False,False,False,False,False,False
2195858508,Praha 5,Smíchov,Praha 5,78,,C,2023-03-20,,2+kk,False,True,False,False,False,False,False,False,False
2196160588,Praha 3,Žižkov,Praha 3,53,22990.0,A,2026-08-27,Částečně,2+1,False,False,False,True,False,False,False,False,False
2202058828,Praha 5,Hlubočepy,Praha 5,100,28000.0,B,2026-08-25,Ano,3+1,False,False,False,False,False,False,False,False,False
2202386508,Praha 5,Smíchov,Praha 5,75,27000.0,A,2026-08-28,Ne,3+kk,False,False,False,False,False,False,False,False,False
2203361356,Praha 1,Malá Strana,Praha 1,170,,C,2026-05-07,Částečně,4+1,True,False,False,False,False,False,False,False,False
2205601868,Praha 6,Střešovice,Praha 6,38,25000.0,A,2026-08-07,Ano,1+kk,False,False,False,False,False,False,False,False,False
2206781516,Praha 2,Vinohrady,Praha 2,27,18300.0,B,2026-07-27,Ano,1+kk,False,False,False,False,False,False,False,False,False
2208354380,Praha 4,Podolí,Praha 4,33,15000.0,A,2026-08-05,Ne,1+kk,False,False,False,False,False,False,False,False,False
2209062988,Praha 1,Staré Město,Praha 1,192,,C,2026-04-22,,5+kk,False,True,False,False,False,False,False,False,False
2209464396,Praha 9,Vysočany,Praha 9,56,29990.0,A,2026-08-25,Částečně,2+kk,True,False,False,False,False,False,False,False,False
2211823692,Praha 5,Košíře,Praha 5,45,,C,2026-08-30,,2+kk,False,False,False,False,False,False,False,False,False
2212085836,Praha 1,Staré Město,Praha 1,126,,C,2026-08-14,Částečně,3+1,False,False,False,False,False,False,False,False,False
2213072972,Praha 5,Stodůlky,Praha 13,56,26000.0,B,2026-07-27,Částečně,2+kk,False,False,False,False,False,False,False,False,False
2213924940,Praha 6,Řepy,Praha 17,54,22000.0,A,2026-08-10,,2+kk,False,False,False,False,False,False,False,False,False
2213986380,Praha 4,Michle,Praha 4,41,23000.0,B,2026-08-28,Částečně,2+kk,False,False,False,False,False,False,False,False,False
2218180684,Praha 8,Libeň,Praha 8,12,12000.0,A,2026-08-27,Ano,unknown,False,False,False,True,True,False,False,False,False
2220015692,Praha 3,Žižkov,Praha 3,41,23000.0,B,2026-08-23,Ano,1+1,False,False,False,False,False,False,False,False,False
2220204108,Praha 5,Hlubočepy,Praha 5,18,,C,2026-05-06,Ano,unknown,False,False,False,True,True,False,False,True,False
2222101068,Praha 1,Nové Město,Praha 1,79,41055.0,B,2024-08-27,Ano,3+kk,True,False,False,False,False,False,False,False,False
2225258572,Praha 8,Střížkov,Praha 8,28,20000.0,A,2026-08-24,Ano,1+kk,False,False,False,False,False,False,False,False,False
2225991756,Praha 5,Smíchov,Praha 5,202,90000.0,B,2026-06-19,,5+kk,False,False,False,False,False,False,False,False,False
2227093580,Praha 6,Vokovice,Praha 6,96,38000.0,B,2026-08-18,Ano,3+kk,False,False,False,False,False,False,False,False,False
2227200844,Praha 2,Vinohrady,Praha 2,76,55800.0,B,2026-02-24,Ano,3+1,False,False,False,False,False,False,False,False,False
2228928588,Praha 7,Holešovice,Praha 7,57,17990.0,A,2026-08-13,,2+1,False,False,False,False,False,False,False,False,False
2229325900,Praha 3,Žižkov,Praha 3,78,40000.0,B,2026-08-05,Ano,3+kk,False,False,False,False,False,False,False,False,False
2229387340,Praha 4,,,85,30000.0,A,2026-08-24,Ano,3+kk,False,False,False,False,False,False,False,False,False
2229399628,Praha 3,Žižkov,Praha 3,72,43000.0,B,2026-06-24,Ano,2+1,False,False,False,False,False,False,False,False,False
2230628428,Praha 5,Smíchov,Praha 5,71,24000.0,A,2026-04-21,,2+1,False,False,False,False,False,False,False,False,True
2232610892,Praha 9,Letňany,Praha 18,39,17200.0,A,2026-06-23,Ano,1+kk,False,False,False,False,False,False,False,False,False
2234368076,Praha 1,Nové Město,Praha 1,72,40000.0,B,2026-08-19,Ano,2+kk,False,False,False,False,False,False,False,False,False
2234503244,Praha 2,Vinohrady,Praha 2,105,,C,2026-07-27,Ne,3+1,False,False,False,False,False,False,False,False,False
2235809868,Praha 4,Nusle,Praha 4,55,30900.0,A,2026-08-21,Částečně,2+kk,True,False,False,False,False,False,False,False,False
2240053324,Praha 3,Strašnice,Praha 3,48,23000.0,A,2026-06-11,Ano,1+kk,False,False,False,False,False,False,False,False,False
2241777740,Praha 2,Vinohrady,Praha 2,99,,C,2026-07-29,Ne,4+kk,False,False,False,False,False,False,False,False,False
2242691148,Praha 2,Vinohrady,Praha 2,146,45000.0,B,2026-08-20,Ne,4+1,False,False,False,False,False,False,False,False,True
2244132940,Praha 10,Vršovice,Praha 10,70,25000.0,B,2026-08-24,Částečně,2+1,False,False,False,False,False,False,False,False,False
2244460620,Praha 4,Chodov,Praha 11,58,20000.0,A,2026-08-26,Částečně,2+kk,False,False,False,False,False,False,False,False,False
2244927564,Praha 3,Vinohrady,Praha 3,50,34800.0,B,2026-07-09,Ano,2+kk,False,False,False,False,False,False,False,False,False
2246217804,Praha 2,Vinohrady,Praha 2,205,65000.0,B,2026-05-18,Ne,4+1,False,False,False,False,False,False,False,False,False
2247540812,Praha 8,Kobylisy,Praha 8,68,,C,2026-08-28,,3+1,False,False,False,True,False,False,False,False,False
2252718156,Praha 5,Košíře,Praha 5,98,30990.0,A,2026-08-28,Částečně,4+kk,False,False,False,False,False,False,False,False,False
2256007244,Praha 7,Holešovice,Praha 7,144,135000.0,B,2026-06-26,Ano,4+kk,False,False,False,False,True,False,False,False,False
2256719948,Praha 10,Vršovice,Praha 10,55,,C,2026-08-04,Ano,3+kk,False,False,False,False,False,False,False,False,False
2258288716,Praha 4,Podolí,Praha 4,62,,C,2026-08-13,,2+kk,False,False,False,False,False,False,False,False,False
2262290508,Praha 9,Letňany,Praha 18,60,23000.0,B,2026-08-06,,2+kk,False,False,False,False,False,False,False,False,False
2267340876,Praha 3,Žižkov,Praha 3,29,18000.0,B,2026-07-21,Ne,1+kk,False,False,False,False,False,False,False,False,False
2267501388,Praha 9,Vysočany,Praha 9,69,29900.0,B,2026-03-13,Částečně,2+kk,True,False,False,False,False,False,False,False,False
2268516428,Praha 9,Kbely,Praha 19,42,,C,2026-08-07,Částečně,2+kk,False,False,False,False,False,False,False,False,False
2270482508,Praha 5,Stodůlky,Praha 13,71,26500.0,A,2026-08-10,Částečně,3+kk,False,False,False,False,False,False,False,False,True
2270543948,Praha 3,Žižkov,Praha 3,90,,C,2026-08-28,Částečně,3+kk,False,False,False,False,False,False,False,False,False
2271531084,Praha 6,Střešovice,Praha 6,55,37000.0,B,2026-08-10,Ne,2+1,False,False,False,False,False,False,False,False,False
2272490316,Praha 4,Záběhlice,Praha 4,54,25000.0,A,2026-02-02,Částečně,3+kk,False,False,False,False,False,False,False,False,False
2272809804,Praha 1,Staré Město,Praha 1,169,48000.0,B,2026-03-04,Ano,1+kk,False,False,False,False,False,False,False,False,False
2273505356,Praha 4,Nusle,Praha 4,65,39900.0,B,2026-06-24,,2+kk,False,False,False,False,False,False,False,False,False
2275725388,Praha 5,Smíchov,Praha 5,50,19500.0,B,2026-08-11,Ano,2+kk,False,False,False,False,False,False,False,False,False
2275786828,Praha 4,Krč,Praha 4,65,27000.0,B,2026-08-30,Ano,3+kk,False,False,False,True,False,False,False,False,False
2278674508,Praha 8,Libeň,Praha 8,15,11000.0,A,2026-08-04,,unknown,False,False,False,True,False,False,False,False,False
2279661644,Praha 9,Letňany,Praha 18,68,28200.0,A,2026-07-16,Ano,3+kk,False,False,False,False,False,False,False,False,True
2280050764,Praha 8,Libeň,Praha 8,80,27000.0,A,2026-08-07,Ne,3+1,True,False,False,True,False,False,False,False,False
2280968268,Praha 9,Prosek,Praha 9,45,21000.0,A,2026-08-11,Ano,1+kk,False,False,False,False,False,False,False,False,False
2282209356,Praha 5,Stodůlky,Praha 13,55,,C,2026-08-26,Ano,2+kk,False,False,False,False,False,False,False,False,False
2282274892,Praha 6,Břevnov,Praha 6,16,14900.0,B,2026-08-15,Částečně,1+kk,False,False,False,False,True,False,False,False,False
2283634764,Praha 3,Žižkov,Praha 3,86,,C,2026-06-02,Ano,3+kk,False,False,False,False,False,False,False,False,False
2284175436,Praha 3,Žižkov,Praha 3,59,,C,2026-08-28,Ne,2+1,False,False,False,False,False,False,False,False,False
2287001676,Praha 5,Radlice,Praha 5,55,29490.0,A,2026-07-16,Ne,2+kk,True,False,False,False,False,False,False,False,False
2293669964,Praha 2,Nové Město,Praha 2,81,41000.0,B,2026-05-06,Ano,3+1,True,False,False,False,False,False,False,False,False
2296964428,Praha 5,Smíchov,Praha 5,279,270000.0,B,2023-11-22,Ano,5+kk,False,False,False,False,True,False,False,False,False
2297950284,Praha 5,Stodůlky,Praha 13,85,30000.0,B,2026-06-26,Částečně,3+kk,False,False,False,False,False,False,False,False,False
2299646028,Praha 6,Břevnov,Praha 6,121,30000.0,B,2026-08-04,Ano,3+1,False,False,False,False,False,False,False,False,False
2301149260,Praha 9,Střížkov,Praha 9,44,21900.0,A,2026-08-15,,1+kk,False,False,False,False,False,False,False,False,False
2302263372,Praha 4,Braník,Praha 4,40,18490.0,A,2026-08-13,Částečně,1+kk,False,False,False,False,False,False,False,False,False
2303184972,Praha 2,Vinohrady,Praha 2,63,21000.0,A,2026-08-06,,2+1,False,False,False,False,False,False,False,False,False
2304102476,Praha 3,Vinohrady,Praha 3,56,42721.35,B,2026-08-09,Ne,2+kk,False,False,False,False,True,False,False,False,False
2304201548,Praha 9,Vysočany,Praha 9,69,29000.0,B,2026-03-13,Částečně,2+kk,True,False,False,False,False,False,False,False,False
2305130572,Praha 10,Vinohrady,Praha 10,92,35000.0,B,2026-06-10,,2+kk,False,False,True,False,False,False,False,False,False
2306326604,Praha 2,Nové Město,Praha 2,49,,C,2026-08-26,,2+kk,False,False,False,False,False,False,False,False,False
2311569484,Praha 2,Vinohrady,Praha 2,56,,C,2026-08-27,,2+kk,False,False,False,False,False,False,False,False,False
2313535564,Praha 4,Krč,Praha 4,86,35000.0,B,2026-08-29,Ne,3+kk,False,False,False,False,False,False,False,False,False
2314661964,Praha 1,Hradčany,Praha 1,89,,C,2026-06-29,Ne,2+kk,False,False,False,False,False,False,False,False,False
2315161676,Praha 3,Žižkov,Praha 3,68,,C,2026-05-14,Ano,3+1,False,False,False,False,False,False,False,False,False
2315575372,Praha 8,Karlín,Praha 8,40,,C,2026-07-21,Ano,2+kk,False,False,False,False,False,False,False,False,False
2317127756,Praha 5,Smíchov,Praha 5,141,49000.0,A,2026-05-16,Ne,4+kk,False,False,False,False,False,False,False,False,False
2318123084,Praha 4,Kamýk,Praha 12,47,,C,2026-08-11,,2+kk,False,False,False,False,False,False,False,False,False
2318450764,Praha 9,Libeň,Praha 9,26,15900.0,B,2026-08-25,Ne,1+kk,False,False,False,False,False,False,False,False,False
2318680908,Praha 1,Josefov,Praha 1,100,40000.0,B,2026-04-03,,2+kk,True,False,False,False,False,False,False,False,False
2320552012,Praha 5,Stodůlky,Praha 13,70,,C,2026-08-05,Částečně,3+kk,False,False,False,False,False,False,False,False,False
2321334348,Praha 5,Smíchov,Praha 5,80,30000.0,A,2026-08-20,Ano,2+1,True,False,False,False,False,False,False,False,False
2323693644,Praha 9,Horní Počernice,Praha 20,78,30000.0,A,2026-08-26,,3+kk,False,False,False,False,False,False,False,False,False
2328154188,Praha 3,Žižkov,Praha 3,41,24900.0,B,2026-08-11,Částečně,2+kk,False,False,False,False,False,False,False,False,False
2329264204,Praha 5,Stodůlky,Praha-Řeporyje,55,,C,2026-08-30,,2+kk,False,False,False,False,False,False,False,False,False
2331365452,Praha 9,Libeň,Praha 9,87,29900.0,B,2026-08-10,Ne,4+1,False,False,False,False,False,False,False,False,False
2332278860,Praha 8,Libeň,Praha 8,26,,C,2026-08-21,,1+kk,True,False,False,False,False,False,False,False,False
2332672076,Praha 5,Smíchov,Praha 5,25,,C,2026-08-14,Ano,2+kk,False,False,False,False,False,False,False,False,False
2334511180,Praha 6,Bubeneč,Praha 6,89,33000.0,B,2026-08-10,Částečně,3+1,False,False,False,True,False,False,False,False,False
2334572620,Praha 3,Žižkov,Praha 3,50,24500.0,A,2026-08-27,Částečně,1+kk,False,False,False,False,False,False,False,False,False
2334646348,Praha 8,Karlín,Praha 8,61,32000.0,A,2026-07-17,Ano,1+kk,False,False,False,False,False,False,False,False,False
2335023692,Praha 1,Nové Město,Praha 1,79,41055.0,B,2024-08-03,Ano,3+kk,True,False,False,False,False,False,False,False,False
2340016204,Praha 2,Vinohrady,Praha 2,102,72000.0,B,2026-07-24,Ano,4+1,False,False,False,False,True,False,False,False,False
2340327500,Praha 6,Bubeneč,Praha 6,110,38979.0,B,2026-05-13,,2+1,False,False,False,False,False,False,False,False,False
2341191756,Praha 1,Nové Město,Praha 1,120,38000.0,B,2026-08-12,Ne,3+1,False,False,False,False,False,False,False,False,False
2343485516,Praha 4,Modřany,Praha 12,65,21990.0,A,2026-08-18,Ano,3+kk,True,False,False,False,False,False,False,False,False
2344009804,Praha 8,Karlín,Praha 8,88,,C,2026-08-28,Částečně,3+kk,False,False,False,False,False,False,False,False,False
2344210508,Praha 8,Troja,Praha 8,46,19400.0,A,2026-07-25,Ne,2+kk,False,False,False,False,False,False,False,False,False
2346172492,Praha 7,Holešovice,Praha 7,37,,C,2026-08-27,Částečně,1+1,False,False,False,False,False,False,False,False,False
2346250316,Praha 2,Vinohrady,Praha 2,63,34000.0,B,2026-06-16,Ne,2+1,False,False,False,False,False,False,False,False,False
2349252684,Praha 7,Holešovice,Praha 7,52,,C,2026-08-27,,2+kk,False,False,False,False,False,False,False,False,False
2349514828,Praha 9,Vysočany,Praha 9,50,,C,2026-08-12,Částečně,2+kk,False,False,False,False,False,False,False,False,False
2351117132,Praha 3,Žižkov,Praha 3,72,48400.0,B,2025-11-03,Ano,3+kk,False,False,False,False,False,False,False,False,False
2352332876,Praha 7,Holešovice,Praha 7,55,22900.0,B,2026-08-28,Částečně,2+kk,False,False,False,False,False,False,False,False,False
2352468044,Praha 5,Hlubočepy,Praha 5,179,,C,2026-08-06,,4+kk,False,False,False,False,False,False,False,False,False
2354533196,Praha 9,Vysočany,Praha 9,69,29100.0,B,2026-03-13,Částečně,2+kk,True,False,False,False,False,False,False,False,False
2359218252,Praha 4,Braník,Praha 4,25,17000.0,B,2026-07-29,Ne,1+1,False,False,False,False,False,False,False,False,False
2361380940,Praha 7,Holešovice,Praha 7,58,31000.0,B,2026-07-28,Ano,2+kk,False,False,False,False,False,False,False,False,False
2362757196,Praha 1,Nové Město,Praha 1,79,38900.0,B,2026-08-11,Částečně,3+kk,False,False,False,False,False,False,False,False,False
2362818636,Praha 7,Holešovice,Praha 7,85,,C,2026-08-30,,3+kk,False,False,False,False,False,False,False,False,False
2364993612,Praha 5,Smíchov,Praha 5,38,33000.0,A,2026-06-29,Ano,1+1,False,False,False,False,True,False,False,False,False
2366955596,Praha 2,Nové Město,Praha 2,33,,C,2026-07-21,,1+1,False,False,False,False,False,False,False,False,False
2367078476,Praha 4,Chodov,Praha 11,33,,C,2026-08-27,,1+1,False,False,False,False,False,False,False,False,False
2368389196,Praha 9,Hloubětín,Praha 9,63,32000.0,A,2026-08-12,,2+kk,False,False,False,False,False,False,False,False,False
2369179724,Praha 1,Staré Město,Praha 1,84,35000.0,A,2026-08-07,Částečně,3+kk,False,False,False,False,False,False,False,False,False
2370551884,Praha 1,Vinohrady,,56,42721.35,B,2026-08-11,Ne,2+kk,False,False,False,False,False,False,False,False,False
2370605132,Praha 4,Chodov,Praha 11,45,21990.0,A,2026-05-15,Ano,2+kk,True,False,False,False,False,False,False,False,False
2370797644,Praha 10,Strašnice,Praha 10,100,,C,2026-05-30,Ano,4+kk,False,False,False,False,False,False,False,False,False
2371207244,Praha 5,Smíchov,Praha 5,53,,C,2026-08-28,Částečně,2+1,False,False,False,False,False,False,False,False,False
2371870796,Praha 3,Žižkov,Praha 3,51,33000.0,B,2026-07-07,Ano,2+kk,False,False,False,False,False,False,False,False,False
2372420428,Praha 3,Vinohrady,Praha 3,137,104800.0,B,2026-03-20,Ne,4+kk,True,False,False,False,False,False,False,False,False
2374156364,Praha 2,Vinohrady,Praha 2,91,55000.0,A,2026-08-24,Ano,3+kk,True,False,False,False,False,False,False,False,False
2374746188,Praha 8,Kobylisy,Praha 8,49,,C,2026-08-12,Částečně,2+kk,False,False,False,False,False,False,False,False,False
2375991372,Praha 2,Vinohrady,Praha 2,80,28000.0,A,2026-08-18,,3+1,False,False,False,True,False,False,False,False,False
2379006028,Praha 4,Nusle,Praha 4,19,,C,2026-08-20,,1+kk,False,False,False,False,True,False,False,False,False
2381365324,Praha 4,Krč,Praha 4,25,,C,2026-08-25,Ne,1+kk,False,False,False,False,False,False,False,False,False
2388378444,Praha 5,Jinonice,Praha 5,54,23900.0,A,2025-10-06,Ano,2+kk,False,False,False,False,False,False,False,False,True
2388717644,Praha 9,Hostavice,Praha 14,32,21000.0,A,2026-06-25,Ne,1+kk,False,False,False,False,False,False,False,False,False
2388971596,Praha 1,Nové Město,Praha 1,79,38900.0,B,2026-08-10,Ne,3+kk,False,False,False,False,False,False,False,False,False
2389033036,Praha 5,Smíchov,Praha 5,85,31900.0,A,2026-08-28,Ano,2+kk,False,False,False,False,False,False,False,False,False
2392842316,Praha 7,Holešovice,Praha 7,103,60000.0,B,2026-07-08,Ano,3+kk,False,False,False,False,False,False,False,False,False
2394543436,Praha 10,Hostivař,Praha 15,39,16000.0,B,2023-12-15,,1+1,False,False,False,False,False,False,False,False,False
2395328588,Praha 6,Střešovice,Praha 6,65,,C,2026-08-10,Ano,2+kk,False,True,False,False,False,False,False,False,False
2395579212,Praha 5,Stodůlky,Praha 13,65,,C,2025-06-13,,2+kk,False,False,True,False,False,False,False,False,False
2396053580,Praha 10,Záběhlice,Praha 10,55,20000.0,B,2026-07-16,,2+1,False,False,False,True,False,False,False,False,False
2398408780,Praha 10,Vršovice,Praha 10,54,34800.0,B,2026-08-11,Ano,2+kk,False,False,False,False,False,False,False,False,False
2398744652,Praha 2,Vinohrady,Praha 2,54,37000.0,B,2026-06-15,Ano,2+kk,False,False,False,False,False,False,False,False,False
2399060044,Praha 10,Dubeč,Praha-Dubeč,24,,C,2026-08-18,Ne,1+kk,False,False,False,False,False,False,False,False,False
2399588428,Praha 4,Podolí,Praha 4,39,23900.0,B,2026-08-07,Ano,1+kk,False,False,False,False,False,False,False,False,False
2400239692,Praha 3,Žižkov,Praha 3,64,23990.0,B,2026-08-25,Ano,1+1,False,False,False,False,False,False,False,False,False
2400505932,Praha 5,Jinonice,Praha 5,130,49000.0,A,2026-08-10,Ano,5+kk,False,False,False,False,False,False,False,False,False
2401816652,Praha 2,Nové Město,Praha 2,50,24900.0,A,2026-07-27,Částečně,2+1,False,False,False,False,False,False,False,False,False
2402668620,Praha 2,Vinohrady,Praha 2,43,37442.0,A,2026-08-10,,2+kk,False,False,False,False,True,False,False,False,False
2405631308,Praha 1,Josefov,Praha 1,99,40000.0,A,2024-04-11,Ne,2+kk,False,False,False,False,False,False,False,False,False
2406531148,Praha 6,Břevnov,Praha 6,60,,C,2026-08-25,Ano,2+kk,True,True,False,True,False,False,False,False,False
2408137548,Praha 3,Vinohrady,Praha 3,120,,C,2026-03-20,Ne,4+kk,False,True,False,False,True,False,False,False,False
2410934348,Praha 4,Hodkovičky,Praha 4,80,,C,2026-06-23,,2+1,False,False,False,False,False,False,False,False,False
2411053132,Praha 9,Vysočany,Praha 9,52,24900.0,B,2026-08-30,,2+kk,False,False,False,False,False,False,False,False,False
2412175436,Praha 7,Holešovice,Praha 7,48,31350.0,A,2026-07-20,,2+1,False,False,False,False,False,False,False,False,False
2413002828,Praha 3,Vinohrady,Praha 3,150,75000.0,A,2026-06-04,Ne,4+kk,True,False,False,False,False,False,False,False,False
2413609036,Praha 10,Vršovice,Praha 10,29,17990.0,A,2026-08-20,Ano,1+kk,True,False,False,False,False,False,False,False,False
2414731340,Praha 10,Praha 10,Praha 10,43,24600.0,A,2026-07-10,,1+kk,False,False,False,False,False,False,False,False,False
2417655884,Praha 3,Vinohrady,Praha 3,52,,C,2026-05-27,,2+kk,False,False,False,False,False,False,False,False,False
2418462796,Praha 4,,,37,18000.0,A,2026-08-07,,1+kk,False,False,False,False,False,False,False,False,False
2418524236,Praha 2,Vinohrady,Praha 2,110,57960.0,B,2026-08-26,Ano,atypical,False,False,False,False,False,False,False,False,False
2420359244,Praha 8,Libeň,Praha 8,30,16000.0,A,2026-08-21,,1+kk,False,False,False,False,False,False,False,False,False
2420674636,Praha 4,Modřany,Praha 12,86,33500.0,B,2026-05-12,,3+kk,False,False,False,False,False,False,False,False,False
2428719948,Praha 1,Malá Strana,Praha 1,73,39000.0,A,2026-03-10,Ano,2+1,True,False,False,False,False,False,False,False,False
2428948556,Praha 1,Staré Město,Praha 1,55,,C,2026-08-08,,2+kk,False,True,False,False,False,False,False,False,False
2430821196,Praha 1,Nové Město,Praha 1,24,26000.0,A,2026-02-20,Ano,1+kk,False,False,True,False,True,False,False,False,False
2431049804,Praha 6,Nebušice,Praha-Nebušice,140,39900.0,A,2026-07-20,Ano,5+kk,False,False,False,False,False,False,False,False,False
2432942156,Praha 1,Malá Strana,Praha 1,180,70000.0,B,2026-08-21,Částečně,5+1,False,False,False,False,False,False,False,False,False
2433073228,Praha 5,Smíchov,Praha 5,38,20000.0,A,2026-08-29,Ano,2+kk,False,False,False,False,False,False,False,False,False
2433663052,Praha 4,Komořany,Praha 12,43,19200.0,A,2026-08-18,Ne,2+kk,False,False,False,False,False,False,False,False,False
2435253580,Praha 10,Vršovice,Praha 10,43,35000.0,A,2024-04-16,Ano,2+kk,False,False,False,False,False,False,False,False,False
2435629132,Praha 5,Smíchov,Praha 5,53,32200.0,B,2026-08-20,Ano,2+kk,False,False,False,False,False,False,False,False,False
2436034636,Praha 4,,,75,,C,2026-06-23,,2+kk,False,False,False,False,False,False,False,False,False
2438123596,Praha 1,Nové Město,Praha 1,105,64900.0,A,2026-08-03,Ano,3+kk,False,False,False,False,False,False,False,False,False
2438254668,Praha 4,Písnice,Praha-Libuš,80,,C,2026-08-10,Částečně,3+1,False,False,False,False,False,False,False,False,False
2438516812,Praha 10,Vinohrady,Praha 10,146,,C,2026-07-26,,1+kk,False,False,False,False,False,False,False,False,False
2438824012,Praha 5,Smíchov,Praha 5,421,115000.0,B,2026-06-02,Ne,4+kk,False,False,False,False,False,False,True,False,False
2439094348,Praha 3,Vinohrady,Praha 3,60,,C,2026-05-02,Ne,2+kk,False,False,False,False,True,False,False,False,False
2441068620,Praha 5,Stodůlky,Praha 13,70,37800.0,B,2026-08-17,Ano,3+kk,False,False,False,False,False,False,False,False,False
2442772556,Praha 8,Bohnice,Praha 8,40,17990.0,A,2026-08-14,Částečně,2+kk,False,False,False,False,False,False,False,False,False
2443285324,Praha 5,Smíchov,Praha 5,288,110000.0,A,2025-07-14,Ne,3+kk,False,False,False,False,False,False,False,False,False
2443759692,Praha 1,Nové Město,Praha 1,115,49000.0,B,2026-07-27,Ano,3+1,False,False,False,False,False,False,False,False,False
2444087372,Praha 5,Smíchov,Praha 5,60,43470.0,B,2026-07-30,Ano,2+kk,False,False,False,False,False,False,False,False,False
2444206156,Praha 2,Vinohrady,Praha 2,40,23000.0,A,2026-04-27,Ano,1+1,False,True,False,False,False,False,False,False,False
2449985612,Praha 4,Nusle,Praha 4,38,28400.0,A,2026-08-06,Ano,2+kk,False,False,False,False,False,False,False,False,False
2451440716,Praha 7,Holešovice,Praha 7,31,40231,B,2023-04-25,Ano,unknown,False,False,False,True,False,False,False,False,False
2452193356,Praha 1,Staré Město,Praha 1,99,60000.0,B,2026-05-28,Ano,3+kk,False,False,False,False,False,False,False,False,False
2453127244,Praha 5,Radotín,Praha 16,36,16000.0,A,2026-08-26,,1+1,False,False,False,False,False,False,False,False,False
2453389388,Praha 3,Žižkov,Praha 3,48,23000.0,A,2026-08-11,Částečně,1+kk,False,False,False,False,False,False,False,False,False
2458763340,Praha 8,Troja,Praha 8,10,10000.0,A,2026-08-19,Ano,unknown,False,False,True,True,True,False,True,False,False
2459877452,Praha 5,Hlubočepy,Praha 5,35,,C,2026-08-18,Ano,1+1,False,False,False,False,False,False,False,False,False
2461589580,Praha 1,Josefov,Praha 1,138,86600.0,B,2026-07-07,Ne,3+1,False,False,True,False,False,False,False,False,False
2462376012,Praha 1,Nové Město,Praha 1,65,,C,2026-07-21,,2+kk,True,False,False,False,False,False,False,False,False
2463359052,Praha 9,Vysočany,Praha 9,55,,C,2026-07-13,Ano,2+kk,False,False,False,False,False,False,False,False,False
2463875148,Praha 9,Kbely,Praha 19,52,25000.0,A,2026-08-12,Ne,2+kk,False,False,False,False,False,False,False,False,False
2463944780,Praha 3,Žižkov,Praha 3,44,22990.0,A,2026-07-31,Ano,2+kk,True,False,False,False,False,False,False,False,False
2464333900,Praha 4,,,93,29000.0,A,2026-08-24,Částečně,3+kk,False,False,False,False,False,False,False,False,False
2467348556,Praha 8,Kobylisy,Praha 8,39,18000.0,A,2026-08-25,Částečně,1+kk,False,False,False,False,False,False,False,False,False
2467545164,Praha 5,Smíchov,Praha 5,74,30500.0,A,2026-08-21,Ne,3+kk,False,False,False,False,False,False,False,False,False
2468724812,Praha 9,Střížkov,Praha 9,74,26000.0,B,2026-08-28,Ano,3+1,False,False,False,False,False,False,False,False,False
2468925516,Praha 4,Modřany,Praha 12,54,,C,2026-07-27,,2+kk,False,False,False,False,False,False,False,False,False
2469699660,Praha 3,Vinohrady,Praha 3,107,99800.0,B,2026-05-07,Ne,4+kk,False,False,False,False,True,False,False,False,False
2471596108,Praha 1,Staré Město,Praha 1,155,,C,2026-05-19,Ne,4+kk,True,True,False,True,False,False,False,False,False
2472263756,Praha 2,Nové Město,Praha 2,58,29000.0,B,2026-08-11,Ne,2+kk,True,False,False,False,False,False,False,False,False
2473050188,Praha 9,Vysočany,Praha 9,32,20500.0,A,2026-08-26,Částečně,1+kk,False,False,False,False,False,False,False,False,False
2473250892,Praha 2,Nové Město,Praha 2,33,24500.0,A,2026-07-23,,1+1,True,False,False,False,False,False,False,False,False
2473836620,Praha 6,Ruzyně,Praha 6,42,18000.0,A,2026-08-21,,2+kk,False,False,False,False,False,False,False,False,False
2473906252,Praha 2,Vinohrady,Praha 2,168,64900.0,B,2026-08-10,Ne,4+kk,False,False,False,False,False,False,False,False,False
2473967692,Praha 6,Dejvice,Praha 6,94,49990.0,A,2026-08-28,Ne,3+kk,False,False,False,False,False,False,False,False,False
2476589132,Praha 4,Modřany,Praha 12,44,18000.0,A,2026-08-19,Ano,2+kk,False,False,False,False,False,False,False,False,False
2477183052,Praha 2,Nusle,,45,25500.0,A,2026-08-08,Ano,1+kk,False,False,False,False,False,False,False,False,False
2477244492,Praha 8,Libeň,Praha 8,32,,C,2026-08-27,Ne,1+kk,False,False,False,False,False,False,False,False,False
2479345740,Praha 1,Staré Město,Praha 1,58,29900.0,B,2026-08-06,Částečně,2+kk,False,False,False,False,False,False,False,False,False
2479800396,Praha 1,Nové Město,Praha 1,84,33000.0,B,2026-08-18,Částečně,2+1,False,False,False,False,False,False,False,False,True
2481762380,Praha 4,Nusle,Praha 4,102,48000.0,B,2026-04-13,,3+kk,False,False,False,False,False,False,False,False,False
2487476300,Praha 8,Libeň,Praha 8,25,15000.0,A,2026-07-13,,1+kk,False,False,False,False,False,False,False,False,False
2487930956,Praha 10,Vršovice,Praha 10,58,,C,2026-07-23,Ano,2+kk,False,False,False,False,False,False,False,False,False
2488258636,Praha 8,Karlín,Praha 8,52,40800.0,B,2026-07-27,Ano,2+kk,False,False,False,False,False,False,False,False,True
2490093644,Praha 4,Modřany,Praha 12,53,,C,2026-07-22,Částečně,2+kk,False,False,False,False,False,False,False,False,False
2492588108,Praha 3,Vinohrady,Praha 3,145,,C,2026-07-15,Ne,4+kk,False,False,False,False,False,False,False,False,False
2494480460,Praha 6,Dejvice,Praha 6,66,26000.0,B,2026-08-18,,2+kk,False,False,False,False,False,False,False,False,False
2494812236,Praha 6,Liboc,Praha 6,62,,C,2026-08-03,Částečně,3+kk,False,False,False,False,False,False,False,False,False
2494943308,Praha 5,Velká Chuchle,Praha-Velká Chuchle,46,,C,2026-08-10,,2+kk,False,False,False,False,False,False,False,False,False
2495374156,Praha 10,Vršovice,Praha 10,56,23500.0,A,2026-02-19,,2+1,False,False,False,False,False,False,False,False,False
2495594572,Praha 10,Vršovice,Praha 10,35,16000.0,A,2026-08-17,Ne,1+kk,False,False,False,False,False,False,False,False,False
2496127052,Praha 7,Holešovice,Praha 7,146,70000.0,B,2026-07-17,Ano,3+kk,True,False,False,False,False,False,False,False,False
2496446540,Praha 4,Háje,Praha 11,33,17900.0,A,2026-08-20,Ne,1+kk,False,False,False,False,False,False,False,False,False
2496839756,Praha 8,Libeň,Praha 8,47,12000.0,B,2026-08-24,,1+kk,False,False,False,False,False,False,False,False,False
2497167436,Praha 8,Kobylisy,Praha 8,68,,C,2026-08-27,Částečně,3+kk,False,False,False,False,False,False,False,False,False
2498216012,Praha 5,Smíchov,Praha 5,75,,C,2026-08-26,,3+1,False,False,False,False,False,False,False,False,False
2498511692,Praha 9,Vysočany,Praha 9,32,,C,2026-03-25,,1+kk,False,False,False,False,False,False,False,False,False
2499469388,Praha 7,Holešovice,Praha 7,39,24750.0,A,2026-07-03,,1+kk,False,False,False,False,False,False,False,False,False
2500251724,Praha 2,Vinohrady,Praha 2,52,27500.0,A,2026-08-07,Ano,2+kk,False,False,False,False,False,False,False,False,False
2501759052,Praha 3,Žižkov,Praha 3,67,,C,2026-07-30,Částečně,2+1,False,False,False,False,False,False,False,False,False
2504585292,Praha 6,Střešovice,Praha 6,40,19000.0,A,2026-06-16,Částečně,2+kk,False,False,False,False,False,False,False,False,False
2505228364,Praha 9,Hloubětín,Praha 9,60,28990.0,B,2026-08-23,Ne,2+kk,False,False,False,False,False,False,False,False,False
2505818188,Praha 1,Staré Město,Praha 1,38,26000.0,B,2026-08-11,Ne,2+kk,True,False,False,False,False,False,False,False,False
2506215500,Praha 5,Hlubočepy,Praha 5,60,23500.0,A,2026-08-04,,2+kk,False,False,False,False,False,False,False,False,False
2506666060,Praha 5,Smíchov,Praha 5,106,49500.0,B,2026-04-08,Ne,3+kk,True,False,False,False,False,False,False,False,False
2507329612,Praha 10,Záběhlice,Praha 10,100,38200.0,B,2026-08-03,Částečně,4+kk,False,False,False,False,False,False,False,False,False
2508898380,Praha 8,Troja,Praha 8,60,,C,2026-08-13,Ano,3+1,False,False,False,False,False,False,False,False,False
2509226060,Praha 6,Dejvice,Praha 6,103,,C,2026-08-17,Částečně,4+kk,False,False,False,False,False,False,False,False,False
2510471244,Praha 5,Stodůlky,Praha-Řeporyje,59,27880.0,A,2026-08-24,Ne,2+kk,False,False,False,False,False,False,False,False,False
2513269580,Praha 5,Smíchov,Praha 5,297,175000.0,B,2026-01-30,,6+,False,False,False,False,False,False,False,False,False
2513551436,Praha 5,Smíchov,Praha 5,43,20000.0,B,2026-08-25,Ano,1+1,False,False,False,True,False,False,False,False,False
2514346060,Praha 5,Smíchov,Praha 5,62,31500.0,B,2026-07-10,Ano,3+kk,False,False,False,False,False,False,False,False,False
2514538572,Praha 4,Podolí,Praha 4,192,65000.0,A,2026-08-05,Částečně,5+kk,True,False,False,False,False,False,False,False,False
2514927692,Praha 4,Krč,Praha 4,30,19900.0,B,2026-08-27,,1+kk,False,False,False,False,False,False,False,False,False
2515112012,Praha 5,Smíchov,Praha 5,147,60000.0,B,2026-05-11,Ne,5+1,False,False,True,False,False,False,False,False,False
2517028940,Praha 6,Břevnov,Praha 6,27,,C,2026-08-07,,1+kk,True,False,False,False,False,False,False,False,False
2518007884,Praha 10,Vršovice,Praha 10,25,,C,2026-08-29,,1+kk,False,False,False,False,False,False,False,False,False
2518995020,Praha 2,Vinohrady,Praha 2,83,32000.0,A,2026-08-10,,2+1,False,True,False,False,False,False,False,False,False
2519720012,Praha 5,,,75,,C,2026-07-07,,2+kk,True,False,False,False,False,False,False,False,False
2521026636,Praha 4,Libuš,Praha-Libuš,122,,C,2026-08-02,,5+kk,False,False,False,False,False,False,False,False,False
2521686092,Praha 8,Karlín,Praha 8,59,37000.0,B,2026-07-09,Ne,2+kk,False,False,False,False,False,False,False,False,False
2522399564,Praha 3,Žižkov,Praha 3,45,,C,2025-10-09,,2+kk,False,False,False,False,False,False,False,False,False
2522595404,Praha 2,Nové Město,Praha 2,41,22500.0,B,2026-08-11,Ne,2+kk,True,False,False,False,False,False,False,False,False
2522726476,Praha 9,Vysočany,Praha 9,42,19990.0,B,2026-08-19,Částečně,1+1,False,False,False,False,False,False,False,False,False
2523197516,Praha 6,Dejvice,Praha 6,46,29000.0,B,2026-06-30,Ne,2+kk,False,False,False,False,False,False,False,False,False
2524635212,Praha 7,Holešovice,Praha 7,52,18990.0,A,2026-07-02,Ano,2+1,True,False,False,False,False,False,False,False,False
2525220940,Praha 10,Vršovice,Praha 10,54,23900.0,A,2026-08-03,Částečně,2+kk,False,False,False,False,False,False,False,False,False
2526859340,Praha 3,Žižkov,Praha 3,76,,C,2026-08-01,Ano,3+kk,False,False,False,False,False,False,False,False,False
2527776844,Praha 8,Karlín,Praha 8,37,,C,2026-07-24,Ano,1+kk,False,False,False,False,False,False,False,False,False
2527838284,Praha 4,Kunratice,Praha-Kunratice,89,24000.0,A,2026-08-12,,3+kk,False,False,False,False,False,False,False,False,False
2530795596,Praha 9,Prosek,Praha 9,55,24000.0,B,2026-07-07,Částečně,2+kk,False,False,False,False,False,False,False,False,False
2532598604,Praha 4,Modřany,Praha 12,29,12000.0,B,2026-03-01,Částečně,1+kk,False,False,False,False,False,False,False,False,False
2532819020,Praha 10,Vršovice,Praha 10,67,,C,2026-08-26,,3+kk,False,False,False,False,False,False,False,False,False
2536882252,Praha 8,Libeň,Praha 8,30,,C,2026-08-28,,unknown,False,False,False,True,False,False,False,False,False
2537017420,Praha 5,Smíchov,Praha 5,101,33000.0,B,2026-08-06,,3+kk,False,False,False,False,False,False,False,False,False
2539511884,Praha 2,Vinohrady,Praha 2,40,23000.0,A,2026-07-09,Ano,2+kk,False,True,False,False,False,False,False,False,False
2542788684,Praha 10,Záběhlice,Praha 10,31,17000.0,A,2026-07-08,Ne,1+kk,False,False,False,False,False,False,False,False,False
2543513676,Praha 3,Vinohrady,Praha 3,54,25000.0,A,2026-06-15,Částečně,2+kk,False,False,False,False,False,False,False,False,False
2545479756,Praha 2,Nové Město,Praha 2,190,175000.0,B,2026-06-16,,4+kk,False,False,False,False,True,False,False,False,False
2549588044,Praha 3,Vinohrady,Praha 3,92,,C,2026-05-05,Ne,3+kk,False,False,False,False,False,False,False,False,False
2550382668,Praha 9,Kbely,Praha 19,78,,C,2026-08-21,Částečně,2+kk,False,False,False,False,False,False,False,False,False
2553262156,Praha 10,Strašnice,Praha 10,20,13500.0,B,2026-04-09,Ano,1+kk,False,False,False,False,False,False,False,False,False
2555232332,Praha 2,Vinohrady,Praha 2,114,49000.0,A,2026-08-19,Ne,4+1,False,False,False,False,False,False,False,False,False
2557313100,Praha 6,Břevnov,Praha 6,91,48000.0,B,2026-06-01,Částečně,3+kk,False,False,False,False,False,False,False,False,False
2559033420,Praha 5,Smíchov,Praha 5,407,120000.0,B,2026-08-27,Ne,4+kk,False,False,False,False,False,False,True,False,False
2559815756,Praha 4,Modřany,Praha 12,76,,C,2026-04-14,Ne,3+1,False,False,False,False,False,False,False,False,False
2560540748,Praha 9,Kyje,Praha 14,50,,C,2026-08-18,Ano,2+kk,False,False,False,False,False,False,False,False,False
2560770892,Praha 4,Podolí,Praha 4,83,39000.0,B,2026-03-27,Ano,2+kk,False,False,False,False,False,False,False,False,False
2560868428,Praha 7,Holešovice,Praha 7,53,32500.0,A,2026-08-21,,2+kk,False,False,False,False,False,False,False,False,False
2561785932,Praha 5,Smíchov,Praha 5,182,59000.0,B,2026-08-25,Ano,4+kk,False,False,False,False,False,False,False,False,False
2562703436,Praha 1,Vinohrady,Praha 3,74,,C,2026-08-17,,3+kk,False,False,False,False,False,False,False,False,False
2564608076,Praha 8,Troja,Praha 8,126,45000.0,B,2026-07-31,Ano,3+kk,False,False,False,False,False,False,False,False,False
2564784204,Praha 5,Košíře,Praha 5,38,,C,2026-05-31,,1+kk,False,False,False,False,False,False,False,False,False
2565390412,Praha 6,Bubeneč,Praha 6,70,27000.0,B,2026-08-16,Ne,2+1,False,False,False,False,False,False,False,False,False
2565656652,Praha 8,Kobylisy,Praha 8,48,20000.0,B,2026-07-31,,2+1,False,False,False,False,False,False,False,False,False
2567753804,Praha 5,Stodůlky,Praha 13,46,23500.0,A,2026-07-31,,2+kk,False,False,False,False,False,False,False,False,False
2567815244,Praha 8,Libeň,Praha 8,34,18900.0,B,2026-08-19,Částečně,1+kk,False,False,False,False,False,False,False,False,False
2568011852,Praha 3,Žižkov,Praha 3,81,,C,2026-08-25,Ano,2+kk,False,False,False,False,False,False,False,False,False
2568085580,Praha 8,Libeň,Praha 8,68,,C,2026-07-15,Ne,2+1,False,False,False,False,False,False,False,False,False
2568675404,Praha 8,Libeň,Praha 8,102,38000.0,A,2026-07-03,Ano,3+kk,True,False,False,False,False,False,False,False,False
2570174540,Praha 6,Ruzyně,Praha 6,41,21000.0,A,2026-08-24,Ano,2+kk,True,False,False,False,False,False,False,False,False
2571550796,Praha 3,Žižkov,Praha 3,35,,C,2026-08-27,Částečně,1+kk,False,False,False,False,False,False,False,False,False
2573914188,Praha 4,Libuš,Praha-Libuš,116,,C,2026-07-23,Ne,3+1,True,False,False,False,False,False,False,False,False
2574062412,Praha 5,Stodůlky,Praha 13,32,,C,2025-12-10,,1+kk,False,False,True,False,False,False,False,False,False
2574512204,Praha 5,Stodůlky,Praha 13,36,,C,2026-06-22,,1+kk,False,False,True,False,False,False,False,False,False
2576138316,Praha 5,Hlubočepy,Praha 5,72,30000.0,B,2026-08-20,,3+kk,False,False,False,False,False,False,False,False,False
2577973324,Praha 4,Chodov,Praha 11,43,15500.0,B,2026-08-16,Ano,unknown,False,False,False,True,False,False,False,False,False
2579353676,Praha 7,Holešovice,Praha 7,59,27000.0,A,2026-07-30,,2+kk,False,False,False,False,False,False,False,False,False
2582036556,Praha 10,Hostivař,Praha 15,47,22900.0,A,2026-08-27,,2+kk,False,False,False,False,False,False,False,False,False
2583351372,Praha 5,Sobín,Praha-Zličín,73,,C,2026-07-23,,3+kk,False,False,False,False,False,False,False,False,False
2584137804,Praha 8,Kobylisy,Praha 8,67,25900.0,B,2026-08-07,Ne,3+1,False,False,False,False,False,False,False,False,False
2586165324,Praha 3,Vinohrady,Praha 3,76,11800.0,B,2026-08-28,Ne,3+1,False,False,False,False,False,False,False,False,False
2589032524,Praha 9,Libeň,Praha 9,78,24500.0,A,2026-06-05,Ne,3+kk,False,False,False,False,False,False,False,False,False
2590556236,Praha 7,Holešovice,Praha 7,30,20000.0,A,2026-08-14,Ano,1+kk,False,False,False,False,False,False,False,False,False
2591195212,Praha 6,Bubeneč,Praha 6,112,39000.0,B,2026-06-04,,3+1,False,False,False,False,False,False,False,False,False
2591839052,Praha 1,Nové Město,Praha 1,120,,C,2026-03-09,Ano,3+kk,False,False,False,False,False,False,False,False,False
2592190540,Praha 10,,,170,65000.0,B,2026-04-16,,4+kk,False,False,False,False,False,False,False,False,False
2592194636,Praha 3,Žižkov,Praha 3,84,45000.0,B,2026-08-25,Ano,3+kk,False,False,False,False,False,False,False,False,False
2595151948,Praha 10,Záběhlice,Praha 10,82,27000.0,B,2026-07-09,Částečně,4+kk,False,False,False,False,False,False,False,False,False
2596130892,Praha 9,Horní Počernice,Praha 20,124,34000.0,B,2026-07-30,Částečně,4+kk,False,False,False,False,False,False,False,False,False
2596651084,Praha 2,Vinohrady,Praha 2,91,29000.0,A,2026-08-30,Ne,3+kk,False,False,False,False,False,False,False,False,False
2597765196,Praha 2,Vinohrady,Praha 2,54,38700.0,B,2026-08-28,Ano,2+1,False,False,False,False,False,False,False,False,False
2599927884,Praha 2,Vinohrady,Praha 2,73,28000.0,B,2026-08-26,Ano,2+kk,False,False,False,False,False,False,False,False,False
2600259660,Praha 10,Hostivař,Praha 15,40,,C,2026-07-31,,2+kk,False,False,False,False,False,False,False,False,False
2603466828,Praha 2,Nusle,Praha 2,58,,C,2026-08-19,Částečně,2+kk,False,False,False,False,False,False,False,False,False
2604388428,Praha 6,Řepy,Praha 17,55,28000.0,B,2026-07-22,,2+kk,False,False,False,False,False,False,False,False,False
2605278028,Praha 9,Vysočany,Praha 9,55,26000.0,B,2026-02-13,,2+kk,False,False,False,False,False,False,False,False,False
2605301836,Praha 4,Hodkovičky,Praha 4,109,36900.0,A,2026-08-13,Částečně,3+kk,False,False,False,False,False,False,False,False,False
2606620748,Praha 5,Stodůlky,Praha 13,63,22990.0,B,2026-07-09,Ne,3+kk,False,False,False,False,False,False,False,False,False
2606842444,Praha 3,Vinohrady,Praha 3,60,49800.0,A,2025-05-19,Ne,2+kk,False,False,False,False,False,False,False,False,False
2609098828,Praha 8,Karlín,Praha 8,48,,C,2026-04-14,Ano,2+kk,True,False,False,False,False,False,False,False,False
2609233996,Praha 9,Letňany,Praha 18,55,20000.0,B,2026-08-30,Částečně,2+kk,False,False,False,False,False,False,False,False,False
2609569868,Praha 5,Hlubočepy,Praha 5,53,21490.0,A,2026-07-03,Částečně,1+kk,False,False,False,False,False,False,False,False,False
2614149196,Praha 4,Chodov,Praha 11,32,17500.0,A,2026-08-26,Částečně,1+kk,False,False,False,False,False,False,False,False,False
2615199052,Praha 2,Vinohrady,Praha 2,40,23000.0,A,2024-01-26,Ano,1+1,False,False,False,False,False,False,False,False,False
2616311884,Praha 10,Uhříněves,Praha 22,33,17000.0,A,2026-08-25,,1+kk,False,False,False,False,False,False,False,False,False
2618458188,Praha 1,Staré Město,Praha 1,120,52900.0,A,2026-06-04,,3+1,False,False,False,False,False,False,False,False,False
2618990668,Praha 4,Michle,Praha 4,100,32000.0,B,2026-04-23,,3+kk,False,False,False,False,False,False,False,False,True
2620833868,Praha 10,Strašnice,Praha 10,65,,C,2026-08-27,Ne,2+kk,False,False,False,False,False,False,False,False,False
2621689932,Praha 5,Zličín,Praha-Zličín,55,20000.0,A,2026-08-02,Ne,2+kk,False,False,False,False,False,False,False,False,False
2622025804,Praha 2,Vinohrady,Praha 2,43,32000.0,A,2026-06-16,Ano,2+kk,False,False,False,False,False,False,False,False,False
2624376908,Praha 9,Újezd nad Lesy,Praha 21,38,16000.0,B,2026-07-30,Částečně,1+kk,False,False,False,False,False,False,False,False,False
2625097804,Praha 6,Vokovice,Praha 6,53,29000.0,B,2026-08-06,Ne,2+kk,False,False,False,False,False,False,False,False,False
2625224780,Praha 4,Nusle,Praha 4,23,15990.0,A,2026-08-13,Ne,1+kk,True,False,False,False,False,False,False,False,False
2627911756,Praha 10,,,38,,C,2026-08-24,,2+kk,True,False,False,False,False,False,False,False,False
2629877836,Praha 4,Braník,Praha 4,73,26000.0,A,2026-08-25,,3+1,False,False,False,False,False,False,False,False,False
2630205516,Praha 5,Smíchov,Praha 5,164,37900.0,A,2026-08-30,,3+1,False,False,False,False,False,False,False,False,False
2630279244,Praha 7,Holešovice,Praha 7,47,31400.0,A,2026-07-20,,2+1,False,False,False,False,False,False,False,False,False
2631712844,Praha 8,Karlín,Praha 8,55,,C,2026-08-20,Ano,2+kk,False,False,False,False,False,False,False,False,False
2635456588,Praha 5,Košíře,Praha 5,55,,C,2026-07-20,Ano,2+kk,False,False,False,False,False,False,False,False,False
2635972684,Praha 4,Modřany,Praha 12,29,,C,2026-08-19,,1+kk,False,False,False,False,False,False,False,False,False
2636890188,Praha 4,Michle,Praha 4,42,18990.0,B,2026-08-11,Ano,2+kk,False,False,False,False,False,False,False,False,False
2637140044,Praha 5,Smíchov,Praha 5,57,,C,2026-05-13,Ano,2+kk,False,False,False,False,False,False,False,False,False
2639102028,Praha 7,Holešovice,Praha 7,70,30990.0,B,2026-06-02,Částečně,2+kk,False,False,False,False,False,False,False,False,False
2639908940,Praha 9,Běchovice,Praha-Běchovice,106,33000.0,B,2026-07-24,,3+kk,False,False,False,False,False,False,False,False,False
2642903116,Praha 2,Vinohrady,Praha 2,95,38000.0,B,2026-06-09,Ne,4+kk,False,False,False,False,False,False,False,False,True
2643710028,Praha 1,Nové Město,Praha 1,37,28000.0,A,2026-08-03,Ano,2+kk,False,True,False,False,False,False,False,False,False
2645286988,Praha 4,Podolí,Praha 4,51,27990.0,B,2026-07-02,Částečně,2+kk,False,False,False,False,False,False,False,False,False
2646327372,Praha 2,,,97,,C,2026-08-12,,3+1,False,False,False,False,False,False,False,False,False
2648215628,Praha 6,Střešovice,Praha 6,176,83000.0,B,2026-05-12,Ne,4+kk,False,False,True,False,False,False,False,False,False
2649432908,Praha 6,Nebušice,Praha-Nebušice,123,34400.0,A,2025-11-12,Částečně,3+kk,False,False,False,False,False,False,False,False,False
2649441100,Praha 3,Vinohrady,Praha 3,118,104593.65,B,2026-03-18,Ne,4+kk,False,False,False,False,True,False,False,False,False
2649804876,Praha 3,Žižkov,Praha 3,66,29500.0,A,2026-08-05,Částečně,3+kk,False,False,False,False,False,False,False,False,False
2650206284,Praha 2,Vinohrady,Praha 2,70,29000.0,B,2026-06-29,Ne,2+1,False,False,False,False,False,False,False,False,False
2651242572,Praha 5,Radotín,Praha 16,25,,C,2026-08-27,,unknown,False,False,False,True,False,False,False,False,False
2651635788,Praha 1,Praha 1,Praha 1,170,79000.0,B,2026-08-20,Ano,4+1,True,False,False,False,False,False,False,False,False
2654380108,Praha 5,Třebonice,Praha-Zličín,75,32990.0,A,2026-05-05,,2+kk,True,False,False,False,False,False,False,False,False
2655371340,Praha 2,Nové Město,Praha 2,77,28900.0,A,2026-08-28,,2+1,False,False,False,False,False,False,False,False,False
2657710924,Praha 1,Staré Město,Praha 1,174,53000.0,A,2026-01-26,,4+1,False,True,False,False,False,False,False,False,False
2658648140,Praha 2,Vinohrady,Praha 2,59,,C,2026-08-26,Částečně,2+kk,False,False,False,False,False,False,False,False,False
2661908556,Praha 10,Uhříněves,Praha 22,80,,C,2026-05-28,Částečně,4+kk,False,False,False,False,False,False,False,False,False
2662121548,Praha 8,Libeň,Praha 8,30,,C,2026-08-20,Ne,1+kk,False,False,False,False,False,False,False,False,False
2662907980,Praha 4,Modřany,Praha 12,32,,C,2026-08-17,,1+kk,False,False,False,False,False,False,False,False,False
2663370828,Praha 10,Hostivař,Praha 15,75,21500.0,B,2026-07-28,,2+kk,False,False,False,False,False,False,False,False,False
2663592780,Praha 1,Nové Město,Praha 1,130,59000.0,A,2025-11-03,Částečně,4+kk,True,True,False,False,False,False,False,False,False
2663620684,Praha 9,Hloubětín,Praha 14,30,17900.0,A,2026-04-30,Ne,1+kk,False,False,False,False,False,False,False,False,False
2663968844,Praha 9,Vysočany,Praha 9,63,,C,2026-06-16,,2+kk,False,False,False,False,False,False,False,False,False
2666218316,Praha 3,Vinohrady,Praha 3,137,104593.65,B,2026-03-18,Ne,4+kk,True,False,False,False,True,False,False,False,False
2666446924,Praha 6,Bubeneč,Praha 6,28,14500.0,A,2026-08-18,Částečně,1+kk,False,False,False,False,False,False,False,False,False
2666778700,Praha 5,Smíchov,Praha 5,86,48000.0,A,2026-08-03,Ano,3+kk,False,False,False,False,False,False,False,False,False
2666889292,Praha 9,Libeň,Praha 9,31,,C,2026-06-10,Částečně,1+kk,False,False,False,False,False,False,False,False,False
2666893388,Praha 4,Nusle,Praha 4,51,,C,2026-05-25,Ne,2+kk,False,False,False,False,False,False,False,False,False
2669461580,Praha 5,Smíchov,Praha 5,78,45000.0,B,2026-08-20,,3+kk,False,False,False,False,False,False,False,False,False
2672554060,Praha 5,Stodůlky,Praha-Řeporyje,78,30000.0,A,2026-06-12,Částečně,3+kk,False,False,False,False,False,False,False,False,False
2672869452,Praha 3,Žižkov,Praha 3,46,23500.0,A,2026-08-25,,2+kk,False,False,False,False,False,False,False,False,False
2673459276,Praha 10,Záběhlice,Praha 10,43,,D,2026-08-13,,2+1,False,False,False,False,False,True,False,False,False
2673786956,Praha 2,Vinohrady,Praha 2,123,58000.0,B,2026-08-18,Ne,4+kk,False,False,False,False,False,False,False,False,False
2675753036,Praha 8,Karlín,Praha 8,36,,D,2026-08-20,Ano,1+kk,False,False,False,False,False,True,False,False,False
2675753804,Praha 6,Bubeneč,Praha 6,211,70000.0,A,2025-10-14,,4+1,False,False,False,False,False,False,False,False,False
2675949644,Praha 3,Vinohrady,Praha 3,109,61900.0,A,2026-08-17,Ne,3+kk,False,False,False,False,False,False,False,False,False
2676084812,Praha 8,Ďáblice,Praha-Ďáblice,90,35000.0,A,2026-08-05,Částečně,3+kk,False,False,False,False,False,False,False,False,False
2678308940,Praha 6,Řepy,Praha 17,50,,C,2026-08-21,,2+kk,False,False,False,False,False,False,False,False,False
2680410188,Praha 3,Žižkov,Praha 3,40,18500.0,B,2026-08-03,Ne,1+1,False,False,False,False,False,False,False,False,False
2681655372,Praha 6,Vokovice,Praha 6,153,,C,2026-08-08,Ano,4+kk,False,False,False,False,False,False,False,False,False
2681978956,Praha 5,Stodůlky,Praha 13,90,32000.0,B,2026-08-12,Částečně,3+kk,False,False,False,False,False,False,False,False,False
2682183756,Praha 3,Žižkov,Praha 3,70,41000.0,A,2026-07-09,Částečně,3+kk,False,False,False,False,False,False,False,False,False
2684272716,Praha 5,Stodůlky,Praha 13,51,,C,2026-08-18,,2+kk,False,False,True,False,False,False,False,False,False
2685915212,Praha 4,Nusle,Praha 4,36,33400.0,A,2026-08-06,Ano,2+kk,False,False,False,False,True,False,False,False,False
2686697548,Praha 2,Vinohrady,Praha 2,50,23000.0,A,2026-08-21,Částečně,2+kk,False,False,False,False,False,False,False,False,False
2689638476,Praha 10,Strašnice,Praha 10,20,,C,2026-05-04,Ano,unknown,False,False,False,True,False,False,False,True,False
2692071500,Praha 6,Suchdol,Praha-Suchdol,72,25000.0,B,2026-08-28,,2+1,False,False,False,False,False,False,False,False,False
2693972044,Praha 9,Hloubětín,Praha 14,78,,C,2026-08-24,Ne,3+kk,False,False,False,False,False,False,False,False,False
2694692940,Praha 5,Smíchov,Praha 5,80,27000.0,B,2026-08-19,Ne,3+kk,False,False,False,False,False,False,False,False,False
2695348300,Praha 4,Nusle,Praha 4,26,13000.0,A,2026-08-27,,1+kk,False,False,False,False,False,False,False,False,False
2695815244,Praha 3,Žižkov,Praha 3,71,22000.0,A,2026-07-09,Částečně,2+kk,False,False,False,False,False,False,False,False,False
2696011852,Praha 7,Bubeneč,Praha 7,178,55000.0,A,2026-07-15,Ne,5+1,False,False,False,False,False,False,False,False,False
2696134732,Praha 4,Michle,Praha 4,53,23000.0,B,2026-08-22,Ano,2+kk,False,False,False,False,False,False,False,False,False
2697314380,Praha 10,Uhříněves,Praha 22,29,14000.0,A,2026-08-30,Ano,1+kk,False,False,False,False,False,False,False,False,False
2697904204,Praha 5,Stodůlky,Praha 13,45,,C,2026-08-18,,2+kk,False,False,False,False,False,False,False,False,False
2698690636,Praha 4,Hodkovičky,Praha 4,41,,C,2026-08-13,Ano,2+kk,False,False,False,False,False,False,False,False,False
2703269964,Praha 1,Nové Město,Praha 1,122,,C,2026-05-04,Ano,3+kk,False,False,False,False,False,False,False,False,False
2703802444,Praha 5,Jinonice,Praha 5,45,,C,2026-08-15,,2+1,False,False,False,False,False,False,False,False,False
2705375308,Praha 9,Hloubětín,Praha 14,53,18000.0,A,2026-08-25,,2+1,False,False,False,False,False,False,False,False,False
2705702988,Praha 5,Smíchov,Praha 5,164,37900.0,A,2026-08-28,Ne,3+kk,False,False,False,False,False,False,False,False,False
2705821772,Praha 2,Nové Město,Praha 2,68,26500.0,A,2026-05-21,Částečně,2+1,False,False,False,False,False,False,False,False,False
2706038860,Praha 4,Libuš,Praha-Libuš,120,37000.0,A,2026-07-02,Částečně,3+1,False,False,False,False,False,False,False,False,False
2708377676,Praha 5,Smíchov,Praha 5,53,,C,2026-05-13,Ano,2+kk,False,True,False,True,False,False,False,False,False
2708451404,Praha 5,Smíchov,Praha 5,114,,C,2026-04-09,Ano,3+kk,False,False,False,False,False,False,False,False,True
2708725836,Praha 10,Strašnice,Praha 10,39,21000.0,A,2026-07-13,Ne,2+kk,False,False,False,False,False,False,False,False,False
2712780876,Praha 4,Krč,Praha 4,69,29500.0,A,2026-08-25,Částečně,3+kk,False,False,False,False,False,False,False,False,False
2712920140,Praha 5,Košíře,Praha 5,109,49000.0,A,2026-07-13,Ne,3+kk,True,False,False,False,False,False,False,False,False
2713563212,Praha 2,Vinohrady,Praha 2,119,45000.0,B,2026-04-13,Částečně,3+1,False,False,False,False,False,False,False,False,False
2714480716,Praha 4,Michle,Praha 4,48,,C,2026-04-06,,unknown,False,False,False,True,False,False,False,False,False
2714554444,Praha 10,Strašnice,Praha 10,44,,C,2026-07-31,Částečně,2+kk,False,False,False,False,False,False,False,False,False
2715501388,Praha 9,Vysočany,Praha 9,69,41000.0,B,2026-03-18,Ano,3+kk,False,False,False,False,False,False,False,False,False
2715996236,Praha 9,Střížkov,Praha 9,52,,C,2026-08-03,Ne,3+1,False,False,False,False,False,False,False,False,False
2716106828,Praha 2,Vinohrady,Praha 2,124,,C,2026-06-11,,3+kk,False,False,True,False,False,False,False,False,False
2719465548,Praha 5,Hlubočepy,Praha 5,67,24000.0,A,2026-08-26,Částečně,2+kk,False,False,False,False,False,False,False,False,False
2720047180,Praha 1,Malá Strana,Praha 1,59,32900.0,A,2026-05-04,Ano,2+1,False,False,False,False,False,False,False,False,False
2725367884,Praha 8,Libeň,Praha 8,75,27000.0,A,2026-08-04,Ne,3+1,False,False,False,False,False,False,False,False,False
2726809676,Praha 5,Stodůlky,Praha 13,64,23000.0,B,2026-08-07,Částečně,2+kk,False,False,False,False,False,False,False,False,False
2727399500,Praha 10,Malešice,Praha 10,72,,C,2026-08-06,Ano,3+1,False,False,False,False,False,False,False,False,False
2727788620,Praha 5,Smíchov,,60,,C,2026-08-28,Ano,2+kk,False,False,False,False,True,False,False,False,False
2728644684,Praha 3,Žižkov,Praha 3,86,38000.0,B,2026-08-03,,3+kk,False,False,False,False,False,False,False,False,False
2729427020,Praha 7,,,74,29500.0,B,2026-08-17,,3+kk,False,False,False,False,False,False,False,False,False
2730549324,Praha 5,Malá Strana,Praha 5,154,75000.0,A,2026-07-16,Ano,4+1,True,False,False,False,False,False,False,False,False
2732773452,Praha 4,Braník,Praha 4,42,20000.0,A,2026-08-03,,2+kk,False,False,False,False,False,False,False,False,False
2732834892,Praha 9,Střížkov,Praha 9,35,14990.0,A,2026-08-21,Ne,1+kk,False,False,False,False,False,False,False,False,False
2732965964,Praha 2,Vinohrady,Praha 2,54,,C,2026-08-29,,2+kk,False,False,False,False,False,False,False,False,False
2734932044,Praha 5,Hlubočepy,Praha 5,53,28000.0,A,2026-08-21,Částečně,2+kk,False,False,False,False,False,False,False,False,False
2735591500,Praha 4,Krč,Praha 4,157,61900.0,B,2026-07-30,Částečně,4+kk,False,False,False,False,False,False,False,False,False
2735771724,Praha 10,Vršovice,Praha 10,67,34500.0,B,2026-05-20,Ne,3+kk,False,False,False,False,False,False,False,False,False
2739388492,Praha 10,Horní Měcholupy,Praha 15,78,,C,2026-08-26,Ano,3+kk,False,False,False,False,False,False,False,False,False
2739650636,Praha 8,Libeň,Praha 8,101,,C,2026-08-11,,3+1,False,False,False,False,False,False,False,False,False
2740568140,Praha 1,Josefov,Praha 1,195,81264.75,B,2026-08-13,Ne,atypical,False,False,False,False,False,False,False,False,False
2740686924,Praha 4,Nusle,Praha 4,63,25000.0,A,2026-05-08,Částečně,2+kk,False,False,False,True,False,False,False,False,False
2741293132,Praha 1,Nové Město,Praha 1,91,38900.0,B,2026-08-10,Ne,3+kk,False,False,False,False,False,False,False,False,False
2742276172,Praha 4,Chodov,Praha 11,41,,C,2026-08-01,Částečně,1+1,False,False,False,False,False,False,False,False,False
2743783500,Praha 2,Vinohrady,Praha 2,41,36317.0,A,2026-07-24,Ano,2+kk,True,False,False,False,True,False,False,False,False
2743976012,Praha 10,Vršovice,Praha 10,65,22000.0,A,2026-08-19,Částečně,3+1,False,False,False,False,False,False,False,False,False
2744537932,Praha 6,Břevnov,Praha 6,113,,C,2026-03-16,Ano,3+kk,False,False,False,False,False,False,False,False,False
2748633164,Praha 5,Stodůlky,Praha 13,74,25900.0,A,2026-08-11,Ne,3+1,False,False,False,False,False,False,False,False,False
2749812812,Praha 3,Žižkov,Praha 3,48,,C,2026-08-07,Ano,2+kk,False,False,False,False,False,False,False,False,False
2750185548,Praha 5,Smíchov,Praha 5,70,,C,2026-06-03,,3+kk,False,False,False,False,False,False,False,False,False
2751053900,Praha 3,Vinohrady,Praha 3,109,,C,2026-08-14,Ne,3+kk,True,False,False,False,False,False,False,False,False
2752495692,Praha 9,Libeň,Praha 9,25,15000.0,B,2026-08-17,Částečně,1+kk,False,False,False,False,False,False,False,False,False
2752614476,Praha 2,Vinohrady,Praha 2,39,25000.0,A,2026-05-19,Ano,2+kk,False,False,False,False,False,False,False,False,False
2752630860,Praha 5,Radotín,Praha 16,72,21000.0,A,2026-08-04,Ano,3+kk,False,False,False,False,False,False,False,False,False
2753097804,Praha 1,Nové Město,Praha 1,56,33500.0,A,2026-06-16,Ano,1+kk,False,True,False,False,False,False,False,False,False
2753884236,Praha 1,Staré Město,Praha 1,29,37000.0,B,2026-06-30,,1+kk,False,True,False,False,True,False,False,False,False
2754068556,Praha 5,Smíchov,Praha 5,83,29600.0,A,2026-08-26,,2+1,False,False,False,False,False,False,False,False,False
2754146380,Praha 1,Hradčany,Praha 1,72,,C,2026-06-16,Ano,2+1,False,False,False,False,False,False,False,False,False
2754793548,Praha 5,Košíře,Praha 5,81,28000.0,B,2026-08-03,,2+kk,False,False,False,False,False,False,False,False,False
2756743244,Praha 5,Smíchov,Praha 5,89,54200.0,B,2026-05-20,Ano,3+kk,False,False,False,False,False,False,False,False,False
2758336588,Praha 5,Košíře,Praha 5,56,,C,2026-07-06,Ano,2+kk,False,False,False,False,False,False,False,False,False
2759389260,Praha 1,Staré Město,Praha 1,163,,C,2026-06-16,Ne,4+1,False,True,False,False,False,False,False,False,False
2760167500,Praha 3,Vinohrady,Praha 3,109,,C,2026-08-11,Ano,3+kk,True,False,False,False,False,False,False,False,False
2761405260,Praha 9,Hrdlořezy,Praha 9,97,,C,2025-06-08,,3+kk,False,False,False,False,False,False,False,False,False
2763556684,Praha 2,Vinohrady,Praha 2,60,,C,2022-09-12,Ano,2+kk,False,True,False,False,True,False,False,False,False
2765217868,Praha 6,Ruzyně,Praha 6,91,45000.0,A,2026-07-15,Ano,4+kk,False,False,False,False,False,False,False,False,False
2765869132,Praha 1,Nové Město,Praha 1,62,29000.0,A,2026-07-22,Ano,2+1,False,False,False,True,False,False,False,False,False
2765938764,Praha 8,Libeň,Praha 8,50,,C,2026-07-12,Ano,2+1,False,False,False,False,False,False,False,False,False
2767306828,Praha 2,Vinohrady,Praha 2,110,57960.0,B,2026-08-24,Ano,3+kk,True,False,False,False,False,False,False,False,False
2768486476,Praha 9,Letňany,Praha 18,35,18490.0,A,2026-08-21,Ano,1+kk,True,False,False,False,False,False,False,False,False
2768879692,Praha 8,Kobylisy,Praha 8,64,24990.0,A,2026-08-13,Částečně,3+1,False,False,False,False,False,False,False,False,False
2771894348,Praha 10,Hostivař,Praha 15,32,,C,2026-08-26,,1+kk,False,False,False,False,False,False,False,False,False
2772156492,Praha 4,,,45,,C,2026-08-11,,1+kk,False,False,False,False,False,False,False,False,False
2773667916,Praha 10,Strašnice,Praha 10,75,24990.0,A,2026-08-03,Ne,2+1,True,False,False,False,False,False,False,False,False
2775498828,Praha 4,Písnice,Praha-Libuš,93,,C,2026-08-18,,3+kk,False,False,False,True,False,False,False,False,False
2779611212,Praha 1,Malá Strana,Praha 1,88,60500.0,A,2026-06-02,Ano,2+kk,False,False,False,False,False,False,False,False,False
2779631692,Praha 10,Strašnice,Praha 10,51,25000.0,A,2026-07-30,,2+1,False,False,False,False,False,False,False,False,False
2781868108,Praha 2,Vinohrady,Praha 2,143,,C,2026-06-17,Ne,4+1,False,True,False,True,False,False,False,False,False
2782380108,Praha 5,Smíchov,Praha 5,91,,C,2026-08-27,,3+1,False,False,False,False,False,False,False,False,False
2784665676,Praha 5,Hlubočepy,Praha 5,156,65000.0,B,2026-04-23,Ano,3+kk,False,False,False,False,False,False,False,False,False
2785394764,Praha 5,Smíchov,Praha 5,45,17500.0,B,2026-08-29,Ne,1+kk,False,False,False,False,False,False,False,False,False
2786193484,Praha 5,Smíchov,Praha 5,49,31900.0,B,2026-06-24,Ano,2+kk,False,False,False,False,False,False,False,False,False
2788933708,Praha 5,Košíře,Praha 5,40,25500.0,B,2026-08-11,Ano,1+kk,False,False,False,False,False,False,False,False,False
2791149644,Praha 8,Libeň,Praha 8,89,28000.0,B,2026-05-14,Ano,4+kk,False,False,False,False,False,False,False,False,False
2791358540,Praha 5,Hlubočepy,Praha 5,54,24000.0,B,2026-08-25,Ne,2+kk,False,False,False,False,False,False,False,False,False
2791686220,Praha 4,Chodov,Praha 11,90,35500.0,B,2026-08-28,Ano,3+1,False,False,False,False,False,False,False,False,False
2794176588,Praha 10,Strašnice,Praha 10,26,19990.0,B,2026-08-12,Ne,1+kk,False,False,False,False,False,False,False,False,False
2795688012,Praha 6,Řepy,Praha 17,60,,C,2026-08-04,,2+kk,False,False,False,False,False,False,False,False,False
2797981772,Praha 2,Vinohrady,Praha 2,67,37000.0,B,2026-08-10,,2+kk,False,False,False,False,False,False,False,False,False
2799878220,Praha 5,Smíchov,Praha 5,87,36500.0,B,2026-08-24,,3+kk,False,False,False,False,False,False,False,False,False
2800123980,Praha 2,Nové Město,Praha 2,32,25000.0,A,2026-06-09,,1+1,True,False,False,False,False,False,False,False,False
2802241612,Praha 5,Radlice,Praha 5,37,18490.0,A,2026-08-07,Ne,1+kk,False,False,False,False,False,False,False,False,False
2803220556,Praha 2,Nové Město,Praha 2,45,20000.0,A,2026-08-29,,1+1,False,False,False,False,False,False,False,False,False
2805383244,Praha 10,Záběhlice,Praha 10,57,24000.0,B,2026-08-27,Ne,2+1,False,False,False,False,False,False,False,False,False
2805973068,Praha 10,Vršovice,Praha 10,58,26000.0,A,2026-08-17,,2+kk,False,False,False,False,False,False,False,False,False
2811904844,Praha 4,Podolí,Praha 4,137,,C,2026-03-19,Ano,3+kk,False,False,False,False,False,False,False,False,False
2812252236,Praha 9,Hrdlořezy,Praha 9,55,32700.0,B,2026-05-13,,2+kk,False,False,False,False,False,False,False,False,False
2813378636,Praha 4,Újezd u Průhonic,Praha-Újezd,47,19000.0,B,2026-08-26,Částečně,2+kk,False,False,False,False,False,False,False,False,False
2814623820,Praha 5,Stodůlky,Praha 13,54,23000.0,A,2026-08-21,Částečně,2+kk,False,False,False,False,False,False,False,False,False
2815742028,Praha 5,Smíchov,Praha 5,42,27500.0,B,2026-08-11,,2+kk,False,False,False,False,False,False,False,False,False
2815807564,Praha 5,Hlubočepy,Praha 5,52,21900.0,A,2026-08-10,Ano,2+kk,True,False,False,False,False,False,False,False,False
2817704012,Praha 6,Dejvice,Praha 6,56,,C,2026-08-24,,2+1,False,False,False,False,False,False,False,False,False
2822009676,Praha 4,Michle,Praha 4,50,25000.0,A,2026-02-10,,2+kk,False,False,False,False,False,False,False,False,False
2823082060,Praha 7,Holešovice,Praha 7,47,22000.0,A,2026-08-10,Ne,1+kk,False,False,False,False,False,False,False,False,False
2824974412,Praha 8,Karlín,Praha 8,70,,C,2026-04-15,Částečně,2+kk,False,False,False,False,False,False,False,False,False
2829041740,Praha 10,Strašnice,Praha 10,67,,C,2026-08-17,,3+kk,False,False,False,False,False,False,False,False,False
2829893708,Praha 3,Žižkov,Praha 3,41,23000.0,A,2026-08-20,Částečně,1+kk,False,False,False,False,False,False,False,False,False
2831007820,Praha 8,Bohnice,Praha 8,38,18000.0,B,2026-08-19,Ne,1+1,False,False,False,False,False,False,False,False,True
2831142988,Praha 5,Stodůlky,Praha 13,84,,C,2026-07-28,Částečně,3+1,False,False,False,False,False,False,False,False,False
2833182796,Praha 4,Nusle,Praha 4,69,21000.0,B,2026-06-18,Ano,3+1,False,False,False,False,False,False,False,False,False
2833301580,Praha 5,Lipence,Praha-Lipence,15,,C,2026-08-25,Částečně,unknown,False,False,False,True,False,False,False,False,False
2834240076,Praha 1,Nové Město,Praha 1,69,,C,2025-02-10,Ano,2+1,False,False,False,False,False,False,False,False,False
2835271756,Praha 5,Smíchov,Praha 5,91,,C,2026-07-29,,4+kk,False,False,False,False,False,False,False,False,False
2835783756,Praha 2,Nové Město,Praha 2,81,41000.0,B,2026-05-05,Ano,3+1,True,False,False,False,False,False,False,False,False
2840051788,Praha 6,Veleslavín,Praha 6,54,21490.0,A,2026-08-26,Ano,2+1,False,False,False,False,False,False,False,False,False
2840518732,Praha 2,Praha 2,Praha 2,45,28000.0,B,2026-07-08,Ano,2+kk,False,False,False,False,False,False,False,False,False
2840760396,Praha 1,Nové Město,Praha 1,114,60000.0,A,2026-05-18,,3+1,False,False,False,False,False,False,False,False,True
2840969292,Praha 4,Modřany,Praha 12,40,,C,2026-08-28,,1+kk,False,False,False,False,False,False,False,False,False
2848637004,Praha 2,Vinohrady,Praha 2,55,28000.0,A,2026-08-13,Ne,1+1,False,False,False,False,False,False,False,False,False
2850209868,Praha 3,Vinohrady,Praha 3,23,15990.0,B,2026-08-24,Částečně,1+kk,False,False,False,False,False,False,False,False,False
2850549836,Praha 6,Ruzyně,Praha 6,32,18900.0,A,2026-06-26,,1+kk,False,False,False,False,False,False,False,False,False
2850603084,Praha 8,Troja,Praha 8,63,28000.0,B,2026-08-16,Ne,3+1,False,False,False,False,False,False,False,False,False
2852442188,Praha 5,Hlubočepy,Praha 5,45,,C,2026-08-10,Ano,2+kk,False,False,False,False,False,False,False,False,False
2852864844,Praha 2,Nové Město,Praha 2,31,23500.0,A,2026-03-18,,1+kk,False,False,False,False,False,False,False,False,False
2852900940,Praha 10,Hostivař,Praha 15,47,23500.0,A,2026-07-22,Částečně,2+kk,False,False,False,False,False,False,False,False,False
2853408844,Praha 4,Michle,Praha 4,38,19900.0,B,2026-05-18,Ano,2+kk,False,False,False,False,False,False,False,False,False
2853818444,Praha 9,Kbely,Praha 19,30,15900.0,A,2026-07-24,,1+kk,False,False,False,False,False,False,False,False,False
2854473804,Praha 5,Řeporyje,Praha-Řeporyje,33,19490.0,A,2026-08-02,Částečně,1+kk,False,False,False,False,False,False,False,False,False
2855059532,Praha 2,Nusle,Praha 2,68,36000.0,A,2026-08-20,Ne,3+1,False,False,False,False,False,False,False,False,False
2856112204,Praha 10,Záběhlice,Praha 10,33,18000.0,B,2026-07-31,Ano,1+kk,False,False,False,False,False,False,False,False,False
2858868812,Praha 2,Nové Město,Praha 2,150,120000.0,B,2026-07-18,Ano,4+1,False,False,False,False,True,False,False,False,False
2858959692,Praha 3,Vinohrady,Praha 3,93,,D,2026-03-20,Ne,3+kk,False,False,False,False,False,True,False,False,False
2859192396,Praha 6,Břevnov,Praha 6,47,33000.0,B,2026-07-22,Ano,2+kk,False,False,False,False,False,False,False,False,False
2860437580,Praha 4,Krč,Praha 4,124,75000.0,B,2026-07-28,Ano,3+kk,False,False,True,False,False,False,False,False,False
2860695628,Praha 2,Nové Město,Praha 2,48,20000.0,B,2026-08-24,Ano,2+kk,False,False,False,False,False,False,False,False,False
2861023308,Praha 10,Vršovice,Praha 10,50,,C,2026-08-27,,2+kk,False,False,False,False,False,False,False,False,False
2861613132,Praha 7,Holešovice,Praha 7,65,28000.0,A,2026-08-26,Ne,2+kk,False,False,False,False,False,False,False,False,False
2861809740,Praha 9,Černý Most,Praha 14,77,,C,2026-08-22,,3+1,False,False,False,False,False,False,False,False,False
2862530636,Praha 6,Nebušice,Praha-Nebušice,48,25000.0,A,2026-08-18,,2+kk,True,False,False,False,False,False,False,False,False
2862673996,Praha 10,Praha 10,Praha 10,135,30000.0,A,2026-06-26,,2+kk,False,False,True,False,False,False,False,False,False
2863104076,Praha 10,Vršovice,Praha 10,80,47000.0,B,2026-06-09,Ne,3+kk,False,False,False,False,False,False,False,False,False
2863910988,Praha 9,Letňany,Praha 18,44,19490.0,B,2026-08-03,Ano,2+kk,True,False,False,False,False,False,False,False,False
2864103500,Praha 5,Zličín,Praha-Zličín,46,24400.0,B,2026-08-28,Ano,2+kk,False,False,False,False,False,False,False,False,False
2866528332,Praha 3,Vinohrady,Praha 3,109,,C,2026-08-12,Částečně,3+kk,True,True,False,True,False,False,False,False,False
2867392588,Praha 5,Hlubočepy,Praha 5,80,,C,2026-06-16,Ano,2+1,False,False,False,False,False,False,False,False,False
2869006412,Praha 2,Nové Město,Praha 2,108,58000.0,A,2026-05-19,Částečně,3+1,True,True,False,True,False,False,False,False,False
2869096524,Praha 9,Hloubětín,Praha 9,34,17500.0,A,2026-06-23,Ne,1+kk,False,False,False,False,False,False,False,False,True
2869101388,Praha 8,Střížkov,Praha 8,55,27436.0,A,2026-01-13,Částečně,2+kk,False,False,False,False,False,False,False,False,False
2869293132,Praha 2,Vinohrady,Praha 2,69,27500.0,B,2026-06-30,Ne,2+kk,False,False,False,False,False,False,False,False,False
2869411916,Praha 8,Kobylisy,Praha 8,45,18900.0,B,2026-08-26,,1+1,False,False,False,False,False,False,False,False,False
2870198348,Praha 6,Břevnov,Praha 6,60,37000.0,B,2026-08-21,Ano,2+kk,False,False,False,False,False,False,False,False,False
2871259212,Praha 10,Uhříněves,Praha 22,46,19900.0,A,2026-06-22,Ano,2+kk,False,False,False,False,False,False,False,False,False
2871377996,Praha 3,Vinohrady,Praha 3,68,9300.0,B,2026-08-28,Ne,2+1,False,False,False,False,False,False,False,False,False
2872041548,Praha 4,Podolí,Praha 4,52,26000.0,B,2026-07-07,Ano,2+kk,False,False,False,False,False,False,False,False,False
2872488012,Praha 2,Vinohrady,Praha 2,98,20000.0,A,2026-04-19,,2+1,False,False,False,False,False,False,False,False,False
2873557836,Praha 3,Strašnice,,42,,C,2026-01-19,,1+kk,False,False,False,False,False,False,False,False,False
2874327116,Praha 4,Michle,Praha 4,45,,C,2026-08-23,Ano,2+kk,False,False,False,False,False,False,False,False,False
2874720332,Praha 9,Hrdlořezy,Praha 9,98,42500.0,B,2026-08-15,,3+kk,False,False,False,False,False,False,False,False,False
2877407308,Praha 10,Vršovice,Praha 10,37,20000.0,A,2026-08-25,Ne,1+kk,False,False,False,False,False,False,False,False,False
2879180876,Praha 3,Žižkov,Praha 3,18,,C,2026-08-01,,unknown,False,False,False,True,False,False,False,False,False
2882527308,Praha 7,Holešovice,Praha 7,30,24000.0,B,2026-07-08,Ano,1+kk,False,False,False,False,False,False,False,False,False
2884812876,Praha 3,Žižkov,Praha 3,47,,C,2026-08-24,Ano,2+kk,False,False,False,False,False,False,False,False,False
2888237900,Praha 8,Karlín,,65,35000.0,A,2026-01-19,Ano,2+kk,True,False,False,False,False,False,False,False,False
2889400396,Praha 1,Nové Město,Praha 1,33,,C,2026-08-15,,1+kk,False,True,False,False,False,False,False,False,False
2891169868,Praha 5,Smíchov,Praha 5,115,39000.0,B,2026-08-21,,3+kk,False,False,False,False,False,False,False,False,False
2893254732,Praha 4,Kamýk,Praha 12,35,19500.0,A,2026-05-17,Ne,1+kk,False,False,False,False,False,False,False,False,False
2895376460,Praha 3,Vinohrady,Praha 3,95,64800.0,A,2026-06-23,Ne,3+kk,False,False,False,False,False,False,False,False,False
2895987532,Praha 1,Nové Město,Praha 1,30,27000.0,A,2026-03-25,Ano,1+kk,False,False,True,False,True,False,False,False,False
2897858636,Praha 5,Řeporyje,Praha-Řeporyje,47,24500.0,A,2026-07-25,Částečně,2+kk,True,False,False,False,False,False,False,False,False
2897993804,Praha 4,Nusle,Praha 4,44,,C,2026-07-02,Ne,2+kk,False,False,False,False,True,False,False,False,False
2899099724,Praha 5,Hlubočepy,Praha 5,52,19500.0,A,2026-08-20,Částečně,2+kk,False,False,False,False,False,False,False,False,False
2903691340,Praha 2,Vinohrady,Praha 2,57,29900.0,B,2026-08-03,Ano,2+kk,False,False,False,False,False,False,False,False,False
2904719436,Praha 9,Vysočany,Praha 9,55,23990.0,A,2026-06-04,Ano,3+kk,True,False,False,False,False,False,False,False,False
2904801356,Praha 4,Braník,Praha 4,41,21500.0,A,2026-08-21,Částečně,2+kk,False,False,False,False,False,False,False,False,False
2907357260,Praha 5,Smíchov,Praha 5,149,74900.0,B,2026-08-12,Ano,4+kk,False,True,False,False,False,False,False,False,False
2907500620,Praha 8,Karlín,Praha 8,103,57000.0,A,2026-06-20,Ano,4+kk,False,False,False,False,False,False,False,False,False
2909589580,Praha 1,,,55,,C,2026-07-30,Částečně,2+kk,False,False,False,False,False,False,False,False,False
2909847628,Praha 8,Libeň,Praha 8,43,,C,2026-08-25,,2+1,False,False,False,False,False,False,False,False,False
2910175308,Praha 3,Žižkov,Praha 3,45,22490.0,A,2026-08-28,Ne,2+kk,False,False,False,False,False,False,False,False,False
2912403532,Praha 5,Hlubočepy,Praha 5,34,18500.0,A,2026-08-27,Ano,2+kk,False,False,False,False,False,False,False,False,False
2914107468,Praha 3,Vinohrady,Praha 3,58,,C,2026-08-25,Ano,2+kk,False,True,False,False,False,False,False,False,False
2914381900,Praha 10,Strašnice,Praha 10,38,,C,2026-06-30,Ano,1+kk,True,False,False,False,False,False,False,False,False
2914959436,Praha 3,Žižkov,Praha 3,85,,C,2026-08-18,,3+kk,False,False,False,False,False,False,False,False,False
2915287116,Praha 2,Vyšehrad,Praha 2,75,,C,2026-08-21,,3+1,True,False,False,False,False,False,False,False,False
2918694988,Praha 4,Háje,Praha 11,27,17999.0,A,2026-08-26,,1+kk,False,False,False,False,False,False,False,False,False
2919223372,Praha 8,Troja,Praha 8,93,42000.0,A,2026-07-28,Ano,4+1,False,False,True,True,False,False,False,False,False
2921091916,Praha 6,Střešovice,Praha 6,272,98000.0,B,2026-03-09,Ne,6+,False,False,False,False,False,False,False,False,False
2922140492,Praha 1,Malá Strana,Praha 1,73,39000.0,B,2026-03-09,Ano,2+kk,False,False,False,False,False,False,False,False,False
2924597324,Praha 2,Vinohrady,Praha 2,115,,C,2026-08-04,,3+1,False,False,False,False,False,False,False,False,False
2926235724,Praha 2,Vinohrady,Praha 2,134,49000.0,B,2026-07-23,Ne,3+1,False,False,False,False,False,False,False,False,False
2926821452,Praha 9,Vysočany,Praha 9,40,19990.0,A,2026-08-21,Ne,1+kk,False,False,False,False,False,False,False,False,False
2928312908,Praha 2,Nusle,Praha 2,33,21500.0,B,2024-09-06,Ano,1+kk,False,False,False,False,False,False,False,False,False
2932920396,Praha 5,Jinonice,Praha 5,52,25000.0,B,2026-08-05,Částečně,2+kk,False,False,False,False,False,False,False,False,False
2933309516,Praha 1,Malá Strana,Praha 1,71,38000.0,A,2026-08-28,,2+kk,False,True,False,False,False,False,False,False,False
2934924108,Praha 3,Vinohrady,Praha 3,47,30600.0,B,2026-02-16,Ano,2+kk,False,False,False,False,False,False,False,False,False
2936848460,Praha 10,Strašnice,Praha 10,75,,C,2026-08-20,Částečně,2+kk,False,False,False,False,False,False,False,False,False
2937708620,Praha 5,Zličín,Praha-Zličín,73,31000.0,A,2026-07-04,,3+kk,False,False,False,False,False,False,False,False,False
2938617932,Praha 6,Břevnov,Praha 6,60,37000.0,A,2026-08-26,Ano,2+kk,True,False,False,False,False,False,False,False,False
2943799372,Praha 2,Nové Město,Praha 2,37,22000.0,A,2026-08-07,Ne,2+kk,False,False,False,False,False,False,False,False,False
2945368140,Praha 6,Nebušice,Praha-Nebušice,24,18000.0,A,2026-08-18,,1+kk,False,False,False,False,False,False,False,False,False
2949435468,Praha 4,Modřany,Praha 12,30,15500.0,A,2026-07-31,Ano,1+kk,False,False,False,False,False,False,False,False,False
2950684748,Praha 4,Podolí,Praha 4,52,49000.0,A,2026-07-08,Ano,2+kk,False,False,False,False,True,False,False,False,False
2950938700,Praha 2,Vyšehrad,Praha 2,41,22990.0,A,2026-08-21,Ano,2+kk,False,False,False,False,False,False,False,False,False
2951069772,Praha 8,Libeň,Praha 8,49,,C,2026-08-29,Ano,2+kk,False,False,False,False,False,False,False,False,False
2951254092,Praha 6,Střešovice,Praha 6,108,75000.0,B,2026-05-12,Ano,3+kk,False,False,False,False,False,False,False,False,False
2952650828,Praha 6,,,296,80000.0,A,2026-07-10,,6+,False,False,False,False,False,False,False,False,False
2952668492,Praha 1,Malá Strana,Praha 1,170,79000.0,A,2024-02-29,Ne,4+1,True,True,False,False,False,False,False,False,False
2953577292,Praha 1,Nové Město,Praha 1,130,59000.0,B,2026-01-12,Částečně,4+kk,True,False,False,False,False,False,False,False,False
2954363724,Praha 2,Vinohrady,Praha 2,170,60000.0,B,2026-01-07,Ne,4+kk,True,False,False,False,False,False,False,False,False
2956509260,Praha 3,Žižkov,Praha 3,54,,C,2026-08-15,,2+kk,False,False,False,False,False,False,False,False,False
2957824076,Praha 5,Smíchov,Praha 5,54,30000.0,A,2026-07-31,Ne,2+kk,False,False,False,False,False,False,False,False,False
2958278732,Praha 7,Holešovice,Praha 7,27,21000.0,A,2026-08-21,,1+kk,False,False,False,False,False,False,False,False,False
2960244812,Praha 9,Horní Počernice,Praha 20,37,19000.0,A,2026-08-24,,1+kk,False,False,False,False,False,False,False,False,False
2962276428,Praha 4,Háje,Praha 11,27,14500.0,A,2026-08-26,,1+kk,False,False,False,False,False,False,False,False,False
2963521612,Praha 5,Radlice,Praha 5,46,29000.0,A,2026-08-21,Ne,2+kk,False,False,False,False,False,False,False,False,False
2964766796,Praha 8,Libeň,Praha 8,48,20000.0,A,2026-08-28,Ne,1+kk,False,False,True,False,False,False,False,False,False
2966929484,Praha 9,Vysočany,Praha 9,53,25000.0,A,2026-08-27,,2+kk,False,False,False,False,False,False,False,False,False
2970992716,Praha 8,Dolní Chabry,Praha-Dolní Chabry,74,26000.0,B,2026-08-29,,2+kk,False,False,False,False,False,False,False,False,False
2972098636,Praha 3,Vinohrady,Praha 3,107,,D,2026-05-05,Ano,4+kk,False,False,False,False,True,True,False,False,False
2975318092,Praha 4,Písnice,Praha-Libuš,24,,C,2026-08-26,,unknown,False,False,False,True,False,False,False,False,False
2977419340,Praha 1,Staré Město,Praha 1,83,34000.0,A,2026-08-06,Částečně,3+kk,False,True,False,False,False,False,False,False,False
2978009164,Praha 8,Karlín,Praha 8,42,25000.0,B,2026-08-06,Částečně,2+kk,False,False,False,False,False,False,False,False,False
2979061836,Praha 4,Modřany,Praha 12,75,29490.0,A,2026-07-16,Částečně,4+kk,False,False,False,True,False,False,False,False,False
2980233292,Praha 1,Nové Město,Praha 1,50,26000.0,B,2026-08-24,Ano,2+kk,False,False,False,False,False,False,False,False,False
2980475724,Praha 5,Smíchov,Praha 5,98,45000.0,B,2026-02-09,Částečně,atypical,False,False,False,False,False,False,False,False,False
2980560972,Praha 3,Žižkov,Praha 3,65,,C,2026-08-27,,2+kk,False,False,False,False,False,False,False,False,False
2981679180,Praha 5,Motol,Praha 5,150,,C,2026-07-27,,4+kk,False,True,False,False,False,False,False,False,False
2982199372,Praha 2,Vinohrady,Praha 2,56,,C,2026-08-25,Ano,2+kk,False,False,False,False,False,False,False,False,False
2982544204,Praha 1,Staré Město,Praha 1,114,,C,2026-01-20,,1+kk,False,True,False,False,False,False,False,False,False
2984689740,Praha 8,Libeň,Praha 8,32,16500.0,A,2026-08-27,Částečně,1+1,False,False,False,False,False,False,False,False,False
2985803852,Praha 9,Letňany,Praha 18,56,,C,2026-08-26,Ne,2+kk,False,False,False,False,False,False,False,False,False
2985869388,Praha 4,Chodov,Praha 11,77,,C,2026-08-16,Ano,3+kk,False,False,False,False,False,False,False,False,False
2986065996,Praha 4,Háje,Praha 11,68,26000.0,B,2026-08-12,Částečně,3+kk,False,False,False,False,False,False,False,False,False
2987843660,Praha 2,Nové Město,Praha 2,94,49900.0,B,2026-07-19,Částečně,3+kk,False,False,False,False,False,False,False,False,False
2988757068,Praha 8,Karlín,Praha 8,95,,C,2026-08-10,Ne,4+kk,False,False,False,False,False,False,False,False,True
2988847948,Praha 2,Vinohrady,Praha 2,65,,C,2025-11-07,,2+1,False,False,False,True,False,False,False,False,False
2990653516,Praha 2,Nové Město,Praha 2,103,42000.0,A,2026-08-24,Ano,3+kk,False,False,False,False,False,False,False,False,False
2991628364,Praha 10,Strašnice,Praha 10,25,,C,2026-05-04,Ano,unknown,False,False,False,True,False,False,False,True,False
2993209420,Praha 4,Podolí,Praha 4,74,,C,2026-08-14,Ne,3+1,False,False,False,False,False,False,False,False,False
2995069772,Praha 10,Strašnice,Praha 10,32,21999.0,B,2025-12-01,Ano,1+kk,False,True,False,False,False,False,False,False,False
2995114060,Praha 4,Hodkovičky,Praha 4,65,32000.0,A,2026-08-10,Ano,3+kk,False,False,False,False,False,False,False,False,False
2995175500,Praha 6,Veleslavín,Praha 6,45,19800.0,B,2026-08-28,Částečně,2+kk,False,False,False,False,False,False,False,False,False
2997805132,Praha 3,Vinohrady,Praha 3,102,38000.0,A,2026-07-09,Ano,3+kk,False,False,False,False,False,False,False,False,False
3000090700,Praha 5,Stodůlky,Praha 13,58,22000.0,B,2026-08-25,Částečně,2+kk,False,False,False,False,False,False,False,False,False
3003236428,Praha 4,Krč,Praha 4,85,25000.0,A,2026-08-24,Ne,4+1,False,False,False,False,False,False,False,False,False
3004153932,Praha 4,Modřany,Praha 12,58,24000.0,A,2026-08-17,Ne,2+kk,False,False,False,False,False,False,False,False,False
3004424268,Praha 3,Vinohrady,Praha 3,38,26350.0,B,2026-07-13,Ano,1+1,False,False,False,False,False,False,False,False,False
3006390348,Praha 10,Záběhlice,Praha 10,58,23000.0,B,2026-07-15,,2+kk,False,False,False,False,False,False,False,False,False
3006980172,Praha 4,Modřany,Praha 12,45,19500.0,B,2026-07-03,Částečně,2+kk,False,False,False,False,False,False,False,False,False
3007438924,Praha 2,Vinohrady,Praha 2,47,,C,2026-07-15,Ano,2+kk,False,False,False,False,False,False,False,False,False
3008479308,Praha 5,Smíchov,Praha 5,55,25000.0,B,2026-08-24,Částečně,2+1,False,False,False,True,False,False,False,False,False
3010502732,Praha 5,Košíře,Praha 5,112,37500.0,A,2026-05-04,Ne,3+kk,False,False,False,False,False,False,False,False,False
3014234188,Praha 10,Záběhlice,Praha 10,165,39000.0,A,2026-05-12,Ano,3+kk,False,False,False,False,False,False,False,False,False
3015229516,Praha 3,Vinohrady,Praha 3,55,26500.0,B,2026-08-17,Částečně,2+kk,False,False,False,False,False,False,False,False,False
3015426124,Praha 3,Vinohrady,Praha 3,54,41707.049999999996,B,2026-08-12,Ano,2+kk,False,False,False,False,False,False,False,False,False
3015630924,Praha 2,Nové Město,Praha 2,81,41000.0,A,2026-07-09,Ano,3+1,True,False,False,False,False,False,False,False,False
3017986124,Praha 3,Žižkov,Praha 3,82,,C,2026-08-03,,2+kk,False,False,False,False,False,False,False,False,False
3019894860,Praha 4,Záběhlice,Praha 4,110,,C,2026-06-17,Ano,4+1,False,False,False,False,False,False,False,False,False
3021423436,Praha 1,Malá Strana,Praha 1,73,39000.0,B,2026-03-31,Ano,2+1,True,False,False,False,False,False,False,False,False
3021852748,Praha 6,Dejvice,Praha 6,78,35000.0,A,2026-07-30,Ne,3+kk,False,False,False,False,False,False,False,False,False
3022241868,Praha 2,Vinohrady,Praha 2,63,,C,2026-08-21,,2+1,False,False,False,False,False,False,False,False,False
3022368844,Praha 4,Braník,Praha 4,63,21500.0,B,2026-04-20,Ano,3+kk,False,False,False,False,False,False,False,False,False
3024343116,Praha 9,Vysočany,Praha 9,36,19900.0,B,2026-08-02,Ano,1+kk,False,False,False,False,False,False,False,False,False
3024474188,Praha 9,Vysočany,Praha 9,55,,C,2026-08-09,,2+kk,False,False,False,False,False,False,False,False,False
3027554380,Praha 3,Žižkov,Praha 3,41,24990.0,A,2026-08-10,Částečně,2+kk,False,False,False,False,False,False,False,False,False
3030483020,Praha 5,Smíchov,Praha 5,45,,C,2026-06-06,Ano,2+kk,False,False,False,False,False,False,False,False,False
3030564940,Praha 4,Nusle,Praha 4,42,16990.0,B,2026-08-24,Částečně,1+1,False,False,False,False,False,False,False,False,False
3032604748,Praha 4,Modřany,Praha 12,75,27900.0,B,2026-07-15,Částečně,3+1,False,False,False,False,False,False,False,False,False
3037904972,Praha 5,Smíchov,Praha 5,104,69000.0,B,2026-08-24,Ano,3+1,False,False,False,False,False,False,False,False,False
3038625868,Praha 7,Holešovice,Praha 7,146,,C,2026-08-19,Ano,3+kk,False,True,False,False,False,False,False,False,False
3039871052,Praha 5,Stodůlky,Praha 13,82,28490.0,A,2026-08-25,Částečně,3+kk,True,False,False,False,False,False,False,False,False
3040272460,Praha 3,Žižkov,Praha 3,56,22100.0,B,2026-07-19,,2+kk,False,False,False,False,False,False,False,False,False
3041247308,Praha 9,Střížkov,Praha 9,33,13990.0,A,2026-08-28,Částečně,1+1,False,False,False,False,False,False,False,False,False
3042951244,Praha 5,Smíchov,Praha 5,70,37000.0,B,2026-08-17,Ano,3+kk,False,False,False,False,False,False,False,False,False
3043409996,Praha 4,Chodov,Praha 11,52,,C,2026-08-27,Částečně,2+kk,False,False,False,False,False,False,False,False,False
3043938380,Praha 9,Vysočany,Praha 9,19,17500.0,A,2026-07-28,Ne,1+kk,False,False,False,False,True,False,False,False,False
3045052492,Praha 8,Kobylisy,Praha 8,72,23000.0,A,2026-07-27,,4+1,False,False,False,True,False,False,False,False,False
3045113932,Praha 4,Braník,Praha 4,25,16000.0,A,2026-08-26,Ano,1+kk,False,False,False,False,False,False,False,False,False
3045359692,Praha 9,Letňany,Praha 18,45,,C,2026-06-11,,1+kk,False,False,False,False,False,False,False,False,False
3046891596,Praha 8,Libeň,Praha 8,102,38000.0,B,2026-07-02,Ano,3+kk,False,False,False,False,False,False,False,False,False
3047542860,Praha 4,Nusle,Praha 4,45,19600.0,B,2026-08-10,,2+kk,False,False,False,False,False,False,False,False,False
3048595532,Praha 9,Horní Počernice,Praha 20,100,27990.0,A,2026-07-21,Částečně,2+1,False,False,False,False,False,False,False,False,False
3051274316,Praha 2,Vinohrady,Praha 2,120,65000.0,B,2026-08-18,Ano,3+1,False,False,False,False,False,False,False,False,False
3051601996,Praha 5,Smíchov,Praha 5,27,,C,2026-08-21,,1+kk,False,False,False,False,False,False,False,False,False
3053568076,Praha 9,Hloubětín,Praha 9,47,24000.0,B,2026-08-24,,2+kk,False,False,False,False,False,False,False,False,False
3054424140,Praha 4,Chodov,Praha 11,231,45000.0,B,2026-07-29,Částečně,5+1,False,False,False,False,False,False,False,False,False
3058552908,Praha 1,Malá Strana,Praha 1,85,,C,2026-07-29,Ano,3+kk,False,True,False,False,False,False,False,False,False
3058946124,Praha 10,Vršovice,Praha 10,40,27000.0,A,2026-08-02,,2+kk,False,False,False,False,False,False,False,False,False
3062100044,Praha 6,Dejvice,Praha 6,75,,C,2026-06-23,,3+kk,False,False,False,False,False,False,False,False,False
3062808652,Praha 1,Malá Strana,Praha 1,117,59000.0,B,2026-08-18,Ano,3+kk,True,True,False,False,False,False,False,False,False
3063517260,Praha 9,Kbely,Praha 19,40,18500.0,B,2026-05-12,Částečně,2+1,False,False,False,False,False,False,False,False,False
3063861324,Praha 2,Vinohrady,Praha 2,75,,C,2026-07-29,Ano,3+kk,False,False,False,False,True,False,False,False,False
3064848460,Praha 2,Vinohrady,Praha 2,186,,C,2026-07-10,Ano,5+kk,False,False,False,False,False,False,False,False,False
3065342300,Praha 2,Vinohrady,Praha 2,107,,D,2022-05-09,Ano,3+kk,False,False,False,False,False,True,False,False,False
3066683468,Praha 9,Vysočany,Praha 9,63,27600.0,A,2026-07-05,Ano,2+kk,False,False,False,False,False,False,False,False,False
3067662412,Praha 8,Karlín,Praha 8,105,,C,2026-07-27,,4+kk,False,False,False,False,False,False,False,False,False
3070706508,Praha 2,Nové Město,Praha 2,108,42000.0,B,2026-03-31,Ano,3+1,False,False,False,False,False,False,False,False,False
3071197260,Praha 4,Michle,Praha 4,51,,C,2026-08-18,Částečně,2+kk,False,False,False,False,False,False,False,False,False
3075522636,Praha 5,Hlubočepy,Praha 5,48,22800.0,A,2026-08-25,Ne,2+kk,False,False,False,False,False,False,False,False,False
3080044620,Praha 10,Strašnice,Praha 10,38,,C,2026-08-30,,1+kk,False,False,False,False,False,False,False,False,False
3081166924,Praha 7,Bubeneč,Praha 7,177,53000.0,A,2026-07-20,Částečně,4+kk,False,False,False,False,False,False,False,False,False
3081490508,Praha 2,Nové Město,Praha 2,108,39900.0,A,2026-07-22,Ano,4+kk,False,False,False,True,False,False,False,False,False
3081683020,Praha 5,Smíchov,Praha 5,45,,C,2026-08-18,Ano,1+1,False,False,False,False,False,False,False,False,False
3082207308,Praha 4,,,25,17000.0,A,2026-08-28,,1+kk,False,False,False,False,False,False,False,False,False
3082600524,Praha 10,Strašnice,Praha 10,63,30000.0,B,2026-08-20,Částečně,3+kk,False,False,False,False,False,False,False,False,False
3082985548,Praha 9,Dolní Počernice,Praha-Dolní Počernice,62,23000.0,B,2026-05-01,Ne,2+kk,False,False,False,False,False,False,False,False,False
3084369996,Praha 5,Smíchov,Praha 5,22,15800.0,B,2026-08-27,Ano,1+kk,False,False,False,False,False,False,False,False,False
3086336076,Praha 9,Letňany,Praha 18,25,15000.0,A,2026-08-29,,1+kk,False,False,False,False,False,False,False,False,False
3089481804,Praha 3,Žižkov,Praha 3,45,7100.0,B,2026-08-28,,1+kk,False,False,False,False,False,False,False,False,False
3090608204,Praha 6,Řepy,Praha 17,42,21000.0,B,2026-06-29,Částečně,2+kk,False,False,False,False,False,False,False,False,False
3092697164,Praha 1,Nové Město,Praha 1,26,26000.0,A,2026-08-07,Ano,1+kk,False,True,False,False,True,False,False,False,False
3094859852,Praha 2,Nusle,Praha 2,40,,C,2026-08-06,Ne,2+kk,False,False,False,False,False,False,False,False,False
3099181132,Praha 10,Kolovraty,Praha-Kolovraty,56,,C,2026-08-14,,2+kk,False,False,False,False,False,False,False,False,False
3100479564,Praha 5,Smíchov,Praha 5,115,49000.0,A,2026-05-15,Ano,3+kk,False,False,False,False,False,False,False,False,False
3102048332,Praha 2,Nové Město,Praha 2,32,25000.0,A,2026-06-10,Ano,1+1,False,False,False,False,False,False,False,False,False
3103821900,Praha 10,Vršovice,Praha 10,52,29500.0,B,2026-05-20,Ne,2+kk,False,False,False,False,False,False,False,False,False
3105603660,Praha 4,Písnice,Praha-Libuš,61,,C,2026-08-11,,2+kk,False,False,False,False,False,False,False,False,False
3105939532,Praha 5,Jinonice,Praha 5,57,,C,2026-07-16,Ano,2+1,False,False,False,False,False,False,False,False,False
3107176524,Praha 3,Žižkov,Praha 3,55,,C,2026-08-21,,2+kk,False,False,False,False,False,False,False,False,False
3110457420,Praha 9,Letňany,Praha 18,80,33000.0,B,2026-08-09,,3+kk,False,False,False,False,False,False,False,False,False
3110518860,Praha 6,Dejvice,Praha 6,39,,C,2026-08-27,,1+1,False,True,False,False,False,False,False,False,False
3111571532,Praha 2,Nové Město,Praha 2,41,22500.0,A,2026-08-07,Ne,2+kk,True,False,False,False,False,False,False,False,False
3112419404,Praha 5,Smíchov,Praha 5,34,,C,2026-08-22,Ano,1+1,False,False,False,False,False,False,False,False,False
3112685644,Praha 8,Karlín,Praha 8,65,33000.0,A,2026-08-07,Částečně,2+kk,False,False,False,False,False,False,False,False,False
3112812620,Praha 2,Vinohrady,Praha 2,64,22000.0,A,2026-08-14,Ano,2+1,False,False,False,False,False,False,False,False,False
3113410636,Praha 3,Žižkov,Praha 3,47,,C,2026-07-15,Ne,2+kk,False,False,False,False,False,False,False,False,False
3114713164,Praha 5,Hlubočepy,Praha 5,72,36000.0,B,2026-08-28,Ano,3+kk,False,False,False,False,False,False,False,False,False
3116544076,Praha 8,Karlín,,53,,C,2026-04-15,Ano,2+kk,True,False,False,False,False,False,False,False,False
3118841932,Praha 5,Smíchov,Praha 5,75,27000.0,A,2026-08-29,Ne,3+kk,False,False,False,False,False,False,False,False,False
3120038732,Praha 1,Staré Město,Praha 1,218,,C,2026-01-07,Částečně,6+,False,True,False,False,False,False,False,False,False
3122380876,Praha 4,Písnice,Praha-Libuš,130,,C,2026-08-11,,3+kk,False,False,False,False,False,False,False,False,False
3122725452,Praha 2,Vinohrady,Praha 2,70,32000.0,A,2025-03-06,Ano,2+kk,False,False,False,False,False,False,False,False,False
3125334092,Praha 4,Braník,Praha 4,85,,C,2026-07-26,Ano,3+1,False,False,False,False,False,False,False,False,False
3126968396,Praha 2,Vinohrady,Praha 2,110,57900.0,B,2026-08-24,Ano,3+kk,False,False,False,False,False,False,False,False,False
3127296076,Praha 5,Smíchov,Praha 5,56,41750.0,B,2026-08-27,Ano,2+kk,False,False,False,False,False,False,False,False,False
3129589836,Praha 9,Libeň,Praha 9,69,24000.0,A,2026-08-14,,2+kk,False,False,False,False,False,False,False,False,False
3133132876,Praha 5,Smíchov,Praha 5,36,18000.0,B,2026-07-28,Ano,2+kk,False,False,False,False,False,False,False,False,False
3133325388,Praha 6,Dejvice,Praha 6,146,69000.0,B,2026-08-24,Ne,5+1,False,False,False,False,False,False,False,False,False
3137126476,Praha 4,Chodov,Praha 11,56,25500.0,A,2026-08-20,Částečně,2+kk,False,False,False,False,False,False,False,False,False
3139686476,Praha 2,Nové Město,Praha 2,87,45000.0,B,2026-08-02,Částečně,3+kk,False,False,False,False,False,False,False,False,False
3144794188,Praha 8,Libeň,Praha 8,40,19500.0,B,2026-08-24,Částečně,1+kk,False,False,False,False,False,False,False,False,False
3146641484,Praha 6,Dejvice,Praha 6,115,,C,2026-06-20,Částečně,5+1,False,False,False,False,False,False,False,False,False
3148464204,Praha 6,Praha 6,Praha 6,142,90000.0,B,2026-08-14,,4+1,False,False,False,False,False,False,False,False,False
3149123660,Praha 1,Nové Město,Praha 1,76,,C,2026-08-03,Ano,3+kk,True,False,False,False,False,False,False,False,False
3150172236,Praha 4,Nusle,Praha 4,56,32500.0,A,2026-08-03,Ne,2+kk,False,False,False,False,False,False,False,False,False
3151929420,Praha 3,Žižkov,Praha 3,50,,C,2026-04-27,Ne,2+kk,False,False,False,False,False,False,False,False,False
3152007244,Praha 9,Letňany,Praha 18,65,24500.0,B,2026-07-28,Ne,3+kk,False,False,False,False,False,False,False,False,False
3153326156,Praha 3,Vinohrady,Praha 3,95,64800.0,B,2026-06-22,Ne,3+kk,False,False,False,False,False,False,False,False,False
3153444940,Praha 5,Stodůlky,Praha 13,40,18990.0,A,2026-08-30,Částečně,1+kk,False,False,False,False,False,False,False,False,False
3153973324,Praha 8,Troja,Praha 8,54,21000.0,B,2026-07-30,Ne,2+kk,False,False,False,False,False,False,False,False,True
3154821196,Praha 8,Libeň,Praha 8,80,33000.0,A,2026-08-12,,3+kk,False,False,False,False,False,False,False,False,False
3154952268,Praha 1,Nové Město,Praha 1,31,17500.0,A,2026-08-20,Částečně,1+kk,False,False,False,False,False,False,False,False,False
3155673164,Praha 2,Nové Město,Praha 2,96,,C,2026-08-26,,3+1,False,False,False,False,False,False,False,False,False
3155837772,Praha 9,Libeň,Praha 9,107,60500.0,B,2026-03-19,Ano,4+kk,False,False,False,False,False,False,False,False,False
3157696588,Praha 5,Třebonice,Praha-Zličín,75,32990.0,A,2026-05-05,,2+kk,True,False,False,False,False,False,False,False,False
3158360140,Praha 7,Holešovice,Praha 7,53,25000.0,A,2026-08-25,Ne,2+kk,False,False,False,False,False,False,False,False,False
3158556748,Praha 5,Smíchov,Praha 5,81,,C,2026-08-21,,3+kk,False,True,False,False,False,False,False,False,False
3159474252,Praha 7,Holešovice,Praha 7,27,15990.0,B,2026-08-24,Ne,1+kk,False,False,False,False,False,False,False,False,False
3159859276,Praha 10,Malešice,Praha 10,58,20900.0,A,2026-05-05,,2+1,False,False,False,False,False,False,False,False,False
3161636940,Praha 9,Letňany,Praha 18,50,,C,2026-08-23,Částečně,2+kk,False,False,False,False,False,False,False,False,False
3163017292,Praha 1,Staré Město,Praha 1,39,25000.0,B,2026-08-07,Ano,2+kk,True,True,False,False,False,False,False,False,False
3163471948,Praha 9,Vysočany,Praha 9,42,19990.0,B,2026-08-18,Částečně,2+kk,False,False,False,False,False,False,False,False,False
3166158924,Praha 4,Krč,Praha 4,48,20000.0,A,2026-08-27,Částečně,2+1,False,False,False,False,False,False,False,False,False
3169173580,Praha 4,Kamýk,Praha 12,32,20000.0,A,2026-08-29,Ne,1+kk,False,False,False,False,False,False,False,False,False
3173433420,Praha 6,,,85,,C,2026-08-27,,4+1,False,False,False,True,False,False,False,False,False
3173733196,Praha 1,Josefov,Praha 1,142,73000.0,A,2026-03-02,Ano,3+1,False,False,False,False,False,False,False,False,False
3175989324,Praha 1,Staré Město,Praha 1,88,35000.0,B,2026-08-19,,3+kk,False,False,False,True,False,False,False,False,False
3176513612,Praha 10,Vršovice,Praha 10,58,22490.0,B,2026-08-28,Částečně,2+1,False,False,False,False,False,False,False,False,False
3179790412,Praha 4,Hodkovičky,Praha 4,46,29000.0,B,2026-08-27,Částečně,2+kk,False,False,False,False,False,False,False,False,False
3181695052,Praha 3,Vinohrady,Praha 3,109,61900.0,B,2026-08-11,Ne,3+kk,True,False,False,False,False,False,False,False,False
3182870604,Praha 1,Josefov,Praha 1,195,72000.0,B,2026-08-28,Ne,5+1,False,False,False,False,False,False,False,False,False
3185754188,Praha 3,Žižkov,Praha 3,64,23990.0,B,2026-08-24,Ano,2+kk,False,False,False,False,False,False,False,False,False
3186020428,Praha 8,Libeň,Praha 8,69,,C,2026-08-07,Ano,2+kk,False,False,False,False,False,False,False,False,False
3186081868,Praha 4,Kamýk,Praha 12,35,10900.0,B,2026-08-26,,1+1,True,False,False,False,False,False,False,False,False
3186475084,Praha 3,Vinohrady,Praha 3,54,41707.049999999996,B,2026-08-19,Ne,2+kk,False,False,False,False,True,False,False,False,False
3187855436,Praha 1,Nové Město,Praha 1,48,,C,2026-08-03,Ano,2+kk,False,False,False,False,False,False,False,False,False
3188949068,Praha 4,Nusle,Praha 4,33,21000.0,B,2026-06-03,Částečně,1+kk,False,False,False,False,False,False,False,False,False
3190935628,Praha 3,Žižkov,Praha 3,50,23000.0,A,2026-08-04,Ne,2+kk,False,False,False,False,False,False,False,False,False
3193471052,Praha 1,Josefov,Praha 1,210,135000.0,B,2026-05-29,Částečně,6+,False,False,False,False,False,False,False,False,False
3194601548,Praha 1,Malá Strana,Praha 1,115,41900.0,B,2026-08-13,Ne,4+kk,False,False,False,False,False,False,False,False,False
3194867788,Praha 4,Braník,Praha 4,43,14500.0,A,2026-07-29,Ano,2+kk,False,False,False,False,False,False,False,False,False
3195040588,Praha 6,Řepy,Praha 17,65,24000.0,A,2026-02-05,Částečně,3+kk,False,False,False,False,False,False,False,False,False
3195314252,Praha 4,Krč,Praha 4,39,19000.0,B,2026-05-07,Částečně,2+kk,False,False,False,False,False,False,False,False,False
3195846732,Praha 1,,,50,,C,2026-08-20,,2+kk,False,False,False,False,False,False,False,False,False
3198218316,Praha 10,Praha 10,Praha 10,60,30000.0,A,2026-06-25,,2+kk,False,False,True,False,False,False,False,False,False
3199222604,Praha 1,Staré Město,Praha 1,110,48000.0,B,2026-03-30,Ano,2+kk,False,False,False,False,False,False,False,False,False
3199647820,Praha 6,Ruzyně,Praha 6,63,,C,2026-08-28,,2+1,True,False,False,False,False,False,False,False,False
3200634956,Praha 4,Chodov,Praha 11,30,13000.0,A,2026-08-10,Částečně,1+kk,False,False,False,False,False,False,False,False,False
3204051020,Praha 2,Vinohrady,Praha 2,80,56000.0,B,2026-06-15,Ano,3+kk,False,False,False,False,False,False,False,False,False
3205873740,Praha 10,,,70,,C,2026-08-29,,1+kk,False,False,False,False,False,False,False,False,False
3207319628,Praha 2,Nové Město,Praha 2,33,,C,2026-07-22,Ne,1+1,True,False,False,False,True,False,False,False,False
3207708748,Praha 5,Zličín,Praha-Zličín,42,,C,2026-08-24,Částečně,1+kk,False,False,False,False,False,False,False,False,False
3209478220,Praha 6,Bubeneč,Praha 6,73,30000.0,A,2026-08-20,Ano,3+kk,False,False,False,False,False,False,False,False,False
3210014796,Praha 9,Prosek,Praha 9,68,29900.0,B,2026-06-30,Ano,3+kk,False,False,False,False,False,False,False,False,False
3210592332,Praha 10,Hostivař,Praha 15,48,25500.0,B,2026-08-19,Částečně,2+kk,True,False,False,False,False,False,False,False,False
3210858572,Praha 9,Střížkov,Praha 9,56,20500.0,B,2026-08-04,Částečně,2+kk,False,False,False,False,False,False,False,False,False
3210993740,Praha 2,Vinohrady,Praha 2,53,26000.0,A,2026-07-13,Ano,2+kk,False,False,False,False,False,False,False,False,False
3211448396,Praha 9,Vysočany,Praha 9,45,21490.0,A,2026-07-23,Ne,2+kk,True,False,False,False,False,False,False,False,False
3211640908,Praha 10,Strašnice,Praha 10,25,14500.0,A,2026-08-18,Ne,1+1,False,False,False,False,False,False,False,False,False
3216166988,Praha 1,Staré Město,Praha 1,47,26000.0,B,2026-08-04,Ano,2+kk,False,False,False,False,False,False,False,False,True
3218661452,Praha 10,Vršovice,Praha 10,86,30000.0,B,2026-07-07,Ano,3+kk,False,False,False,False,False,False,False,False,False
3219976268,Praha 10,Praha 10,Praha 10,63,32000.0,A,2026-06-22,,2+kk,False,False,True,False,False,False,False,False,False
3221672012,Praha 8,Libeň,Praha 8,30,,C,2026-08-07,,1+kk,False,False,False,False,False,False,False,False,False
3223445580,Praha 3,Žižkov,Praha 3,32,,C,2026-07-15,Ano,1+kk,False,False,False,False,False,False,False,False,False
3225342028,Praha 3,Vinohrady,Praha 3,55,24300.0,B,2026-07-29,Částečně,2+1,False,False,False,False,False,False,False,False,False
3225437004,Praha 7,Holešovice,Praha 7,68,,C,2026-03-30,Ne,2+1,False,False,False,False,False,False,False,False,False
3226198092,Praha 1,Vinohrady,,49,,C,2026-07-01,Částečně,2+kk,False,False,False,False,False,False,False,False,False
3226452044,Praha 10,Vršovice,Praha 10,60,21000.0,B,2026-08-17,Ano,2+1,False,False,False,False,False,False,False,False,True
3226976332,Praha 1,Staré Město,Praha 1,35,,C,2026-08-26,,1+1,False,False,False,False,False,False,False,False,False
3231371340,Praha 2,Vinohrady,Praha 2,42,36317.0,A,2026-07-24,Ano,2+kk,True,False,False,False,True,False,False,False,False
3232550988,Praha 4,Kamýk,Praha 12,71,33500.0,B,2026-07-31,Částečně,3+kk,False,False,False,False,False,False,False,False,False
3235958860,Praha 9,Čakovice,Praha-Čakovice,63,,C,2026-08-05,,2+kk,False,False,False,False,False,False,False,False,False
3236094028,Praha 6,Bubeneč,Praha 6,61,37800.0,A,2026-07-14,Ano,2+kk,False,False,False,False,False,False,False,False,True
3236741196,Praha 4,Modřany,Praha 12,58,,C,2026-08-20,Částečně,2+kk,False,False,False,False,False,False,False,False,False
3236950092,Praha 9,Hloubětín,Praha 14,65,28700.0,B,2026-06-17,Částečně,3+1,False,False,False,False,False,False,False,False,False
3239559244,Praha 9,Čakovice,Praha-Čakovice,48,23000.0,A,2026-08-26,Ne,2+kk,False,False,False,False,False,False,False,False,False
3239891020,Praha 9,Miškovice,Praha-Čakovice,43,16500.0,B,2026-07-31,Částečně,1+kk,False,False,False,False,False,False,False,False,False
3241014604,Praha 1,Josefov,Praha 1,74,36000.0,A,2023-11-03,Ne,3+kk,True,False,False,False,False,False,False,False,False
3242246220,Praha 3,Žižkov,Praha 3,29,16990.0,A,2026-08-25,Částečně,1+kk,False,False,False,False,False,False,False,False,False
3242573900,Praha 5,Smíchov,Praha 5,50,30000.0,B,2026-08-28,Ano,2+kk,False,False,False,False,False,False,False,False,False
3243066188,Praha 8,Karlín,Praha 8,55,34000.0,B,2026-03-24,Ano,2+kk,False,False,False,False,False,False,False,False,False
3243298892,Praha 3,Žižkov,Praha 3,78,40000.0,B,2026-08-05,Ano,3+kk,False,False,False,False,False,False,False,False,False
3243626572,Praha 8,Kobylisy,Praha 8,38,18000.0,B,2026-08-09,Částečně,1+kk,False,False,False,False,False,False,False,False,False
3245535308,Praha 2,Vinohrady,Praha 2,55,24000.0,A,2026-06-23,,1+1,False,False,False,False,False,False,False,False,False
3246469964,Praha 1,Malá Strana,Praha 1,170,79000.0,B,2025-11-05,,4+1,False,False,False,False,False,False,False,False,False
3247042636,Praha 4,Modřany,Praha 12,68,,C,2026-06-16,,2+kk,False,False,True,False,False,False,False,False,False
3250245708,Praha 1,Josefov,Praha 1,154,89000.0,A,2026-07-24,Ano,3+1,True,False,False,False,False,False,False,False,False
3251294284,Praha 1,Nové Město,Praha 1,111,49000.0,B,2026-07-23,Ano,3+kk,False,False,False,False,False,False,False,False,False
3253059660,Praha 10,Hostivař,Praha 15,48,21900.0,A,2026-08-29,Částečně,2+kk,False,False,False,False,False,False,False,False,False
3254431820,Praha 7,Holešovice,Praha 7,60,29500.0,B,2026-04-07,Ano,2+kk,False,False,False,False,False,False,False,False,False
3254763596,Praha 9,Čakovice,Praha-Čakovice,56,,C,2026-08-17,,2+kk,False,False,False,False,False,False,False,False,False
3257815884,Praha 10,Malešice,Praha 10,55,21000.0,B,2026-03-06,Ne,2+1,False,False,False,False,False,False,False,False,False
3259535436,Praha 10,Záběhlice,Praha 10,52,23500.0,B,2026-05-12,Částečně,2+kk,False,False,False,False,False,False,False,False,False
3259940940,Praha 7,Holešovice,Praha 7,145,120000.0,B,2026-08-18,Ano,3+kk,False,False,True,False,True,False,False,False,False
3262566476,Praha 7,Bubeneč,Praha 7,63,29000.0,B,2026-08-07,,2+kk,False,False,False,False,False,False,False,False,False
3262890060,Praha 9,Letňany,Praha 18,42,,C,2026-08-11,Částečně,1+kk,False,False,False,False,False,False,False,False,False
3263094860,Praha 8,Střížkov,Praha 8,30,,C,2026-07-08,,1+kk,False,False,False,False,False,False,False,False,False
3266101324,Praha 5,Smíchov,Praha 5,169,65000.0,B,2026-08-20,Částečně,4+kk,False,False,False,False,False,False,False,False,False
3266822220,Praha 2,Nové Město,Praha 2,80,30000.0,B,2026-08-27,Ano,2+1,False,False,False,False,False,False,False,False,False
3268862028,Praha 2,Vinohrady,Praha 2,120,,C,2026-07-20,Částečně,3+1,False,False,False,False,False,False,False,False,False
3272642636,Praha 10,Vršovice,Praha 10,67,36000.0,B,2026-05-20,Ne,3+kk,False,False,False,False,False,False,False,False,False
3275149388,Praha 6,Dejvice,Praha 6,205,80000.0,B,2026-08-07,Ne,5+1,False,False,False,False,False,False,False,False,False
3275931724,Praha 9,Vysočany,Praha 9,33,,C,2026-08-23,Částečně,1+kk,False,False,False,False,False,False,False,False,False
3280576588,Praha 10,Strašnice,Praha 10,47,21500.0,A,2026-04-24,Částečně,2+kk,False,False,False,False,False,False,False,False,False
3281043532,Praha 9,Černý Most,Praha 14,11,7500.0,B,2026-08-26,,unknown,False,False,False,True,False,False,True,False,False
3283411020,Praha 2,Nové Město,Praha 2,30,23500.0,A,2026-07-22,,1+kk,False,False,False,False,False,False,False,False,False
3284123724,Praha 5,Velká Chuchle,Praha-Velká Chuchle,147,32000.0,B,2026-08-17,,4+kk,False,False,False,False,False,False,False,False,False
3284193356,Praha 5,Smíchov,Praha 5,83,37000.0,A,2026-08-05,Ano,3+kk,False,False,False,False,False,False,False,False,False
3285049420,Praha 7,Bubeneč,Praha 7,135,56000.0,B,2026-07-10,Částečně,4+kk,False,False,False,False,False,False,False,False,False
3285573708,Praha 5,Stodůlky,Praha 13,60,30000.0,A,2026-07-21,Ano,2+kk,False,False,False,False,False,False,False,False,False
3290419276,Praha 5,Zličín,Praha-Zličín,56,24900.0,B,2026-07-28,Ano,2+kk,False,False,False,False,False,False,False,False,False
3290939468,Praha 2,Vyšehrad,Praha 2,75,,C,2026-08-26,Ano,3+1,True,True,False,False,False,False,False,False,False
3292037196,Praha 9,Vysočany,Praha 9,65,27990.0,A,2026-05-29,Částečně,3+kk,True,False,False,False,False,False,False,False,False
3292844108,Praha 2,Vinohrady,Praha 2,106,47500.0,A,2026-08-10,Částečně,3+kk,False,False,False,False,False,False,False,False,False
3294220364,Praha 6,Veleslavín,Praha 6,122,50000.0,B,2026-07-24,Ano,4+kk,False,False,False,False,False,False,False,False,False
3297689676,Praha 3,Žižkov,Praha 3,32,23500.0,A,2026-08-18,Ano,1+kk,False,False,False,False,False,False,False,False,False
3298136140,Praha 9,Kyje,Praha 14,183,,C,2026-05-25,Ano,4+kk,False,False,False,False,False,False,False,False,False
3302015052,Praha 2,Nové Město,Praha 2,45,25000.0,B,2026-08-26,Ano,2+kk,False,False,False,False,False,False,False,False,False
3302281292,Praha 3,Vinohrady,Praha 3,109,61900.0,A,2026-08-11,Částečně,3+kk,True,False,False,False,False,False,False,False,False
3302908748,Praha 2,Nové Město,Praha 2,105,60000.0,A,2026-02-17,Ano,3+1,True,False,False,False,False,False,False,False,False
3303526476,Praha 10,Malešice,Praha 10,63,,C,2026-08-06,Ano,2+kk,False,False,False,False,False,False,False,False,False
3305357388,Praha 5,Stodůlky,Praha 13,50,25500.0,B,2026-08-21,Ano,1+kk,False,False,False,False,False,False,False,False,False
3305750604,Praha 10,Strašnice,Praha 10,43,19000.0,B,2026-08-13,Částečně,2+kk,False,False,False,False,False,False,False,False,False
3306095436,Praha 5,Smíchov,Praha 5,71,43470.0,B,2026-01-08,Ano,2+kk,False,False,False,False,False,False,False,False,False
3307192396,Praha 1,Nové Město,Praha 1,80,,C,2026-08-17,Ano,2+kk,False,False,False,False,False,False,False,False,False
3309486156,Praha 9,Kyje,Praha 14,68,,C,2026-08-23,,2+kk,False,False,False,False,False,False,False,False,False
3314401356,Praha 5,Řeporyje,Praha-Řeporyje,50,22000.0,A,2026-08-19,,2+kk,False,False,False,False,False,False,False,False,False
3316310092,Praha 2,Nové Město,Praha 2,150,,C,2026-07-03,Ano,4+1,True,True,False,True,True,False,False,False,False
3317882956,Praha 10,Vršovice,Praha 10,58,23000.0,A,2026-07-14,Ano,1+kk,False,False,False,False,False,False,False,False,False
3317977932,Praha 5,Malá Strana,Praha 5,100,39000.0,A,2026-03-17,Ne,3+kk,False,False,False,False,False,False,False,False,False
3318530124,Praha 10,Vršovice,Praha 10,105,65000.0,B,2026-08-20,Ano,3+kk,False,False,False,False,False,False,False,False,False
3320365132,Praha 10,Vršovice,Praha 10,80,45000.0,B,2026-08-16,Částečně,2+kk,False,False,False,False,False,False,False,False,False
3323379788,Praha 8,Libeň,Praha 8,31,,C,2026-08-27,,1+1,False,False,False,False,False,False,False,False,True
3324428364,Praha 4,Modřany,Praha 12,54,25000.0,A,2026-08-27,,2+kk,False,False,False,False,False,False,False,False,False
3325935692,Praha 8,Karlín,Praha 8,91,35000.0,A,2026-08-19,Částečně,2+kk,False,False,False,False,False,False,False,False,False
3327103052,Praha 6,Střešovice,Praha 6,156,95000.0,B,2026-05-13,Ano,4+1,True,False,False,False,False,False,False,False,False
3327770700,Praha 10,Vršovice,Praha 10,80,33000.0,A,2026-08-13,,3+kk,False,False,False,False,False,False,False,False,False
3330785356,Praha 4,Krč,Praha 4,40,17500.0,A,2026-08-27,Ne,1+kk,False,False,False,False,False,False,False,False,False
3330965580,Praha 6,Střešovice,Praha 6,26,17000.0,B,2026-05-27,Ano,1+kk,False,False,False,False,False,False,False,False,False
3332669516,Praha 1,Nové Město,Praha 1,23,18000.0,B,2026-06-11,Ano,1+kk,False,True,False,False,True,False,False,False,False
3334045772,Praha 4,Nusle,Praha 4,40,19990.0,B,2026-05-28,,1+1,False,False,False,False,False,False,False,False,False
3334852684,Praha 4,Braník,Praha 4,42,22000.0,A,2026-08-10,Částečně,2+kk,False,False,False,False,False,False,False,False,False
3335381068,Praha 3,Žižkov,Praha 3,35,26800.0,B,2026-07-10,Ano,1+kk,False,False,False,False,False,False,False,False,False
3341197388,Praha 1,Staré Město,Praha 1,106,88000.0,B,2026-05-05,Ano,3+kk,False,False,False,False,False,False,False,False,False
3341570892,Praha 1,Nové Město,Praha 1,78,41100.0,B,2026-03-09,Ano,3+kk,False,False,False,False,False,False,False,False,False
3345137740,Praha 9,Černý Most,Praha 14,41,23000.0,A,2026-08-22,Ne,2+kk,False,False,False,False,False,False,False,False,False
3347169356,Praha 6,Bubeneč,Praha 6,77,,C,2026-08-25,,2+1,False,False,False,True,False,False,False,False,False
3347497036,Praha 4,Chodov,Praha 11,55,27000.0,A,2026-08-28,Ano,2+kk,False,False,False,False,False,False,False,False,False
3348025420,Praha 4,Modřany,Praha 12,60,38000.0,A,2026-07-29,Ano,3+kk,False,False,False,False,False,False,False,False,False
3349209164,Praha 4,Podolí,Praha 4,155,49000.0,A,2026-07-16,Ne,3+1,False,False,False,False,False,False,False,False,False
3349659724,Praha 3,Žižkov,Praha 3,42,17000.0,A,2026-08-27,Ne,1+1,False,False,False,False,False,False,False,False,False
3350073932,Praha 1,Malá Strana,Praha 1,170,79000.0,A,2025-02-11,Ne,4+1,True,False,False,False,False,False,False,False,False
3351167052,Praha 9,Vysočany,Praha 9,29,17000.0,B,2026-08-18,Ano,1+kk,False,False,False,False,False,False,False,False,False
3352330316,Praha 1,Nové Město,Praha 1,113,68000.0,A,2026-06-08,Ne,3+1,False,True,False,False,False,False,False,False,False
3353595980,Praha 1,,,65,,C,2026-08-03,,2+1,False,False,False,False,False,False,False,False,False
3355557964,Praha 4,Nusle,Praha 4,47,19990.0,B,2026-08-24,Částečně,2+kk,False,False,False,False,False,False,False,False,False
3358515276,Praha 5,Smíchov,Praha 5,91,40000.0,A,2026-07-08,Částečně,3+kk,False,False,False,False,False,False,False,False,False
3359039564,Praha 7,Holešovice,Praha 7,81,31000.0,B,2026-07-19,Ano,3+kk,False,False,False,False,False,False,False,False,False
3364798540,Praha 6,Střešovice,Praha 6,52,22000.0,A,2026-08-18,,2+kk,False,False,False,False,False,False,False,False,False
3364933708,Praha 2,Vinohrady,Praha 2,123,49000.0,A,2026-08-06,Ano,4+kk,False,False,False,False,False,False,False,False,False
3366158412,Praha 5,Smíchov,Praha 5,103,58500.0,B,2026-06-04,Ano,3+kk,False,False,False,False,False,False,False,False,False
3367034956,Praha 8,Kobylisy,Praha 8,90,34000.0,B,2026-07-16,,3+1,False,False,False,False,False,False,False,False,False
3369390156,Praha 8,Kobylisy,Praha 8,72,,C,2026-08-11,,2+kk,False,False,False,False,False,False,False,False,False
3369918540,Praha 9,,,59,28000.0,A,2026-07-13,,unknown,True,False,False,True,False,False,False,False,False
3372855372,Praha 6,Nebušice,Praha-Nebušice,123,,D,2026-04-08,Částečně,3+1,False,False,False,False,False,True,False,False,False
3373187148,Praha 1,Nové Město,Praha 1,90,44000.0,A,2026-08-18,Ano,3+kk,False,False,False,False,False,False,False,False,False
3374960716,Praha 5,Stodůlky,Praha 13,47,19990.0,B,2026-07-24,Částečně,2+kk,False,False,False,False,False,False,False,False,False
3376205900,Praha 9,Kyje,Praha 14,66,25900.0,B,2026-07-31,Ano,2+kk,False,False,False,False,False,False,False,False,False
3376533580,Praha 10,Strašnice,Praha 10,100,22500.0,A,2026-08-04,Ano,3+1,False,False,False,False,False,False,False,False,False
3376799820,Praha 8,Libeň,Praha 8,80,26000.0,A,2026-07-20,Ne,3+kk,False,False,False,False,False,False,False,False,False
3377451084,Praha 3,Vinohrady,Praha 3,55,42721.35,B,2026-07-27,Ano,2+kk,False,False,False,False,False,False,False,False,False
3381706828,Praha 8,Karlín,Praha 8,37,,C,2026-08-26,Ano,1+kk,False,False,False,False,False,False,False,False,False
3383943244,Praha 5,Smíchov,Praha 5,168,60000.0,B,2026-07-14,,5+1,True,False,True,False,False,False,False,False,False
3384361804,Praha 3,Vinohrady,Praha 3,60,,C,2026-03-20,Ne,2+kk,False,True,False,False,True,False,False,False,False
3384397900,Praha 4,Chodov,Praha 11,56,27000.0,A,2026-07-25,Částečně,2+kk,False,False,False,False,False,False,False,False,False
3384725580,Praha 8,Karlín,Praha 8,47,27000.0,A,2026-07-29,Ne,2+kk,False,False,False,False,False,False,False,False,False
3390234700,Praha 3,Vinohrady,Praha 3,72,30950.0,B,2026-07-14,Částečně,2+1,False,False,False,False,False,False,False,False,False
3391209548,Praha 4,Chodov,Praha 11,15,9500.0,A,2026-08-24,,unknown,False,False,False,True,False,False,False,False,False
3392323660,Praha 8,Karlín,,75,,C,2026-08-23,,3+kk,False,False,False,False,False,False,False,False,False
3392528460,Praha 5,Smíchov,Praha 5,60,,C,2026-07-20,,2+kk,False,True,False,False,True,False,False,False,False
3394555980,Praha 3,Vinohrady,Praha 3,56,42800.0,B,2026-08-10,Ano,2+kk,False,False,False,False,False,False,False,False,False
3395338316,Praha 2,Nové Město,Praha 2,22,12000.0,A,2026-08-25,Ne,1+kk,False,False,False,False,False,False,False,False,False
3396452428,Praha 5,Stodůlky,Praha 13,53,,C,2026-08-24,Částečně,2+kk,False,False,False,False,False,False,False,False,False
3398484044,Praha 9,Hloubětín,Praha 9,29,,C,2026-08-26,Částečně,1+kk,False,False,False,False,False,False,False,False,False
3399401548,Praha 6,Nebušice,Praha-Nebušice,48,20000.0,A,2026-08-18,Ano,1+kk,False,False,False,False,False,False,False,False,False
3399782476,Praha 10,Vinohrady,Praha 10,226,99000.0,A,2026-05-26,Částečně,5+kk,False,False,False,False,False,False,False,False,False
3401367628,Praha 7,Holešovice,Praha 7,32,22000.0,B,2026-08-20,,2+kk,False,False,False,False,False,False,False,False,False
3403137100,Praha 6,Řepy,Praha 17,42,20000.0,A,2026-08-27,,2+kk,False,False,False,False,False,False,False,False,False
3403259980,Praha 4,Kunratice,Praha-Kunratice,58,31000.0,A,2026-04-24,Ano,2+kk,False,False,False,False,False,False,False,False,False
3406811212,Praha 6,Břevnov,Praha 6,33,,C,2026-07-28,Ne,1+kk,False,False,False,False,False,False,False,False,False
3407069260,Praha 5,Řeporyje,Praha-Řeporyje,33,19500.0,B,2026-08-21,Ne,1+kk,False,False,False,False,False,False,False,False,False
3408248908,Praha 5,Stodůlky,Praha 13,50,19500.0,A,2026-08-28,Ano,2+kk,False,False,False,False,False,False,False,False,False
3408511820,Praha 4,Chodov,Praha 11,79,29900.0,B,2025-10-08,Částečně,3+1,False,False,False,False,False,False,False,False,True
3415720012,Praha 6,Vokovice,Praha 6,60,,C,2026-08-27,Částečně,2+1,False,False,False,False,False,False,False,False,False
3417555020,Praha 5,Stodůlky,Praha 13,90,30000.0,A,2026-08-22,,4+kk,False,False,False,False,False,False,False,False,False
3419848780,Praha 5,Smíchov,Praha 5,35,20000.0,B,2026-08-28,Ne,1+1,False,False,False,False,False,False,False,False,False
3424763980,Praha 9,Hloubětín,Praha 9,67,,C,2026-08-24,Ano,2+kk,False,False,False,False,False,False,False,False,False
3425620044,Praha 1,Nové Město,Praha 1,221,,D,2026-07-29,Ne,4+kk,False,False,False,False,False,True,False,False,False
3426964300,Praha 1,Malá Strana,Praha 1,73,39000.0,B,2026-03-10,Ano,2+1,True,False,False,False,False,False,False,False,False
3427721292,Praha 1,Nové Město,Praha 1,83,35000.0,A,2026-07-08,Ano,2+kk,False,False,False,False,False,False,False,False,False
3428683852,Praha 4,Modřany,Praha 12,55,39000.0,B,2026-05-14,,2+kk,False,False,True,False,True,False,False,False,False
3431097164,Praha 1,Nové Město,Praha 1,144,50000.0,A,2026-02-23,Ano,4+kk,False,False,False,False,False,False,False,False,False
3431120972,Praha 4,Michle,Praha 4,115,49000.0,A,2026-08-24,,3+kk,False,False,False,False,False,False,False,False,False
3432157260,Praha 10,Hostivař,Praha 15,63,,C,2026-05-19,Ne,2+kk,False,False,False,False,False,False,False,False,False
3432894540,Praha 4,Braník,Praha 4,72,,C,2026-07-30,Ano,3+1,False,False,False,False,False,False,False,False,False
3433353292,Praha 1,Staré Město,Praha 1,169,48000.0,B,2026-08-11,Ano,1+kk,True,False,False,False,False,False,False,False,False
3435249740,Praha 3,Žižkov,Praha 3,61,30000.0,A,2026-08-25,Ano,2+kk,False,False,False,False,False,False,False,False,False
3439448140,Praha 3,Žižkov,Praha 3,72,25000.0,A,2026-08-04,Ano,3+kk,False,False,False,False,False,False,False,False,False
3440111692,Praha 4,Krč,Praha 4,132,160000.0,B,2026-06-12,Ano,3+kk,False,False,False,False,True,False,False,False,False
3443384396,Praha 5,Smíchov,Praha 5,83,35000.0,A,2026-07-10,Ne,3+kk,False,False,False,False,False,False,False,False,False
3443557196,Praha 2,Vinohrady,Praha 2,60,32000.0,A,2025-08-04,Ano,3+kk,False,True,False,False,False,False,False,False,False
3443966028,Praha 8,Karlín,Praha 8,33,,C,2026-08-27,Ne,2+kk,False,False,False,False,False,False,False,False,False
3444228172,Praha 7,Holešovice,Praha 7,56,33000.0,A,2026-08-12,Ano,2+kk,False,False,False,False,False,False,False,False,False
3445592140,Praha 6,Střešovice,Praha 6,138,85000.0,B,2026-05-13,Ano,4+1,True,False,False,False,False,False,False,False,False
3447636044,Praha 5,Smíchov,Praha 5,77,,C,2026-08-18,Ne,2+1,False,False,False,False,False,False,False,False,False
3448762444,Praha 9,Vysočany,Praha 9,50,21000.0,B,2026-06-17,Částečně,2+kk,False,False,False,False,False,False,False,False,False
3448946764,Praha 2,Vinohrady,Praha 2,110,57960.0,B,2026-08-24,Ano,3+kk,True,False,False,False,False,False,False,False,False
3449274444,Praha 5,Smíchov,Praha 5,41,29750.0,B,2026-08-27,Ano,1+kk,True,False,False,False,False,False,False,False,False
3450261580,Praha 7,Bubeneč,Praha 7,63,29000.0,A,2026-08-08,,2+kk,False,False,False,False,False,False,False,False,False
3451162700,Praha 1,Nové Město,Praha 1,120,53372.0,B,2026-05-26,Ano,4+kk,False,False,False,False,False,False,False,False,False
3452624972,Praha 1,Staré Město,Praha 1,250,,C,2026-07-03,Ano,3+kk,False,False,False,False,False,False,False,False,False
3454451788,Praha 10,Uhříněves,Praha 22,45,,C,2026-08-27,,2+kk,False,False,False,False,False,False,False,False,False
3455483980,Praha 5,Praha 5,Praha 5,190,90000.0,B,2026-06-09,Ne,5+kk,False,False,False,False,False,False,False,False,False
3456680012,Praha 4,Nusle,Praha 4,45,25000.0,B,2026-08-15,,1+kk,False,False,False,False,False,False,False,False,False
3456888908,Praha 5,Hlubočepy,Praha 5,26,22000.0,A,2026-06-12,Ano,1+kk,False,False,False,False,False,False,False,False,False
3457531980,Praha 10,Vinohrady,Praha 10,30,,C,2026-08-29,Ano,1+kk,False,False,False,False,False,False,False,False,False
3458121804,Praha 10,Strašnice,Praha 10,50,,C,2026-08-18,Ne,2+kk,False,False,False,False,False,False,False,False,False
3458265164,Praha 9,Letňany,Praha 18,71,26990.0,A,2026-06-25,Částečně,3+kk,True,False,False,False,False,False,False,False,False
3459633228,Praha 3,Vinohrady,Praha 3,54,41800.0,A,2026-08-10,Ne,2+kk,True,False,False,False,False,False,False,False,False
3461857356,Praha 4,Chodov,Praha 11,72,30000.0,A,2026-08-26,Ne,3+kk,False,False,False,False,False,False,False,False,False
3462119500,Praha 4,Krč,Praha 4,257,99000.0,A,2026-08-11,,atypical,False,False,False,False,False,False,False,False,False
3465183820,Praha 2,Nusle,Praha 2,31,20000.0,B,2024-09-06,Ano,1+kk,False,False,False,False,False,False,False,False,False
3465867340,Praha 8,Libeň,Praha 8,50,25000.0,A,2026-07-01,Ne,2+kk,False,False,False,False,False,False,False,False,False
3465928780,Praha 3,Žižkov,Praha 3,65,31500.0,B,2026-07-21,Ano,2+kk,False,False,False,False,False,False,False,False,False
3466051660,Praha 5,Řeporyje,Praha-Řeporyje,31,,C,2026-08-27,Ne,1+kk,False,False,False,False,False,False,False,False,False
3467165772,Praha 4,Braník,Praha 4,114,,C,2026-08-16,,4+kk,False,False,False,False,False,False,False,False,False
3468030028,Praha 1,Nové Město,Praha 1,123,55545.0,B,2026-06-30,Ano,4+kk,False,False,False,False,False,False,False,False,False
3469656140,Praha 1,Malá Strana,Praha 1,117,59000.0,B,2026-08-18,Ano,3+kk,True,True,False,False,False,False,False,False,False
3469729868,Praha 3,Vinohrady,Praha 3,167,134800.0,B,2026-07-08,Částečně,4+kk,False,False,False,False,False,False,False,False,False
3472281676,Praha 9,Běchovice,Praha-Běchovice,77,,C,2026-08-07,,2+1,False,False,False,False,False,False,False,False,False
3472343116,Praha 10,Hostivař,Praha 15,46,20000.0,A,2026-08-26,Částečně,2+kk,True,False,False,False,False,False,False,False,False
3472855116,Praha 7,Holešovice,Praha 7,96,75000.0,B,2026-05-13,Ano,3+kk,False,False,False,False,False,False,False,False,False
3473109836,Praha 4,Podolí,Praha 4,79,49500.0,A,2026-02-02,Ano,3+kk,False,False,False,False,False,False,False,False,False
3473338444,Praha 5,Sobín,Praha-Zličín,49,35000.0,B,2026-06-29,Ano,2+kk,False,False,False,False,False,False,False,False,False
3476344908,Praha 5,Hlubočepy,Praha 5,39,20000.0,A,2026-08-10,Ne,1+kk,False,False,False,False,False,False,False,False,False
3476803660,Praha 5,Smíchov,Praha 5,45,,C,2026-07-22,,2+kk,False,False,False,False,False,False,False,False,False
3477885772,Praha 1,Malá Strana,Praha 1,73,39000.0,B,2026-03-09,Ano,2+1,True,False,False,False,False,False,False,False,False
3478569036,Praha 9,Vysočany,Praha 9,52,28500.0,A,2026-08-27,Ano,2+kk,False,False,False,False,False,False,False,False,False
3481198668,Praha 7,Holešovice,Praha 7,68,32000.0,B,2026-07-08,Ano,2+kk,False,False,False,False,False,False,False,False,False
3481645132,Praha 4,Michle,Praha 4,59,,C,2026-04-20,,2+kk,False,False,False,False,False,False,False,False,False
3481661516,Praha 8,Praha 8,Praha 8,87,,C,2026-06-30,Ano,3+kk,False,False,False,False,False,False,False,False,False
3484401740,Praha 5,Košíře,Praha 5,131,92000.0,B,2026-08-17,Ano,4+kk,False,False,False,False,True,False,False,False,False
3485143884,Praha 8,Karlín,,85,45000.0,A,2025-12-03,Ano,3+kk,True,False,False,False,False,False,False,False,False
3485188172,Praha 9,Černý Most,Praha 14,37,22990.0,A,2026-08-12,Ne,2+kk,True,False,False,False,False,False,False,False,False
3487420492,Praha 4,Krč,Praha 4,66,,C,2026-07-30,Částečně,2+kk,False,False,False,False,False,False,False,False,False
3489448012,Praha 5,Smíchov,Praha 5,30,,C,2026-08-20,,1+kk,False,False,False,False,True,False,False,False,False
3489521740,Praha 9,Letňany,Praha 18,55,,C,2026-07-10,Částečně,2+kk,False,False,False,False,False,False,False,False,False
3490312268,Praha 4,Krč,Praha 4,68,32000.0,A,2026-06-15,Částečně,3+kk,False,False,False,False,False,False,False,False,False
3493790284,Praha 2,Nové Město,Praha 2,45,,C,2025-02-28,,2+kk,False,False,False,False,False,False,False,False,False
3497128012,Praha 3,Vinohrady,Praha 3,60,49096.95,B,2026-06-24,Částečně,2+kk,False,False,False,False,False,False,False,False,False
3497250892,Praha 6,Bubeneč,Praha 6,74,36000.0,B,2026-08-01,,3+kk,False,False,False,False,False,False,False,False,False
3497971788,Praha 4,Nusle,Praha 4,93,33990.0,B,2026-07-28,Částečně,3+1,False,False,False,False,False,False,False,False,False
3498696780,Praha 3,Vinohrady,Praha 3,95,64955.0,B,2026-07-06,Ne,3+kk,False,False,False,False,False,False,False,False,False
3498950732,Praha 9,Hloubětín,Praha 9,35,18500.0,A,2026-08-19,Ne,1+kk,False,False,False,False,False,False,False,False,False
3500392524,Praha 4,Záběhlice,Praha 4,60,,C,2026-08-21,,3+1,False,False,False,False,False,False,False,False,False
3504132172,Praha 1,Nové Město,Praha 1,37,25000.0,B,2026-07-31,Ano,1+kk,False,False,False,False,False,False,False,False,True
3504787532,Praha 3,Žižkov,Praha 3,61,,C,2026-08-07,,2+kk,False,False,False,False,False,False,False,False,False
3505578828,Praha 2,Vinohrady,,60,49800.0,B,2025-09-10,Ano,2+kk,True,False,False,False,True,False,False,False,False
3505840204,Praha 6,Bubeneč,Praha 6,29,21000.0,A,2026-07-20,,1+kk,False,False,False,False,False,False,False,False,False
3506946124,Praha 5,Zbraslav,Praha-Zbraslav,90,26900.0,B,2026-08-26,Ano,3+kk,False,False,False,False,False,False,False,False,False
3507781708,Praha 5,Stodůlky,Praha 13,67,24990.0,A,2026-06-11,Ne,2+kk,True,False,False,False,False,False,False,False,False
3508969548,Praha 3,Vinohrady,Praha 3,92,,D,2026-05-05,Ne,3+kk,False,False,False,False,True,True,False,False,False
3509440588,Praha 3,Žižkov,Praha 3,40,24500.0,A,2026-07-30,Ano,1+kk,False,False,False,False,False,False,False,False,False
3511468108,Praha 5,Košíře,Praha 5,90,,C,2026-08-20,,4+kk,False,False,False,False,False,False,False,False,False
3511603276,Praha 2,Vinohrady,Praha 2,219,43004.0,A,2026-07-28,,4+1,False,False,False,False,False,False,False,False,False
3511799884,Praha 2,Nové Město,Praha 2,49,,C,2026-08-04,,2+kk,False,False,False,False,False,False,False,False,False
3512189004,Praha 10,Záběhlice,Praha 10,28,,C,2026-08-26,,1+kk,False,False,False,False,False,False,False,False,False
3514290252,Praha 7,Bubeneč,Praha 7,77,34500.0,A,2026-08-06,Ano,3+kk,False,False,False,False,False,False,False,False,False
3515076684,Praha 10,Strašnice,Praha 10,127,38000.0,B,2026-08-03,,3+1,False,False,False,False,False,False,False,False,False
3515469900,Praha 8,Troja,Praha 8,50,24900.0,B,2026-07-25,Částečně,2+kk,False,False,False,False,False,False,False,False,False
3515531340,Praha 9,Prosek,Praha 9,59,23400.0,B,2026-08-13,Částečně,3+1,False,False,False,False,False,False,False,False,False
3519926348,Praha 10,Strašnice,Praha 10,34,17000.0,A,2026-07-30,,1+kk,False,False,False,False,False,False,False,False,False
3520061516,Praha 10,Záběhlice,Praha 10,34,,C,2026-07-08,Ano,1+kk,False,False,False,False,False,False,False,False,False
3523067980,Praha 3,Žižkov,Praha 3,34,,C,2026-08-19,Ne,2+kk,False,False,False,False,False,False,False,False,False
3525558348,Praha 1,Nové Město,Praha 1,95,33000.0,A,2026-08-21,,3+kk,False,False,False,False,False,False,False,False,False
3525951564,Praha 7,Holešovice,Praha 7,34,21500.0,B,2026-08-13,Ano,1+kk,False,False,False,False,False,False,False,False,False
3526742092,Praha 1,Staré Město,Praha 1,70,40000.0,A,2026-08-10,Ano,2+kk,False,False,False,False,False,False,False,False,False
3527639116,Praha 9,Kbely,Praha 19,54,19500.0,B,2026-06-03,Ano,2+1,False,False,False,False,False,False,False,False,False
3528638540,Praha 2,Vinohrady,Praha 2,35,22900.0,B,2026-08-23,Ano,2+kk,False,False,False,False,False,False,False,False,False
3528962124,Praha 3,Žižkov,Praha 3,107,52000.0,B,2026-04-17,Ano,4+kk,False,False,False,False,False,False,False,False,False
3529687116,Praha 5,Stodůlky,Praha 13,96,,C,2026-08-22,Částečně,3+kk,False,False,False,False,False,False,False,False,False
3530014796,Praha 9,Vysočany,Praha 9,41,19900.0,A,2026-08-26,Ne,1+kk,False,False,False,False,False,False,False,False,False
3531460684,Praha 9,Vysočany,Praha 9,50,,C,2026-07-29,,2+1,False,False,False,False,False,False,False,False,False
3532226636,Praha 2,Vinohrady,Praha 2,204,145000.0,B,2026-05-28,Ne,5+1,True,False,False,False,True,False,False,False,False
3533361228,Praha 4,Nusle,Praha 4,34,24300.0,B,2026-07-24,Ano,2+kk,False,False,False,False,False,False,False,False,False
3534024780,Praha 3,Žižkov,Praha 3,60,25000.0,A,2026-07-01,Částečně,2+kk,False,False,False,False,False,False,False,False,False
3535847500,Praha 9,Libeň,Praha 9,82,,C,2026-08-25,,3+kk,False,False,False,False,False,False,False,False,False
3536113740,Praha 4,Nusle,Praha 4,45,18000.0,A,2026-08-11,Ne,2+kk,False,False,False,False,False,False,False,False,False
3536838732,Praha 5,Stodůlky,Praha 13,59,,C,2026-07-08,,2+kk,False,False,False,False,False,False,False,False,True
3537817676,Praha 9,Kbely,Praha 19,58,20000.0,A,2026-07-29,Ne,2+1,False,False,False,False,False,False,False,False,True
3539857484,Praha 10,Vršovice,Praha 10,107,35000.0,A,2026-06-19,Ne,4+kk,False,False,False,True,False,False,False,False,False
3541295180,Praha 5,Košíře,Praha 5,44,27000.0,B,2026-07-13,Ano,2+kk,False,False,False,False,False,False,False,False,False
3542798412,Praha 4,Záběhlice,Praha 4,82,33000.0,A,2026-07-23,,4+kk,False,False,False,False,False,False,False,False,False
3543322700,Praha 10,Malešice,Praha 10,72,22572.0,A,2026-08-03,Ano,2+kk,False,False,False,False,False,False,False,False,False
3543588940,Praha 9,Hloubětín,Praha 9,56,23000.0,B,2026-07-19,Částečně,2+kk,False,False,False,False,False,False,False,False,False
3546071116,Praha 9,Černý Most,Praha 14,48,25000.0,A,2026-08-20,Částečně,2+kk,False,False,False,False,False,False,False,False,False
3546533964,Praha 9,,,59,,C,2026-08-01,,1+kk,True,False,False,False,False,False,False,False,False
3546726476,Praha 4,Braník,Praha 4,70,29000.0,A,2026-08-27,Ano,3+1,False,False,False,False,False,False,False,False,False
3548958796,Praha 9,Vysočany,Praha 9,45,21990.0,A,2026-07-27,Částečně,2+kk,False,False,False,False,False,False,False,False,False
3549884492,Praha 2,Nové Město,Praha 2,150,120000.0,A,2026-06-29,Ano,4+1,True,False,False,False,False,False,False,False,False
3550920780,Praha 5,Smíchov,Praha 5,110,,C,2026-08-28,Částečně,3+kk,False,False,False,False,False,False,False,False,False
3554721868,Praha 8,Karlín,Praha 8,49,,C,2026-08-25,Částečně,1+1,True,False,False,False,False,False,False,False,False
3556040780,Praha 2,Vinohrady,Praha 2,116,40000.0,B,2026-07-21,Ne,3+1,False,False,False,False,False,False,False,False,False
3557216332,Praha 5,Radlice,Praha 5,39,18490.0,A,2026-08-07,Ne,1+kk,False,False,False,False,False,False,False,False,False
3558330444,Praha 2,Vinohrady,Praha 2,47,24000.0,B,2026-08-06,Částečně,2+kk,False,False,False,False,False,False,False,False,False
3559968844,Praha 10,Dubeč,Praha-Dubeč,54,,C,2026-08-05,Částečně,2+kk,False,False,False,False,False,False,False,False,False
3560357964,Praha 4,Nusle,Praha 4,20,17900.0,B,2026-08-27,Ne,1+kk,False,False,False,False,True,False,False,False,False
3561812044,Praha 4,Nusle,Praha 4,43,18900.0,B,2026-06-20,Částečně,2+kk,False,False,False,False,False,False,False,False,False
3561873484,Praha 10,Praha 10,Praha 10,109,44500.0,A,2026-07-09,,3+kk,False,False,True,False,False,False,False,False,False
3563634764,Praha 4,Chodov,Praha 11,62,,C,2026-08-14,Ne,3+kk,False,False,False,False,False,False,False,False,False
3566067788,Praha 9,Vysočany,Praha 9,55,27500.0,B,2026-07-10,Ne,2+kk,False,False,False,False,False,False,False,False,False
3566190668,Praha 8,Čimice,Praha 8,56,19000.0,A,2026-08-17,Ano,2+kk,False,False,False,False,False,False,False,False,False
3566264396,Praha 8,Kobylisy,Praha 8,48,21490.0,A,2026-07-16,Částečně,2+kk,False,False,False,False,False,False,False,False,False
3566977100,Praha 9,Černý Most,Praha 14,45,17990.0,A,2026-08-12,Ne,2+kk,True,False,False,False,False,False,False,False,False
3568681036,Praha 4,Nusle,Praha 4,69,,C,2026-08-30,,3+1,False,False,False,False,False,False,False,False,False
3570319436,Praha 8,Troja,Praha 8,72,29990.0,A,2026-08-18,Částečně,3+1,False,False,False,False,False,False,False,False,False
3570856012,Praha 3,Vinohrady,Praha 3,56,33000.0,A,2026-06-29,Ano,2+kk,False,False,False,False,False,False,False,False,False
3571044428,Praha 9,Letňany,Praha 18,64,19500.0,A,2026-07-25,Částečně,1+kk,False,False,False,False,False,False,False,False,True
3571433548,Praha 10,Dolní Měcholupy,Praha-Dolní Měcholupy,86,27000.0,A,2026-08-17,,3+kk,False,False,False,False,False,False,False,False,False
3573600332,Praha 5,Stodůlky,Praha 13,74,25490.0,A,2026-08-05,Částečně,2+1,True,False,False,False,False,False,False,False,False
3573822284,Praha 2,Vinohrady,Praha 2,85,40000.0,A,2025-11-10,Ano,3+kk,False,True,False,False,False,False,False,False,False
3574190156,Praha 2,Vinohrady,Praha 2,48,34500.0,B,2026-07-24,Ano,2+kk,False,False,False,False,False,False,False,False,False
3574579276,Praha 4,Nusle,Praha 4,52,25000.0,A,2026-08-17,Ano,2+1,False,False,False,False,False,False,False,False,False
3578904652,Praha 8,Libeň,Praha 8,40,,C,2026-08-24,,1+1,False,False,False,False,False,False,False,False,False
3579269964,Praha 9,Vysočany,Praha 9,68,30500.0,B,2026-03-13,Částečně,2+kk,True,False,False,False,False,False,False,False,False
3579990860,Praha 10,Záběhlice,Praha 10,33,15000.0,A,2026-03-10,Ne,1+kk,False,False,False,False,False,False,False,False,False
3583893580,Praha 7,Holešovice,Praha 7,58,,C,2026-07-10,Částečně,2+kk,False,False,False,False,False,False,False,False,False
3584880716,Praha 5,Velká Chuchle,Praha-Velká Chuchle,74,29900.0,A,2026-06-22,,3+kk,False,False,False,False,False,False,False,False,False
3586715724,Praha 9,,,70,,C,2026-06-16,,3+kk,False,False,False,False,False,False,False,False,False
3590284108,Praha 1,Staré Město,Praha 1,101,49500.0,B,2026-02-16,Ano,3+kk,False,False,False,False,False,False,False,False,False
3591102540,Praha 5,Smíchov,Praha 5,96,,C,2026-07-02,Částečně,4+kk,False,False,False,False,False,False,False,False,True
3591880780,Praha 4,Háje,Praha 11,32,19900.0,A,2026-08-26,,1+kk,False,False,False,False,False,False,False,False,False
3592142924,Praha 4,Nusle,Praha 4,52,26900.0,B,2026-08-11,Ne,2+1,False,False,False,False,False,False,False,False,False
3592929356,Praha 4,Krč,Praha 4,83,25000.0,A,2026-08-26,Ne,3+kk,False,False,False,False,False,False,False,False,False
3593396300,Praha 10,Záběhlice,Praha 10,57,,C,2026-07-08,,2+kk,False,False,False,False,False,False,False,False,False
3595739212,Praha 4,Modřany,Praha 12,78,,C,2026-04-30,,3+1,False,False,False,False,False,False,False,False,False
3596009548,Praha 2,Vinohrady,Praha 2,204,145000.0,B,2026-08-27,Ne,6+,False,False,False,False,False,False,False,False,False
3599876172,Praha 5,Zbraslav,Praha-Zbraslav,123,58000.0,A,2026-08-25,Ano,3+1,False,False,False,False,False,False,False,False,False
3600203852,Praha 1,Nové Město,Praha 1,33,25400.0,B,2026-08-28,Ano,2+kk,False,False,False,False,False,False,False,False,False
3600863308,Praha 3,Žižkov,Praha 3,89,27500.0,B,2026-08-05,Ano,2+kk,False,False,False,False,False,False,False,False,False
3600945740,Praha 7,Holešovice,Praha 7,63,,C,2025-02-15,,2+1,False,False,False,False,False,False,False,False,False
3603353676,Praha 4,Krč,Praha 4,41,,C,2026-08-07,Ne,2+kk,False,False,False,False,False,False,False,False,False
3604533324,Praha 8,Karlín,Praha 8,114,,C,2026-07-27,,4+kk,False,False,False,False,False,False,False,False,False
3605299276,Praha 2,Vinohrady,Praha 2,204,145000.0,B,2026-06-11,Ne,5+1,True,False,False,False,False,False,False,False,False
3605393484,Praha 1,Nové Město,Praha 1,114,55545.0,B,2026-06-30,Ano,3+1,False,False,False,False,False,False,False,False,False
3605717068,Praha 5,Stodůlky,Praha 13,54,22400.0,B,2026-07-03,Ano,2+kk,False,False,False,False,False,False,False,False,False
3606962252,Praha 7,Holešovice,Praha 7,63,43300.0,B,2026-07-10,Ano,3+1,True,False,False,False,False,False,False,False,False
3608604748,Praha 9,Libeň,Praha 9,50,24500.0,B,2026-06-29,Částečně,2+kk,False,False,False,False,False,False,False,False,False
3609059404,Praha 10,Petrovice,Praha-Petrovice,73,26000.0,A,2026-07-10,Částečně,3+1,False,False,False,False,False,False,False,False,False
3610575692,Praha 2,Vinohrady,Praha 2,170,60000.0,A,2026-01-21,Ne,4+kk,True,False,False,False,False,False,False,False,False
3611148364,Praha 1,Staré Město,,23,,D,2026-08-19,Ano,1+kk,False,False,False,False,False,True,False,False,False
3611742284,Praha 4,Podolí,Praha 4,60,,C,2026-08-07,Ano,2+1,False,False,False,False,False,False,False,False,False
3612332108,Praha 7,Holešovice,Praha 7,38,22000.0,A,2026-07-27,Ano,1+kk,False,False,False,False,False,False,False,False,False
3613442124,Praha 1,Nové Město,Praha 1,40,25000.0,A,2026-08-25,Ano,2+kk,False,False,False,False,False,False,False,False,False
3615277132,Praha 5,Smíchov,Praha 5,31,,C,2026-08-19,,1+kk,False,False,False,False,True,False,False,False,False
3615765068,Praha 3,Vinohrady,Praha 3,60,49800.0,A,2025-01-15,Ne,2+kk,False,False,False,False,False,False,False,False,False
3616587852,Praha 5,Jinonice,Praha 5,97,,C,2026-08-26,Ano,3+kk,False,False,False,False,False,False,False,False,False
3619799116,Praha 2,Nové Město,Praha 2,37,22000.0,A,2026-08-25,Ne,2+kk,True,False,False,False,False,False,False,False,False
3622678604,Praha 1,Nové Město,Praha 1,49,,C,2026-04-12,Ano,2+kk,False,False,False,False,False,False,False,False,False
3623206988,Praha 5,Hlubočepy,Praha 5,33,18900.0,A,2026-08-29,,1+kk,False,False,False,False,False,False,False,False,False
3623342156,Praha 9,Prosek,Praha 9,72,,C,2026-08-06,Ano,3+1,False,False,False,False,False,False,False,False,False
3623735372,Praha 4,Nusle,Praha 4,35,20000.0,B,2026-07-30,Částečně,2+kk,False,False,False,False,False,False,False,False,True
3625832524,Praha 5,Smíchov,Praha 5,78,45000.0,B,2026-07-30,Ne,3+kk,False,False,False,False,False,False,False,False,False
3626614860,Praha 5,Stodůlky,Praha 13,76,31000.0,A,2026-08-13,Ne,3+1,False,False,False,True,False,False,False,False,False
3628716108,Praha 5,Stodůlky,Praha 13,80,26900.0,B,2026-07-24,,3+1,False,False,False,False,False,False,False,False,False
3629240396,Praha 4,Michle,Praha 4,82,37500.0,B,2026-08-04,Ano,2+kk,False,False,False,False,False,False,False,False,False
3630350412,Praha 6,Dejvice,Praha 6,46,23000.0,B,2026-08-23,Částečně,2+kk,True,False,False,False,False,False,False,False,False
3630362700,Praha 3,Vinohrady,Praha 3,95,64673.7,B,2026-06-23,Ne,3+kk,True,False,False,False,False,False,False,False,False
3630940236,Praha 5,Smíchov,Praha 5,43,23500.0,A,2026-08-11,Ano,2+kk,False,False,False,False,False,False,False,False,False
3631931468,Praha 4,,,45,25000.0,A,2026-07-02,,2+kk,False,False,False,False,False,False,False,False,False
3632648268,Praha 8,Karlín,Praha 8,60,35000.0,A,2026-08-10,Ano,2+kk,False,False,False,False,False,False,False,False,False
3634544716,Praha 8,Praha 8,Praha 8,76,29900.0,B,2026-08-24,Ano,3+kk,False,False,False,False,False,False,False,False,False
3634937932,Praha 5,Sobín,Praha-Zličín,151,40000.0,B,2026-08-16,Ne,4+kk,False,False,False,False,False,False,False,False,False
3635728460,Praha 2,Vinohrady,Praha 2,101,38000.0,B,2026-08-11,,3+kk,False,False,False,False,False,False,False,False,False
3637428300,Praha 6,Praha 6,Praha 6,38,21000.0,A,2026-08-18,Ano,1+1,False,True,False,False,False,False,False,False,False
3638939724,Praha 5,Radlice,Praha 5,52,31900.0,B,2026-08-10,Částečně,2+kk,False,False,True,False,False,False,False,False,False
3643102028,Praha 1,Nové Město,Praha 1,77,,C,2026-03-16,Ano,3+kk,True,False,False,False,False,False,False,False,False
3643850828,Praha 5,Smíchov,Praha 5,176,70000.0,B,2026-08-25,Ano,4+kk,False,False,False,False,False,False,False,False,False
3643924556,Praha 4,Podolí,Praha 4,39,,C,2026-07-15,Částečně,2+kk,False,False,False,False,False,False,False,False,False
3645096012,Praha 7,Holešovice,Praha 7,54,22000.0,A,2026-08-21,Částečně,2+kk,False,False,False,False,False,False,False,False,False
3645489228,Praha 8,Bohnice,Praha 8,53,,D,2026-08-13,Ano,2+kk,False,False,False,False,False,True,False,False,False
3646541900,Praha 1,Josefov,Praha 1,154,,D,2026-07-24,Ano,3+1,True,False,False,False,False,True,False,False,False
3647672908,Praha 1,Nové Město,Praha 1,78,,C,2025-02-04,Ano,2+kk,False,True,False,True,False,False,False,False,False
3650146380,Praha 8,Bohnice,Praha 8,75,,C,2026-08-06,Ne,3+1,False,False,False,False,False,False,False,False,False
3651584076,Praha 4,Krč,Praha 4,52,19500.0,A,2026-08-28,Ne,2+1,False,False,False,False,False,False,False,False,False
3651764300,Praha 5,Hlubočepy,Praha 5,31,17900.0,A,2026-05-28,,1+kk,False,False,False,False,False,False,False,False,False
3652309068,Praha 5,Malá Strana,Praha 5,98,44000.0,B,2026-08-05,Ne,3+kk,False,False,False,False,False,False,False,False,False
3654258764,Praha 8,Libeň,Praha 8,70,20500.0,A,2026-05-13,Ne,1+1,False,False,False,False,False,False,False,False,False
3655581772,Praha 9,Letňany,Praha 18,83,32000.0,B,2026-08-21,Ano,3+kk,False,False,False,False,False,False,False,False,True
3656900684,Praha 10,Strašnice,Praha 10,56,20990.0,A,2026-07-17,Částečně,2+kk,True,False,False,False,False,False,False,False,False
3657547852,Praha 5,Malá Strana,Praha 5,75,36000.0,B,2026-08-24,Ano,2+kk,False,False,False,False,False,False,False,False,False
3659067468,Praha 9,Vysočany,Praha 9,90,26000.0,A,2026-06-16,Ano,3+1,False,False,False,False,False,False,False,False,False
3660431436,Praha 4,Hodkovičky,,74,,C,2026-08-19,,3+1,False,False,False,False,False,False,False,False,False
3660955724,Praha 5,Smíchov,Praha 5,69,,C,2026-08-29,,2+1,False,False,False,False,False,False,False,False,False
3661873228,Praha 4,Braník,Praha 4,90,27900.0,A,2026-08-21,Ne,2+1,True,False,False,False,False,False,False,False,False
3662205004,Praha 9,Vysočany,Praha 9,40,22500.0,B,2026-07-26,Ne,2+kk,False,False,False,False,False,False,False,False,False
3664085068,Praha 6,Veleslavín,Praha 6,65,35000.0,B,2026-06-10,Ano,2+kk,False,False,False,False,False,False,False,False,False
3664166988,Praha 6,Břevnov,Praha 6,35,,C,2026-08-27,,2+kk,False,False,False,False,False,False,False,False,False
3665219660,Praha 6,Břevnov,Praha 6,47,23000.0,A,2026-08-07,,2+kk,False,False,False,False,False,False,False,False,False
3665281100,Praha 1,Nové Město,Praha 1,65,40000.0,B,2026-08-26,Ano,2+kk,False,False,False,False,False,False,False,False,False
3666788428,Praha 9,Vysočany,Praha 9,53,21000.0,B,2026-08-18,Ano,2+kk,False,False,False,False,False,False,False,False,False
3667902540,Praha 4,Písnice,Praha-Libuš,130,,C,2026-08-18,,3+kk,False,False,False,False,False,False,False,False,False
3668222028,Praha 2,,,112,38000.0,B,2026-05-07,,3+1,False,False,False,False,False,False,False,False,False
3668299852,Praha 4,Hodkovičky,Praha 4,47,22800.0,A,2026-08-10,,2+kk,False,False,False,False,False,False,False,False,False
3669013324,Praha 2,Nové Město,Praha 2,10,9200.0,A,2025-06-06,,unknown,False,False,True,True,True,False,True,False,False
3670073420,Praha 7,Bubeneč,Praha 7,39,21700.0,A,2026-07-16,Ano,1+kk,False,False,False,False,False,False,False,False,True
3670442828,Praha 2,Nové Město,Praha 2,250,130000.0,A,2025-08-07,Ano,5+kk,False,True,False,False,False,False,False,False,False
3671310412,Praha 5,Stodůlky,Praha 13,41,19000.0,A,2026-08-21,Ne,1+kk,False,False,False,False,False,False,False,False,False
3671642188,Praha 7,Holešovice,Praha 7,146,,C,2026-07-27,Ano,3+kk,True,True,False,True,False,False,False,False,False
3671969868,Praha 5,Stodůlky,Praha 13,53,20000.0,B,2026-07-30,Částečně,2+kk,False,False,False,False,False,False,False,False,False
3674587212,Praha 8,Kobylisy,Praha 8,60,,C,2026-08-29,Ano,2+1,False,False,False,False,False,False,False,False,False
3680686156,Praha 7,Holešovice,Praha 7,37,23800.0,A,2026-08-03,,1+kk,False,False,False,False,False,False,False,False,False
3681603660,Praha 5,Smíchov,Praha 5,53,32500.0,B,2026-08-05,Ano,2+kk,False,False,False,False,False,False,False,False,False
3684552780,Praha 4,Nusle,Praha 4,34,23000.0,A,2026-07-30,,1+kk,False,False,False,False,False,False,False,False,False
3684745292,Praha 8,Libeň,Praha 8,80,33000.0,A,2026-08-26,Ne,3+kk,False,False,False,False,False,False,False,False,False
3686187084,Praha 2,Vinohrady,Praha 2,49,19000.0,B,2026-08-28,,2+kk,False,False,False,False,False,False,False,False,False
3686981708,Praha 7,Bubeneč,Praha 7,43,30000.0,B,2026-07-14,Ano,2+kk,False,False,False,False,False,False,False,False,True
3687235660,Praha 6,Střešovice,Praha 6,109,42000.0,A,2026-08-28,Ne,3+1,False,False,False,False,False,False,False,False,False
3691503692,Praha 6,Vokovice,Praha 6,54,,C,2026-07-17,Částečně,2+kk,False,False,False,False,False,False,False,False,False
3693072460,Praha 10,Vršovice,Praha 10,92,37000.0,B,2026-07-28,Ano,4+kk,False,False,False,False,False,False,False,False,False
3694645324,Praha 9,Hloubětín,Praha 14,37,19000.0,A,2026-08-06,Ano,1+kk,False,False,False,False,False,False,False,False,False
3695911756,Praha 7,Bubeneč,Praha 7,37,25400.0,B,2025-11-11,Ano,1+kk,False,False,False,False,False,False,False,False,False
3696590924,Praha 5,Řeporyje,Praha-Řeporyje,58,,C,2026-06-10,,2+1,False,False,False,True,False,False,False,False,False
3697905740,Praha 3,Vinohrady,Praha 3,167,134800.0,B,2026-05-11,Ne,4+kk,False,False,False,False,False,False,False,False,False
3698835532,Praha 2,Vyšehrad,Praha 2,75,38000.0,A,2026-08-26,Ano,3+1,True,False,False,False,False,False,False,False,False
3699036236,Praha 3,Žižkov,Praha 3,35,,C,2026-07-23,Ano,1+1,False,False,False,False,False,False,False,False,False
3699826764,Praha 5,Smíchov,Praha 5,81,32000.0,B,2026-07-20,Ne,2+1,False,False,False,False,False,False,False,False,False
3700478028,Praha 8,Troja,Praha 8,30,15000.0,A,2026-08-06,Částečně,1+1,False,False,False,False,False,False,False,False,False
3700539468,Praha 5,Košíře,Praha 5,109,49000.0,A,2026-08-25,Ne,3+kk,True,False,False,False,False,False,False,False,False
3702702156,Praha 5,Radlice,Praha 5,52,32000.0,B,2026-08-24,,2+kk,False,False,False,False,False,False,False,False,False
3703558220,Praha 5,Smíchov,Praha 5,104,41900.0,B,2026-07-28,Ne,3+1,False,False,False,False,False,False,False,False,False
3703996492,Praha 6,Veleslavín,Praha 6,53,23000.0,A,2026-06-09,,2+1,False,False,False,False,False,False,False,False,False
3704279116,Praha 4,Podolí,Praha 4,45,,C,2026-07-23,,2+1,False,False,False,False,False,False,False,False,False
3707949132,Praha 4,Chodov,Praha 11,56,27500.0,B,2026-08-03,,2+kk,False,False,False,False,False,False,False,False,False
3708141644,Praha 5,Malá Strana,Praha 5,154,,C,2026-08-29,Ano,4+1,True,True,False,True,False,False,False,False,False
3708276812,Praha 6,Břevnov,Praha 6,40,19000.0,B,2026-08-06,,1+1,False,False,False,False,False,False,False,False,False
3710341964,Praha 9,Vysočany,Praha 9,67,30000.0,B,2026-03-13,Částečně,2+kk,True,False,False,False,False,False,False,False,False
3710697548,Praha 1,Nové Město,Praha 1,88,35000.0,B,2026-08-20,Ne,4+kk,False,True,False,False,False,False,False,False,False
3710894156,Praha 2,Vinohrady,Praha 2,50,,C,2026-08-17,,2+kk,False,False,False,False,False,False,False,False,False
3712077900,Praha 4,Libuš,Praha-Libuš,100,30000.0,A,2026-08-04,,3+kk,False,False,False,False,False,False,False,False,False
3714105420,Praha 4,Nusle,Praha 4,55,13500.0,B,2026-08-25,,2+1,True,False,False,True,False,False,False,False,False
3715219532,Praha 8,Kobylisy,Praha 8,65,24000.0,B,2026-08-24,Ne,3+kk,False,False,False,False,False,False,False,False,False
3715809356,Praha 4,Chodov,Praha 11,40,20000.0,A,2026-08-12,Částečně,2+1,False,False,False,False,False,False,False,False,False
3717447756,Praha 4,Modřany,Praha 12,35,24900.0,A,2026-08-22,Ano,1+kk,False,False,False,False,False,False,False,False,False
3720400972,Praha 4,Háje,Praha 11,30,,C,2026-08-05,,1+kk,False,False,False,False,False,False,False,False,False
3720872780,Praha 3,Žižkov,Praha 3,85,42900.0,B,2026-01-07,,3+kk,False,False,False,False,False,False,False,False,False
3721257036,Praha 6,Řepy,Praha 17,43,19900.0,A,2026-07-10,Ano,2+kk,False,True,False,False,False,False,False,False,False
3724591180,Praha 3,Žižkov,Praha 3,55,25000.0,A,2026-08-25,,2+kk,False,False,False,False,False,False,False,False,False
3725181004,Praha 6,Řepy,Praha 17,74,22000.0,A,2026-08-13,Ne,3+kk,False,False,False,False,False,False,False,False,False
3725508684,Praha 8,Troja,Praha 8,50,24000.0,B,2026-08-18,Částečně,2+kk,False,False,False,False,False,False,False,False,False
3725580108,Praha 1,Nové Město,Praha 1,102,50000.0,B,2022-09-27,Ne,3+kk,True,False,False,False,False,False,False,False,False
3726942284,Praha 1,Nové Město,Praha 1,123,63000.0,B,2026-05-07,Ano,3+kk,False,False,False,False,False,False,False,False,False
3728527436,Praha 8,Střížkov,Praha 8,24,15000.0,B,2026-07-31,Částečně,1+kk,False,False,False,False,False,False,False,False,False
3728707660,Praha 6,Břevnov,Praha 6,51,18000.0,A,2026-05-13,Částečně,1+1,False,False,False,False,False,False,False,False,False
3730030668,Praha 1,Nové Město,Praha 1,37,27000.0,B,2026-08-21,Ano,1+kk,False,False,False,False,False,False,False,False,False
3730423884,Praha 4,Modřany,Praha 12,52,,C,2026-08-13,,2+kk,False,False,False,False,False,False,False,False,False
3732262988,Praha 9,Kyje,Praha 14,32,16990.0,B,2026-08-09,Částečně,1+kk,False,False,False,False,False,False,False,False,False
3734491212,Praha 9,Kbely,Praha 19,66,20000.0,A,2026-08-07,,2+kk,False,False,False,False,False,False,False,False,False
3736326220,Praha 5,Hlubočepy,Praha 5,46,21500.0,B,2026-08-03,Ne,2+kk,False,False,False,False,False,False,False,False,False
3736776780,Praha 6,Bubeneč,Praha 6,44,23500.0,A,2026-04-07,Částečně,2+1,False,False,False,False,False,False,False,False,False
3736911948,Praha 9,Černý Most,Praha 14,43,19000.0,A,2026-08-20,Ano,2+kk,False,False,False,False,False,False,False,False,False
3737047116,Praha 8,Karlín,Praha 8,35,19000.0,A,2026-07-29,Ano,1+kk,False,False,False,False,False,False,False,False,False
3737313356,Praha 10,Vršovice,Praha 10,91,45000.0,A,2026-07-14,Ano,3+kk,False,False,False,False,False,False,False,False,False
3737485388,Praha 7,Bubeneč,Praha 7,109,40000.0,A,2026-06-10,Ano,3+kk,False,False,False,False,False,False,False,False,False
3737960524,Praha 4,Nusle,Praha 4,55,,C,2026-08-20,,2+kk,True,False,False,False,False,False,False,False,False
3738353740,Praha 10,,,45,,C,2026-08-24,,2+kk,True,False,False,False,False,False,False,False,False
3739402316,Praha 4,Háje,Praha 11,29,17000.0,A,2026-08-24,Částečně,1+kk,False,False,False,False,False,False,False,False,False
3739668556,Praha 6,Veleslavín,Praha 6,59,26000.0,B,2026-08-07,Částečně,3+1,False,False,False,False,False,False,False,False,False
3741078348,Praha 1,Malá Strana,Praha 1,73,39000.0,B,2026-03-09,Ano,2+1,True,False,False,False,False,False,False,False,False
3743346764,Praha 5,Smíchov,Praha 5,178,,C,2026-06-18,Ano,4+kk,False,False,True,False,True,False,False,False,False
3744714828,Praha 8,Troja,Praha 8,30,15000.0,A,2026-08-02,Částečně,1+kk,False,False,False,False,False,False,False,False,False
3745169484,Praha 5,Košíře,Praha 5,46,,C,2026-08-12,,2+kk,False,False,False,False,False,False,False,False,False
3746619468,Praha 5,Malá Strana,Praha 5,154,75000.0,A,2026-07-16,Částečně,4+1,False,False,False,False,False,False,False,False,False
3746660428,Praha 5,Smíchov,Praha 5,62,25800.0,B,2026-06-05,,2+1,False,False,False,False,False,False,False,False,False
3748196428,Praha 4,Kamýk,Praha 12,54,25999.0,B,2026-06-16,Ne,2+kk,False,False,False,False,False,False,False,False,False
3748708428,Praha 4,Chodov,Praha 11,64,25000.0,A,2026-08-25,Částečně,3+1,False,False,False,False,False,False,False,False,False
3748905036,Praha 2,Nové Město,Praha 2,43,21900.0,A,2026-08-21,Ano,2+kk,False,False,False,False,False,False,False,False,False
3749544012,Praha 10,Záběhlice,Praha 10,45,,C,2026-06-02,Ne,2+kk,False,False,False,False,False,False,False,False,False
3750289484,Praha 7,Holešovice,Praha 7,42,17990.0,A,2026-07-07,Ne,1+kk,True,False,False,False,False,False,False,False,False
3750396492,Praha 2,Nové Město,Praha 2,45,29000.0,B,2024-09-06,Ano,2+kk,False,False,True,False,False,False,False,False,False
3750543436,Praha 7,Holešovice,Praha 7,53,24800.0,A,2026-08-20,Částečně,2+kk,False,False,False,False,False,False,False,False,False
3750678604,Praha 5,Košíře,Praha 5,81,38500.0,A,2026-07-29,Ano,3+kk,False,False,False,False,False,False,False,False,False
3750875212,Praha 5,Smíchov,Praha 5,46,24000.0,B,2026-08-05,Částečně,2+kk,False,False,False,False,False,False,False,False,False
3751264332,Praha 2,Vyšehrad,Praha 2,75,38000.0,B,2026-08-27,Ano,3+1,False,False,False,False,False,False,False,False,False
3751465036,Praha 1,Nové Město,Praha 1,33,27000.0,A,2026-07-24,Ano,1+kk,False,False,False,False,False,False,False,False,False
3751792716,Praha 8,Karlín,Praha 8,62,27000.0,A,2026-07-28,Ano,2+1,False,False,False,False,False,False,False,False,False
3753951308,Praha 6,Bubeneč,Praha 6,82,38000.0,A,2026-08-25,,2+1,False,False,False,False,False,False,False,False,False
3754278988,Praha 5,Smíchov,Praha 5,32,14500.0,B,2026-08-30,Ne,1+kk,False,False,False,False,False,False,False,False,False
3755200588,Praha 6,Suchdol,Praha-Suchdol,18,14100.0,B,2026-08-03,Ano,1+kk,False,False,False,False,False,False,False,False,False
3755860044,Praha 10,Vršovice,Praha 10,67,37300.0,B,2026-07-10,Ano,2+kk,False,False,False,False,False,False,False,False,False
3756441676,Praha 5,Hlubočepy,Praha 5,52,22000.0,A,2026-08-27,Ano,2+kk,False,False,False,False,False,False,False,False,False
3756834892,Praha 5,Motol,Praha 5,28,16500.0,B,2026-08-20,Ano,1+kk,False,False,False,False,False,False,False,False,False
3757371468,Praha 5,Košíře,Praha 5,45,24000.0,A,2026-07-01,Ne,2+kk,False,False,False,False,False,False,False,False,False
3758739532,Praha 8,Dolní Chabry,Praha-Dolní Chabry,117,45000.0,B,2026-07-24,,3+kk,False,False,False,False,False,False,False,False,False
3761487948,Praha 10,Hostivař,Praha 15,47,21990.0,A,2026-08-21,Částečně,2+kk,False,False,False,False,False,False,False,False,False
3763454028,Praha 5,Smíchov,Praha 5,55,27000.0,B,2026-08-24,Ne,2+kk,False,False,False,False,False,False,False,False,False
3763511372,Praha 4,Modřany,Praha 12,53,21000.0,A,2026-04-30,Ne,2+1,False,False,False,False,False,False,False,False,False
3765420108,Praha 5,Hlubočepy,Praha 5,56,24900.0,A,2026-08-17,Částečně,2+kk,False,False,False,False,False,False,False,False,False
3765534796,Praha 3,Vinohrady,Praha 3,85,26500.0,A,2026-06-05,,2+1,False,False,False,False,False,False,False,False,False
3766997068,Praha 4,Michle,Praha 4,20,,C,2026-08-07,Ne,1+kk,False,False,False,False,False,False,False,False,False
3767783500,Praha 10,Záběhlice,Praha 10,54,21000.0,B,2026-08-03,Částečně,2+kk,False,False,False,False,False,False,False,False,False
3767914572,Praha 2,Vinohrady,Praha 2,168,64900.0,A,2026-08-10,Ne,4+kk,False,False,False,False,False,False,False,False,False
3768692812,Praha 10,Strašnice,Praha 10,65,,C,2026-04-16,Ne,2+kk,False,True,False,True,False,False,False,False,False
3770204236,Praha 8,Karlín,Praha 8,60,34000.0,A,2026-08-17,,2+kk,False,False,False,False,False,False,False,False,False
3770736716,Praha 4,Hodkovičky,Praha 4,75,29500.0,A,2026-07-16,Ano,3+1,False,False,False,False,False,False,False,False,False
3772940364,Praha 1,Staré Město,Praha 1,25,,C,2026-06-04,Ne,1+kk,False,False,False,False,True,False,False,False,False
3773755468,Praha 10,Vršovice,Praha 10,21,14490.0,A,2026-06-18,Ano,1+kk,True,False,False,False,False,False,False,False,False
3775250508,Praha 5,Hlubočepy,Praha 5,48,22000.0,A,2026-08-29,,2+kk,False,False,False,False,False,False,False,False,False
3775778892,Praha 1,Nové Město,Praha 1,124,55545.0,B,2026-07-30,Ano,4+kk,False,False,False,False,False,False,False,False,False
3776438348,Praha 8,Libeň,Praha 8,56,27490.0,A,2026-07-17,Ano,2+kk,True,False,False,False,False,False,False,False,False
3776626764,Praha 3,Vinohrady,Praha 3,43,24900.0,A,2026-08-12,Ano,1+1,True,False,False,False,False,False,False,False,False
3777675340,Praha 4,Kamýk,Praha 12,102,44000.0,B,2026-08-12,,3+kk,False,False,False,False,False,False,False,False,False
3777946444,Praha 7,Holešovice,Praha 7,91,51150.0,B,2025-09-05,Ano,3+kk,False,False,False,False,False,False,False,False,False
3778465868,Praha 9,Libeň,Praha 9,18,,C,2026-08-07,,unknown,False,False,False,True,False,False,False,False,False
3781214284,Praha 4,Nusle,Praha 4,55,13500.0,B,2026-08-25,,2+kk,True,False,False,True,False,False,False,False,False
3782656076,Praha 9,Vysočany,Praha 9,55,,C,2026-08-27,,2+kk,False,False,False,False,False,False,False,False,False
3786326092,Praha 6,Dejvice,Praha 6,166,,C,2026-08-18,Ne,4+kk,False,True,False,True,False,False,False,False,False
3786788940,Praha 1,Staré Město,Praha 1,285,175000.0,B,2026-08-10,Ne,6+,False,False,False,False,False,False,False,False,False
3787645004,Praha 5,Košíře,Praha 5,108,,C,2026-07-14,Ne,3+kk,False,True,False,True,False,False,False,False,False
3788161100,Praha 3,Vinohrady,Praha 3,43,24900.0,B,2026-08-13,Ano,1+1,False,False,False,False,False,False,False,False,False
3792617548,Praha 9,Vysočany,Praha 9,38,18900.0,A,2026-08-18,Ne,1+kk,False,False,False,False,False,False,False,False,False
3792752716,Praha 8,Karlín,Praha 8,46,,C,2026-08-05,,2+kk,False,False,False,False,False,False,False,False,False
3795243084,Praha 9,Vysočany,Praha 9,62,27990.0,A,2026-08-07,Částečně,2+kk,False,False,False,False,False,False,False,False,False
3795832908,Praha 3,Vinohrady,Praha 3,83,,C,2026-07-27,,2+1,False,False,False,False,False,False,False,False,False
3796291660,Praha 3,Žižkov,Praha 3,32,16000.0,B,2026-08-07,Částečně,1+kk,False,False,False,False,False,False,False,False,False
3797139532,Praha 2,Nové Město,Praha 2,52,,C,2026-08-21,Ano,3+kk,False,False,False,False,True,False,False,False,False
3799044172,Praha 5,Smíchov,Praha 5,53,32900.0,B,2026-08-05,Ano,2+kk,False,False,False,False,False,False,False,False,False
3799310412,Praha 6,Břevnov,Praha 6,28,,C,2026-07-21,Ano,1+kk,False,False,False,False,False,False,False,False,False
3799409484,Praha 8,Troja,Praha 8,25,13000.0,B,2026-02-26,Částečně,1+kk,False,False,False,False,False,False,False,False,False
3802513484,Praha 10,Záběhlice,Praha 10,56,,C,2026-08-30,Ano,2+1,False,False,False,False,False,False,False,False,False
3804876876,Praha 2,Vinohrady,Praha 2,46,25000.0,A,2026-07-25,Ano,1+kk,False,False,False,False,False,False,False,False,True
3805790284,Praha 2,Nové Město,Praha 2,81,41000.0,A,2026-08-27,Ano,3+1,True,False,False,False,False,False,False,False,False
3805990988,Praha 4,Krč,Praha 4,100,42000.0,A,2026-07-23,Ano,3+kk,False,False,False,False,False,False,False,False,False
3808358476,Praha 4,Braník,Praha 4,39,,C,2026-06-18,,2+kk,False,False,False,False,False,False,False,False,False
3809853516,Praha 10,,,68,,C,2026-08-29,,2+kk,False,False,False,False,False,False,False,False,False
3810771020,Praha 9,Praha 9,Praha 9,55,28000.0,A,2026-08-21,Ano,2+kk,False,False,False,False,False,False,False,False,False
3812606028,Praha 10,Strašnice,Praha 10,50,21000.0,A,2026-08-17,Ne,2+kk,False,False,False,False,False,False,False,False,False
3814572108,Praha 3,Žižkov,Praha 3,98,,D,2026-08-19,Ano,2+kk,False,False,False,False,False,True,False,False,False
3816144972,Praha 8,Karlín,Praha 8,79,46000.0,B,2026-08-28,Ano,3+kk,False,False,False,False,False,False,False,False,False
3817521228,Praha 9,Černý Most,Praha 14,45,17490.0,A,2026-08-13,Ano,2+kk,True,False,False,False,False,False,False,False,False
3819421772,Praha 4,Chodov,Praha 11,84,25000.0,B,2026-08-27,,3+1,False,False,False,False,False,False,False,False,False
3821310028,Praha 2,Vinohrady,Praha 2,204,145000.0,A,2026-05-26,Ne,6+,True,False,False,False,False,False,False,False,False
3823427660,Praha 5,Smíchov,Praha 5,104,,C,2026-07-21,,4+kk,True,False,False,False,False,False,False,False,False
3823472716,Praha 1,Staré Město,Praha 1,60,32900.0,A,2026-05-25,Ano,2+kk,False,False,False,False,False,False,False,False,False
3823624268,Praha 5,Košíře,Praha 5,54,35000.0,A,2026-07-17,Ne,2+kk,False,False,False,False,False,False,False,False,False
3826696268,Praha 4,Krč,Praha 4,19,20000.0,A,2026-08-27,Ano,1+kk,False,False,False,False,True,False,False,False,False
3827663692,Praha 2,Nové Město,Praha 2,250,130000.0,A,2025-08-07,Ano,5+1,False,False,False,False,False,False,False,False,False
3830693964,Praha 6,Střešovice,Praha 6,80,25000.0,B,2026-08-21,,2+1,False,False,False,False,False,False,False,False,False
3832270924,Praha 1,Nové Město,Praha 1,65,26901.0,B,2026-07-22,Částečně,2+kk,True,False,False,False,False,False,False,False,False
3832733772,Praha 7,Holešovice,Praha 7,45,23510.0,A,2026-07-14,,1+kk,False,False,False,False,False,False,False,False,False
3834613836,Praha 5,Stodůlky,Praha 13,29,17990.0,A,2026-05-13,,1+kk,False,False,False,False,False,False,False,False,False
3839344716,Praha 3,Žižkov,Praha 3,49,,C,2026-08-27,Částečně,2+kk,False,False,False,False,False,False,False,False,False
3840393292,Praha 9,Vysočany,Praha 9,64,24500.0,A,2026-08-26,Částečně,3+kk,False,False,False,False,False,False,False,False,False
3842429004,Praha 5,Hlubočepy,Praha 5,69,28490.0,A,2026-08-07,Částečně,3+1,False,False,False,False,False,False,False,False,False
3844456524,Praha 8,Karlín,Praha 8,66,42000.0,A,2026-08-28,Částečně,2+kk,False,False,False,False,False,False,False,False,False
3845492812,Praha 5,Stodůlky,Praha 13,60,20990.0,B,2026-05-24,Částečně,2+kk,False,False,False,False,False,False,False,False,False
3845570636,Praha 4,Chodov,Praha 11,66,,C,2026-08-27,Ano,2+1,False,False,False,False,False,False,False,False,False
3845644364,Praha 10,Uhříněves,Praha 22,61,22000.0,A,2026-07-17,,2+kk,False,False,False,False,False,False,False,False,False
3847798860,Praha 5,Jinonice,Praha 5,81,41000.0,B,2026-08-14,Částečně,3+kk,False,False,False,False,False,False,False,False,False
3848164172,Praha 5,Smíchov,Praha 5,40,18000.0,B,2026-03-06,Částečně,1+kk,False,False,False,False,False,False,False,False,False
3848225612,Praha 1,Malá Strana,Praha 1,76,35000.0,B,2026-03-22,,3+kk,False,False,False,False,False,False,False,False,False
3848781900,Praha 2,Vyšehrad,Praha 2,75,38000.0,B,2026-08-26,Ano,3+1,True,False,False,False,False,False,False,False,False
3849699404,Praha 5,Smíchov,Praha 5,36,16990.0,A,2026-08-28,Částečně,2+kk,False,False,False,False,False,False,False,False,False
3851325516,Praha 7,Bubeneč,Praha 7,37,26200.0,B,2026-05-14,Ano,1+kk,False,False,False,False,False,False,False,False,False
3851379532,Praha 6,Střešovice,Praha 6,274,98000.0,A,2026-02-16,Ne,6+,False,False,False,False,False,False,False,False,False
3854291020,Praha 4,Nusle,Praha 4,72,30000.0,B,2026-07-23,Ano,2+kk,False,False,False,False,False,False,False,False,False
3854614604,Praha 6,Řepy,Praha 17,54,20000.0,A,2026-08-25,,2+kk,False,False,False,False,False,False,False,False,False
3856876364,Praha 7,Bubeneč,Praha 7,45,29300.0,B,2026-03-26,Ano,2+kk,False,False,False,False,False,False,False,False,False
3857367116,Praha 9,Vysočany,Praha 9,54,22500.0,B,2026-08-12,Ano,2+kk,False,False,False,False,False,False,False,False,False
3859775564,Praha 9,Prosek,Praha 9,49,25500.0,B,2026-05-31,Částečně,2+kk,False,False,False,False,False,False,False,False,False
3861233740,Praha 8,Libeň,Praha 8,35,,C,2026-08-28,Částečně,1+kk,False,False,False,False,False,False,False,False,False
3861762124,Praha 6,Střešovice,Praha 6,10,13500.0,B,2026-07-30,Ano,unknown,False,False,False,True,True,False,True,False,False
3863453772,Praha 10,Vršovice,Praha 10,75,,C,2026-05-05,Částečně,2+1,False,False,False,False,False,False,False,False,False
3863597132,Praha 4,Nusle,Praha 4,33,28000.0,A,2026-07-24,Ano,1+kk,False,False,False,False,False,False,False,False,False
3863789644,Praha 9,,,49,20000.0,A,2026-08-20,,2+kk,False,False,False,False,False,False,False,False,False
3865231436,Praha 9,Libeň,Praha 9,63,25990.0,B,2026-08-22,Ano,2+kk,False,False,False,False,False,False,False,False,False
3865890892,Praha 2,Vinohrady,Praha 2,103,52000.0,B,2026-07-30,Ne,3+1,False,False,False,False,False,False,False,False,False
3867066444,Praha 4,Podolí,Praha 4,192,65000.0,B,2026-08-18,Ano,5+kk,False,False,False,False,False,False,False,False,False
3867140172,Praha 6,Hradčany,Praha 6,78,,C,2026-07-07,Částečně,3+1,False,False,False,True,False,False,False,False,False
3871584332,Praha 10,Záběhlice,Praha 10,44,19000.0,A,2026-04-14,,2+kk,False,False,False,False,False,False,False,False,False
3871719500,Praha 3,Žižkov,Praha 3,42,,C,2026-08-30,Ano,1+1,False,False,False,False,False,False,False,False,False
3872579660,Praha 4,Nusle,Praha 4,67,40500.0,B,2026-07-14,Ano,4+kk,False,False,False,False,False,False,False,False,False
3874275404,Praha 5,Hlubočepy,Praha 5,53,,C,2026-08-20,Částečně,2+1,False,False,False,False,False,False,False,False,False
3874607180,Praha 1,Nové Město,Praha 1,80,25000.0,B,2026-08-04,Ano,2+kk,False,False,False,False,False,False,False,False,False
3876241484,Praha 4,,,72,,C,2026-08-12,,3+kk,False,False,False,False,False,False,False,False,False
3876372556,Praha 9,Vysočany,Praha 9,91,,C,2026-08-20,,3+kk,False,False,False,False,False,False,False,False,False
3876575052,Praha 1,Nové Město,Praha 1,102,50000.0,B,2022-09-27,Ne,3+kk,True,False,False,False,False,False,False,False,False
3882270796,Praha 2,Nové Město,Praha 2,81,,C,2026-08-27,Ano,3+1,True,True,False,True,False,False,False,False,False
3884564556,Praha 4,Michle,Praha 4,43,19990.0,A,2026-08-14,,1+1,False,False,False,False,False,False,False,False,False
3885555788,Praha 5,Malá Strana,Praha 5,73,36000.0,B,2026-07-07,Ano,2+kk,True,False,False,False,False,False,False,False,False
3885809740,Praha 9,Střížkov,Praha 9,52,27000.0,B,2026-08-20,Ano,2+kk,False,False,False,False,False,False,False,False,False
3888010060,Praha 4,Komořany,Praha 12,127,50000.0,A,2026-03-07,Ne,4+kk,False,False,False,False,False,False,False,False,False
3888107596,Praha 8,Karlín,Praha 8,76,56500.0,B,2026-07-28,Ano,3+kk,False,False,False,False,False,False,False,False,False
3889217612,Praha 2,Nové Město,Praha 2,60,27500.0,B,2026-08-26,Ano,2+kk,False,False,False,False,False,False,False,False,False
3889483852,Praha 1,Nové Město,Praha 1,70,34900.0,B,2026-08-11,Částečně,3+kk,False,True,False,False,False,False,False,False,False
3890970700,Praha 5,Košíře,Praha 5,84,38000.0,A,2026-05-26,Částečně,3+kk,False,False,False,False,False,False,False,False,False
3892420684,Praha 10,Vinohrady,Praha 10,144,69000.0,B,2026-05-03,Ano,3+1,True,False,False,False,False,False,False,False,False
3892691020,Praha 10,Záběhlice,Praha 10,52,19000.0,A,2026-08-29,,2+1,False,False,False,False,False,False,False,False,False
3893067852,Praha 7,Holešovice,Praha 7,170,65900.0,B,2026-05-26,Ne,3+kk,False,False,False,False,False,False,False,False,False
3894198348,Praha 9,Vysočany,Praha 9,68,,C,2026-08-20,Částečně,3+kk,False,False,False,False,False,False,False,False,False
3897676620,Praha 5,Smíchov,Praha 5,55,17500.0,A,2025-09-30,,2+kk,False,False,False,False,False,False,False,False,False
3898269772,Praha 6,Ruzyně,Praha 6,49,22984.0,A,2026-07-02,,2+kk,False,False,False,False,False,False,False,False,False
3898789964,Praha 7,Holešovice,Praha 7,34,24400.0,A,2026-08-03,,1+kk,False,False,False,False,False,False,False,False,False
3899904076,Praha 5,Stodůlky,Praha 13,45,20000.0,A,2026-08-01,Ano,2+kk,False,False,False,False,False,False,False,False,False
3902263372,Praha 5,Smíchov,Praha 5,66,,D,2026-08-07,Ano,2+kk,False,False,False,False,False,True,False,False,False
3903434828,Praha 2,Vinohrady,Praha 2,43,25000.0,B,2026-04-08,,2+kk,False,False,False,False,False,False,False,False,False
3904684108,Praha 9,Černý Most,Praha 14,46,22000.0,A,2026-08-20,Částečně,2+kk,False,False,False,False,False,False,False,False,False
3906846796,Praha 6,Nebušice,Praha-Nebušice,50,25000.0,A,2026-08-19,,2+kk,False,False,False,False,False,False,False,False,False
3908948044,Praha 4,Háje,Praha 11,83,39000.0,B,2026-07-30,Ano,3+kk,False,False,False,False,False,False,False,False,False
3909599308,Praha 4,Chodov,Praha 11,42,19990.0,B,2026-08-26,Ano,2+kk,False,False,False,False,False,False,False,False,False
3913928780,Praha 2,Nové Město,Praha 2,37,23000.0,B,2026-07-24,Ano,2+kk,False,False,False,False,False,False,False,False,True
3913990220,Praha 8,Libeň,Praha 8,40,18900.0,A,2026-08-12,Ne,2+kk,False,False,False,False,False,False,False,False,False
3914842188,Praha 10,Petrovice,Praha-Petrovice,43,16000.0,A,2026-08-26,Ano,2+kk,False,False,False,False,False,False,False,False,False
3916480588,Praha 4,Michle,Praha 4,46,20900.0,A,2026-08-25,,2+kk,False,False,False,False,False,False,False,False,False
3916943436,Praha 9,,,42,27000.0,A,2026-08-06,Ano,2+kk,False,False,False,False,False,False,False,False,False
3919429708,Praha 5,Smíchov,Praha 5,45,17510.0,B,2026-08-19,Ano,1+1,False,False,False,False,False,False,False,False,False
3919848012,Praha 7,Bubeneč,Praha 7,52,,C,2025-02-04,Ano,2+kk,False,False,False,False,False,False,False,False,False
3920085068,Praha 4,Braník,Praha 4,40,19000.0,A,2026-08-27,,2+kk,False,False,False,False,False,False,False,False,False
3920674892,Praha 8,Karlín,Praha 8,58,,C,2026-08-26,,2+kk,False,False,False,False,False,False,False,False,False
3921137740,Praha 6,Střešovice,Praha 6,38,,C,2026-08-07,Ano,1+kk,False,False,False,False,False,False,False,False,False
3921363788,Praha 3,Vinohrady,Praha 3,135,104593.65,B,2026-03-18,Ano,4+kk,False,False,False,False,False,False,False,False,False
3922051148,Praha 5,Smíchov,Praha 5,66,,C,2026-08-30,Částečně,2+kk,False,False,False,False,False,False,False,False,False
3924918348,Praha 8,Troja,Praha 8,49,30000.0,A,2026-06-05,Ano,2+kk,False,False,False,False,False,False,False,False,False
3925327948,Praha 2,Nové Město,Praha 2,81,41000.0,A,2026-08-26,Ano,3+1,True,False,False,False,False,False,False,False,False
3925389388,Praha 5,Smíchov,Praha 5,202,90000.0,B,2026-04-09,,4+kk,False,False,False,False,False,False,False,False,False
3926769740,Praha 2,Vinohrady,Praha 2,45,26500.0,A,2026-08-19,Ano,2+kk,False,False,False,False,False,False,False,False,False
3928014924,Praha 3,Vinohrady,Praha 3,109,59000.0,B,2026-08-25,,3+kk,False,False,False,False,False,False,False,False,False
3928211532,Praha 4,Nusle,Praha 4,45,21000.0,A,2026-08-21,Ne,2+kk,False,False,False,False,False,False,False,False,False
3928281164,Praha 1,Staré Město,Praha 1,80,29900.0,A,2026-08-10,Ano,2+1,False,False,False,False,False,False,False,False,False
3928342604,Praha 10,Strašnice,Praha 10,38,16000.0,A,2026-08-28,Částečně,1+kk,False,False,False,False,False,False,False,False,False
3928932428,Praha 4,Modřany,Praha 12,32,21000.0,B,2026-08-18,Ano,1+kk,False,False,False,False,False,False,False,False,False
3935752268,Praha 4,Chodov,Praha 11,92,,C,2026-08-09,,4+kk,False,False,False,False,False,False,False,False,False
3936206924,Praha 10,Malešice,Praha 10,69,,C,2026-08-19,,3+kk,True,False,False,False,False,False,False,False,False
3938054220,Praha 2,Vinohrady,Praha 2,90,35000.0,B,2026-06-15,,3+kk,False,False,False,False,False,False,False,False,False
3938902092,Praha 4,Kamýk,Praha 12,47,,C,2026-07-20,Ne,2+kk,False,False,False,False,False,False,False,False,False
3939942476,Praha 8,Karlín,Praha 8,89,47000.0,B,2026-08-28,,3+kk,False,False,False,False,False,False,False,False,False
3940081740,Praha 6,Střešovice,Praha 6,126,40000.0,B,2026-07-07,Ne,3+1,False,False,False,False,False,False,False,False,False
3940601932,Praha 6,Břevnov,Praha 6,30,26000.0,B,2026-08-05,,2+kk,False,False,False,False,False,False,False,False,False
3942572108,Praha 7,Holešovice,Praha 7,49,22300.0,A,2026-07-09,,2+kk,False,False,False,False,False,False,False,False,False
3944140876,Praha 4,Krč,Praha 4,41,17900.0,A,2026-08-07,,2+kk,False,False,False,False,False,False,False,False,False
3944464460,Praha 4,Písnice,Praha-Libuš,88,,C,2026-08-11,,3+kk,False,False,False,False,False,False,False,False,False
3945250892,Praha 8,Libeň,Praha 8,30,,C,2026-08-26,,1+kk,True,False,False,False,False,False,False,False,False
3945373772,Praha 1,Josefov,Praha 1,74,36000.0,B,2026-04-23,,3+kk,True,False,False,False,False,False,False,False,False
3945525324,Praha 9,Vysočany,Praha 9,30,20800.0,B,2026-06-12,Částečně,1+kk,False,False,False,False,False,False,False,False,False
3946758220,Praha 4,Lhotka,Praha 4,60,24301.0,A,2026-08-18,Ne,2+1,False,False,False,False,False,False,False,False,False
3949772876,Praha 5,Košíře,Praha 5,30,21000.0,A,2026-08-19,,1+kk,False,False,False,False,False,False,False,False,False
3950768204,Praha 9,Klánovice,Praha-Klánovice,20,14000.0,A,2026-06-12,,1+kk,False,False,False,False,False,False,False,False,False
3951411276,Praha 5,Hlubočepy,Praha 5,48,25000.0,B,2026-08-30,Částečně,2+kk,False,False,False,False,False,False,False,False,False
3951747148,Praha 5,Zbraslav,Praha-Zbraslav,56,18990.0,A,2026-07-03,Ano,2+kk,True,False,False,False,False,False,False,False,False
3952271436,Praha 7,Holešovice,Praha 7,80,36700.0,B,2026-07-15,Ano,2+kk,False,False,False,False,False,False,False,False,False
3953246284,Praha 4,Podolí,Praha 4,75,28000.0,A,2026-08-25,Ne,2+1,False,False,False,False,False,False,False,False,False
3955286092,Praha 2,Vinohrady,Praha 2,109,42000.0,A,2026-07-16,Ne,4+kk,False,False,False,False,False,False,False,False,False
3956727884,Praha 1,Staré Město,Praha 1,157,,C,2026-07-20,,4+1,False,True,False,False,False,False,False,False,False
3957715020,Praha 9,Libeň,Praha 9,48,19500.0,B,2026-06-30,Částečně,1+kk,False,False,False,False,False,False,False,False,False
3957964876,Praha 9,Vysočany,Praha 9,41,17000.0,B,2026-08-14,Ne,1+kk,False,False,False,False,False,False,False,False,False
3959615564,Praha 3,Vinohrady,Praha 3,95,,C,2026-06-23,Ne,3+kk,True,True,False,True,False,False,False,False,False
3960394316,Praha 1,,,170,,C,2024-11-10,,4+1,True,False,False,False,False,False,False,False,False
3961569356,Praha 1,Nové Město,Praha 1,68,,C,2026-08-25,Ano,3+1,False,False,False,False,False,False,False,False,False
3966767948,Praha 2,Vinohrady,Praha 2,110,,C,2025-12-18,Ne,4+1,False,False,False,False,False,False,False,False,False
3967922252,Praha 5,Smíchov,Praha 5,81,,C,2026-04-16,Ne,2+kk,False,False,False,False,False,False,False,False,False
3972456524,Praha 7,Holešovice,Praha 7,54,33550.0,A,2026-07-20,,2+1,False,False,False,True,False,False,False,False,False
3973083980,Praha 6,Bubeneč,Praha 6,132,90000.0,B,2026-02-05,Ne,4+1,False,False,False,False,False,False,False,False,False
3975147596,Praha 2,Vinohrady,Praha 2,79,40000.0,A,2026-06-17,Ano,2+1,False,False,False,False,False,False,False,False,False
3976187980,Praha 6,,,165,89000.0,A,2026-07-28,,4+1,False,False,False,False,False,False,False,False,False
3978088524,Praha 7,Holešovice,Praha 7,39,24750.0,A,2026-07-31,,1+kk,False,False,False,False,False,False,False,False,False
3978477644,Praha 3,Žižkov,Praha 3,200,,C,2026-08-23,Částečně,5+kk,False,False,False,False,False,False,False,False,False
3979432780,Praha 10,,,59,,C,2026-03-11,,2+kk,False,False,False,False,False,False,False,False,False
3979722828,Praha 5,Smíchov,Praha 5,164,37900.0,B,2026-08-28,Částečně,3+kk,False,False,False,False,False,False,False,False,False
3981557836,Praha 9,Klánovice,Praha-Klánovice,116,,C,2026-08-24,Ano,3+1,False,False,False,False,False,False,False,False,False
3985629260,Praha 3,Vinohrady,Praha 3,140,75000.0,B,2026-07-08,,4+kk,False,False,False,False,False,False,False,False,False
3987202124,Praha 10,Malešice,Praha 10,92,,C,2026-07-17,Částečně,3+kk,False,False,False,False,False,False,False,False,False
3987390540,Praha 5,Smíchov,Praha 5,164,37900.0,B,2026-08-13,Částečně,3+1,False,False,False,True,False,False,False,False,False
3990077516,Praha 3,Žižkov,Praha 3,41,21000.0,A,2026-08-21,Částečně,2+kk,False,False,False,False,False,False,False,False,False
3990208588,Praha 5,Smíchov,Praha 5,70,28000.0,B,2026-08-30,Ne,2+kk,False,False,False,False,False,False,False,False,False
3990798412,Praha 10,Strašnice,Praha 10,55,,C,2026-08-18,,2+kk,False,False,False,False,False,False,False,False,False
3992248396,Praha 1,Nové Město,Praha 1,65,26901.0,A,2026-07-21,,2+kk,True,False,False,False,False,False,False,False,False
3992928844,Praha 1,Malá Strana,Praha 1,187,79000.0,B,2025-05-13,Částečně,4+1,False,False,False,False,False,False,False,False,False
3993014348,Praha 10,Vršovice,Praha 10,52,30500.0,B,2026-05-20,Ne,2+kk,False,False,False,False,False,False,False,False,False
3993068364,Praha 8,Libeň,Praha 8,52,,C,2026-02-23,Ano,2+kk,False,False,False,False,False,False,False,False,False
3994808396,Praha 2,Nové Město,Praha 2,32,,C,2026-06-12,Ne,1+1,True,False,False,False,True,False,False,False,False
3995975756,Praha 10,Petrovice,Praha-Petrovice,78,30000.0,A,2026-08-19,Částečně,3+1,False,False,False,False,False,False,False,False,False
3996172364,Praha 10,Vršovice,Praha 10,91,,C,2026-08-25,,3+1,False,False,False,False,False,False,False,False,False
3997220940,Praha 9,Hloubětín,Praha 9,58,,C,2026-08-25,Ano,2+kk,False,False,False,False,False,False,False,False,False
3997487180,Praha 2,Vinohrady,Praha 2,52,45000.0,B,2026-08-10,Ano,2+kk,False,False,False,False,False,False,False,False,False
3998408780,Praha 2,Vinohrady,Praha 2,227,85000.0,B,2026-07-14,,4+1,False,False,False,False,False,False,False,False,False
4000436300,Praha 10,Strašnice,Praha 10,96,35000.0,A,2026-08-04,Ano,3+kk,False,False,False,False,False,False,False,False,False
4000825420,Praha 6,Břevnov,Praha 6,76,30000.0,B,2026-08-26,Ne,3+1,False,False,False,False,False,False,False,False,False
4003979340,Praha 6,Břevnov,Praha 6,120,38000.0,B,2026-07-17,,4+kk,False,False,False,False,False,False,False,False,False
4005740620,Praha 6,Bubeneč,Praha 6,35,15000.0,B,2026-08-24,Ne,1+1,False,False,False,False,False,False,False,False,False
4008932172,Praha 5,Smíchov,Praha 5,43,22000.0,A,2026-02-02,Částečně,2+kk,False,False,False,False,False,False,False,False,False
4010000460,Praha 3,Žižkov,Praha 3,64,33000.0,B,2026-08-21,Ano,2+kk,False,False,False,False,False,False,False,False,False
4010053708,Praha 9,Hloubětín,Praha 9,51,,C,2026-05-25,Částečně,2+kk,False,False,False,False,False,False,False,False,False
4010131532,Praha 9,Černý Most,Praha 14,43,22000.0,A,2026-08-29,Ano,2+kk,False,False,False,False,False,False,False,False,False
4011638860,Praha 5,Košíře,Praha 5,79,,C,2026-08-20,Ne,3+kk,False,False,False,False,False,False,False,False,False
4013080652,Praha 8,Karlín,,46,,C,2026-08-23,,2+kk,False,False,False,False,False,False,False,False,False
4015964236,Praha 2,Vinohrady,Praha 2,74,35000.0,B,2026-08-18,Ne,2+kk,True,False,False,False,False,False,False,False,False
4018323532,Praha 4,Krč,Praha 4,44,,C,2026-08-24,,1+kk,False,False,False,False,False,False,False,False,False
4019830860,Praha 4,Nusle,Praha 4,50,28400.0,B,2026-08-14,Ano,2+kk,False,False,False,False,False,False,False,False,False
4020539468,Praha 6,,,91,47500.0,A,2026-05-26,Ano,3+kk,False,False,False,False,False,False,False,False,False
4021669964,Praha 3,Vinohrady,Praha 3,54,41888.0,B,2026-08-10,Ne,2+kk,False,False,False,False,False,False,False,False,False
4022779980,Praha 1,Staré Město,Praha 1,110,48000.0,B,2026-08-28,Ano,2+kk,False,False,False,False,False,False,False,False,False
4022792268,Praha 6,Břevnov,Praha 6,32,17800.0,A,2026-06-29,,1+kk,False,False,False,False,False,False,False,False,False
4023369804,unresolved,,,43,19500.0,A,2026-08-17,Ne,1+kk,False,False,False,False,False,False,False,False,False
4028678220,Praha 2,,,90,55000.0,A,2026-08-25,Ano,3+kk,True,False,False,False,False,False,False,False,False
4032688204,Praha 6,Břevnov,Praha 6,31,,C,2026-06-19,Částečně,1+kk,False,False,False,False,False,False,False,False,False
4033511500,Praha 1,Josefov,Praha 1,125,85000.0,B,2026-05-27,Ano,3+1,False,False,False,False,False,False,False,False,False
4033921100,Praha 4,Nusle,Praha 4,100,25000.0,B,2026-08-25,Ano,2+kk,False,False,False,False,False,False,False,False,False
4035035212,Praha 5,Smíchov,Praha 5,33,20000.0,A,2026-08-25,,1+kk,False,False,False,False,False,False,False,False,False
4037918796,Praha 3,Vinohrady,Praha 3,95,64673.7,B,2026-08-19,Ne,3+kk,False,False,False,False,False,False,False,False,False
4038153036,Praha 3,Vinohrady,Praha 3,118,,C,2026-03-12,Ne,4+kk,False,False,False,False,True,False,False,False,False
4038250572,Praha 4,Újezd u Průhonic,Praha-Újezd,29,,C,2026-08-04,Ano,1+kk,False,False,False,False,False,False,False,False,False
4040998988,Praha 9,Hloubětín,Praha 9,38,,D,2026-08-20,Ano,1+kk,False,False,False,False,False,True,False,False,False
4043690060,Praha 7,Holešovice,Praha 7,150,70000.0,A,2026-08-10,Ano,3+1,False,False,False,False,False,False,False,False,True
4046639180,Praha 6,Bubeneč,Praha 6,47,45000.0,A,2026-08-03,Ano,2+kk,False,False,False,False,True,False,False,False,False
4046770252,Praha 9,Libeň,Praha 9,80,31000.0,A,2026-08-10,Ano,3+kk,False,False,True,False,False,False,False,False,False
4046966860,Praha 7,Troja,Praha-Troja,99,,C,2026-08-06,Ne,3+kk,False,False,False,False,False,False,False,False,False
4047663948,Praha 2,Nové Město,Praha 2,187,,C,2026-02-03,Ano,4+kk,False,False,False,False,True,False,False,False,False
4048311116,Praha 1,Nové Město,Praha 1,78,,C,2026-03-09,Ano,3+kk,False,False,False,False,False,False,False,False,False
4050632780,Praha 5,Košíře,Praha 5,59,34900.0,A,2026-08-17,Ne,2+kk,False,False,False,False,False,False,False,False,False
4051550284,Praha 10,Strašnice,Praha 10,47,20000.0,B,2026-08-18,Ano,2+kk,False,False,False,False,False,False,False,False,False
4053127244,Praha 6,Suchdol,Praha-Suchdol,40,20990.0,A,2026-08-10,Ano,2+kk,True,False,False,False,False,False,False,False,False
4053909580,Praha 5,Košíře,Praha 5,25,14000.0,B,2026-08-25,,1+kk,False,False,False,False,False,False,False,False,False
4057317452,Praha 2,Vinohrady,Praha 2,300,,C,2026-08-30,Částečně,5+kk,False,False,False,False,False,False,False,False,False
4058439756,Praha 7,Holešovice,Praha 7,28,19900.0,B,2026-07-20,Ano,1+1,False,False,False,False,False,False,False,False,False
4058955852,Praha 10,Dubeč,Praha-Dubeč,39,23000.0,A,2026-08-18,,2+kk,False,False,False,False,False,False,False,False,False
4062609484,Praha 8,Karlín,Praha 8,29,20500.0,A,2026-06-09,Částečně,1+kk,True,False,False,False,True,False,False,False,False
4064731212,Praha 10,Praha 10,Praha 10,56,20000.0,B,2026-07-19,,2+1,False,False,False,False,False,False,False,False,False
4066033740,Praha 3,Žižkov,Praha 3,43,23500.0,A,2026-08-12,Částečně,2+kk,False,False,False,False,False,False,False,False,False
4069576780,Praha 5,Stodůlky,Praha 13,25,,C,2026-08-06,,1+kk,False,False,False,False,False,False,False,False,False
4071944268,Praha 9,Hrdlořezy,Praha 9,37,20000.0,B,2026-07-01,,1+kk,False,False,False,False,False,False,False,False,False
4072521804,Praha 10,Strašnice,Praha 10,67,21500.0,B,2026-08-19,Ne,2+1,False,False,False,False,False,False,False,False,False
4073435212,Praha 4,Michle,Praha 4,48,,C,2026-04-06,,2+kk,False,False,False,False,False,False,False,False,False
4073766988,Praha 1,,,195,,C,2026-08-26,,5+1,False,False,False,False,False,False,False,False,False
4074885964,Praha 1,Staré Město,Praha 1,142,,C,2025-09-30,,3+1,False,True,False,False,False,False,False,False,True
4075155532,Praha 9,Libeň,Praha 9,30,17000.0,B,2026-06-30,Částečně,1+kk,False,False,False,False,False,False,False,False,False
4076134476,Praha 9,Čakovice,Praha-Čakovice,29,15900.0,A,2026-07-21,Ne,1+kk,False,False,False,False,False,False,False,False,False
4076195916,Praha 2,Vinohrady,Praha 2,50,25000.0,A,2026-08-10,Ano,2+kk,True,False,False,True,False,False,False,False,False
4076441676,Praha 4,Kamýk,Praha 12,58,,C,2026-05-11,Částečně,2+kk,False,False,False,False,False,False,False,False,False
4077047884,Praha 6,Střešovice,Praha 6,58,35000.0,A,2026-08-03,Ano,2+kk,False,False,False,False,False,False,False,False,False
4077707340,Praha 10,Horní Měcholupy,Praha 15,52,,C,2026-07-11,,3+kk,False,False,False,False,False,False,False,False,False
4079403084,Praha 2,Vinohrady,Praha 2,50,27000.0,B,2026-08-27,Ano,2+kk,False,False,False,False,False,False,False,False,False
4086362188,Praha 6,Dejvice,Praha 6,79,,C,2026-06-26,Ano,2+1,False,False,False,False,False,False,False,False,False
4088717388,Praha 2,Nové Město,Praha 2,33,24500.0,A,2026-07-22,Ano,1+1,False,False,False,False,False,False,False,False,False
4088956748,Praha 2,Vinohrady,Praha 2,33,,C,2022-09-12,Ano,1+kk,False,True,False,False,True,False,False,False,False
4090552396,Praha 2,Vinohrady,Praha 2,25,23600.0,A,2026-07-16,Ano,1+kk,False,False,False,False,True,False,False,False,False
4091167564,Praha 3,Vinohrady,Praha 3,118,104593.65,B,2026-03-19,Ne,4+kk,True,False,False,False,True,False,False,False,False
4094869580,Praha 10,Hostivař,Praha 15,48,,C,2026-08-24,,2+kk,False,False,False,False,False,False,False,False,False
4098211916,Praha 9,Hrdlořezy,Praha 9,51,27000.0,B,2026-08-28,Částečně,2+kk,False,False,False,False,False,False,False,False,False
4098547788,Praha 5,Smíchov,Praha 5,62,48828.0,B,2026-07-02,Ano,2+kk,False,True,True,False,True,False,False,False,False
4099363660,Praha 9,Vysočany,Praha 9,68,30800.0,B,2026-03-13,Částečně,2+kk,True,False,False,False,False,False,False,False,False
4099658572,Praha 7,Bubeneč,Praha 7,45,29900.0,B,2025-09-18,Ano,2+kk,False,False,False,False,False,False,False,False,False
4099915852,Praha 3,Praha 3,Praha 3,109,,C,2026-08-17,,3+kk,False,False,False,False,False,False,False,False,False
4105158732,Praha 7,Holešovice,Praha 7,40,16000.0,B,2026-08-17,Ne,1+1,False,False,False,False,False,False,False,False,False
4105748556,Praha 4,Nusle,Praha 4,50,24500.0,B,2026-08-16,Ano,2+kk,False,False,False,False,False,False,False,False,False
4108215116,Praha 2,Nové Město,Praha 2,187,175000.0,A,2026-02-17,Ano,4+kk,True,False,False,False,True,False,False,False,False
4108522316,Praha 4,Krč,Praha 4,136,,C,2025-12-15,,5+kk,False,False,False,False,False,False,False,False,False
4110340172,Praha 1,Nové Město,Praha 1,89,35000.0,B,2026-07-29,,2+1,False,False,False,False,False,False,False,False,False
4112834636,Praha 2,Vinohrady,Praha 2,45,30000.0,A,2026-07-21,Ano,2+1,False,False,False,False,False,False,False,False,False
4113682508,Praha 2,Vinohrady,Praha 2,115,100000.0,B,2026-08-04,Ne,3+1,False,False,False,False,True,False,False,False,False
4114071628,Praha 5,Stodůlky,Praha 13,68,26000.0,A,2026-08-26,,2+kk,False,False,False,False,False,False,False,False,False
4120039500,Praha 10,Uhříněves,Praha 22,45,,C,2026-08-04,,2+kk,False,False,False,False,False,False,False,False,False
4120232012,Praha 6,Dejvice,Praha 6,115,34000.0,B,2026-08-30,Ne,3+1,False,False,False,True,False,False,False,False,False
4121088076,Praha 9,Vysočany,Praha 9,59,,C,2026-08-04,,2+kk,False,False,False,False,False,False,False,False,False
4121944140,Praha 8,Karlín,Praha 8,63,28000.0,A,2026-07-08,Částečně,3+kk,False,False,False,False,False,False,False,False,False
4123443276,Praha 2,Vinohrady,Praha 2,107,,C,2026-08-28,Ne,3+1,False,False,False,False,False,False,False,False,False
4123836492,Praha 10,Záběhlice,Praha 10,31,17300.0,A,2026-08-20,Ano,1+kk,False,False,False,False,False,False,False,False,False
4125085772,Praha 4,Nusle,Praha 4,61,33500.0,A,2026-07-28,Částečně,2+kk,False,False,False,False,False,False,False,False,False
4127969356,Praha 9,Vinoř,Praha-Vinoř,45,19490.0,B,2026-07-22,Částečně,2+kk,True,False,False,False,False,False,False,False,False
4128825420,Praha 5,Košíře,Praha 5,39,24500.0,B,2026-07-07,Ne,2+kk,False,False,False,False,False,False,False,False,False
4131569740,Praha 9,Vysočany,Praha 9,86,22000.0,A,2026-08-23,Ne,2+kk,False,False,False,False,False,False,False,False,False
4131835980,Praha 3,Žižkov,Praha 3,225,,C,2026-08-07,,3+kk,False,False,False,False,False,False,False,False,False
4132737100,Praha 2,Vinohrady,Praha 2,204,,C,2026-05-25,Ne,6+,True,True,False,True,True,False,False,False,False
4132979532,Praha 3,Vinohrady,Praha 3,137,104800.0,A,2026-03-20,Ano,4+kk,False,False,False,False,False,False,False,False,False
4139294796,Praha 5,Radlice,Praha 5,44,23000.0,A,2026-04-25,,2+kk,False,False,False,False,False,False,False,False,False
4139372620,Praha 5,Smíchov,Praha 5,175,,C,2026-07-25,,5+1,False,False,False,False,False,False,False,False,False
4140421196,Praha 2,Vyšehrad,Praha 2,44,23000.0,B,2026-07-24,Ano,2+kk,False,False,False,False,False,False,False,False,False
4143169612,Praha 8,,,33,14000.0,A,2026-08-21,,1+kk,False,False,False,False,False,False,False,False,False
4145397836,Praha 5,Smíchov,Praha 5,110,38000.0,A,2026-08-29,,4+1,False,False,False,False,False,False,False,False,False
4145533004,Praha 4,Nusle,Praha 4,36,29000.0,A,2026-08-06,Ano,2+kk,True,False,False,False,False,False,False,False,False
4145909836,Praha 6,Lysolaje,Praha-Lysolaje,49,21900.0,B,2026-05-15,Částečně,2+kk,False,False,False,False,False,False,False,False,False
4147421260,Praha 3,Vinohrady,Praha 3,92,64800.0,B,2026-05-07,Částečně,3+kk,False,False,False,False,False,False,False,False,False
4148621388,Praha 2,Nové Město,Praha 2,23,19000.0,A,2026-06-28,Ano,1+kk,False,False,False,False,False,False,False,False,False
4150771788,Praha 9,Kyje,Praha 14,66,21500.0,A,2026-08-26,Částečně,3+1,False,False,False,False,False,False,False,False,False
4151627852,Praha 9,Libeň,Praha 9,40,23000.0,A,2026-08-10,Ano,2+kk,False,False,False,False,False,False,False,False,False
4152275020,Praha 6,Břevnov,Praha 6,110,,C,2026-04-10,Ano,3+kk,True,True,False,True,False,False,False,False,False
4153528396,Praha 3,Žižkov,Praha 3,80,29000.0,A,2026-08-05,Částečně,3+kk,False,False,False,False,False,False,False,False,False
4155752524,Praha 9,Vysočany,Praha 9,30,20500.0,B,2026-08-22,Ne,1+kk,False,False,False,False,False,False,False,False,False
4157112396,Praha 6,Břevnov,Praha 6,111,,D,2026-05-29,Ne,2+kk,False,False,False,False,False,True,False,False,False
4157718604,Praha 5,Jinonice,Praha 5,24,14500.0,A,2026-08-25,Ano,1+kk,False,False,False,False,False,False,False,False,False
4159094860,Praha 4,Nusle,Praha 4,49,19400.0,A,2026-08-27,Ne,1+1,False,False,False,False,False,False,False,False,False
4159799372,Praha 4,Nusle,Praha 4,64,25000.0,A,2026-06-05,Částečně,3+1,False,False,False,False,False,False,False,False,False
4161597516,Praha 4,Nusle,Praha 4,53,23500.0,B,2026-06-21,Částečně,1+1,False,False,False,False,False,False,False,False,False
4162568268,Praha 4,Písnice,Praha-Libuš,93,,C,2026-08-11,,3+kk,False,False,False,True,False,False,False,False,False
4164407372,Praha 5,Hlubočepy,Praha 5,179,,C,2026-08-06,,unknown,False,False,False,True,False,True,False,False,False
4166107212,Praha 4,Nusle,Praha 4,96,39900.0,A,2026-08-24,Ano,3+kk,False,False,False,False,False,False,False,False,False
4166697036,Praha 6,Dejvice,Praha 6,146,69000.0,B,2026-08-12,Ne,5+1,False,False,False,False,False,False,False,False,False
4169187404,Praha 9,Střížkov,Praha 9,34,19000.0,A,2026-08-26,,1+kk,False,False,False,False,False,False,False,False,False
4169396300,Praha 6,Hradčany,Praha 6,115,65000.0,A,2026-06-23,Ano,4+kk,False,False,False,False,False,False,False,False,False
4171022412,Praha 10,Strašnice,Praha 10,42,22000.0,B,2026-08-21,Částečně,3+kk,False,False,False,False,False,False,False,False,False
4173512780,Praha 3,Žižkov,Praha 3,53,24700.0,B,2026-08-24,,2+1,False,False,False,False,False,False,False,False,False
4174307404,Praha 3,Žižkov,Praha 3,58,28500.0,B,2026-07-09,,2+kk,False,False,False,False,False,False,False,False,False
4176314444,Praha 2,Vinohrady,Praha 2,62,,C,2026-06-02,Částečně,2+kk,False,False,False,False,False,False,False,False,False
4178628684,Praha 4,Nusle,Praha 4,33,25000.0,B,2026-08-05,,1+kk,False,False,False,False,False,False,False,False,False
4180140108,Praha 9,Vysočany,Praha 9,52,26490.0,A,2026-07-17,Ano,2+kk,True,False,False,False,False,False,False,False,False
4180284236,Praha 3,Žižkov,Praha 3,116,65000.0,B,2025-12-03,Ano,2+1,False,False,False,False,False,False,False,False,False
4182229068,Praha 8,Kobylisy,Praha 8,37,20000.0,A,2026-08-26,Částečně,1+1,False,False,False,False,False,False,False,False,False
4182491212,Praha 6,Břevnov,Praha 6,23,13500.0,A,2026-08-11,Ano,1+kk,False,False,False,False,False,False,False,False,False
4183015500,Praha 4,Braník,Praha 4,90,27900.0,A,2026-08-21,Ne,2+1,True,False,False,False,False,False,False,False,False
4187603020,Praha 5,Stodůlky,Praha-Řeporyje,32,17490.0,A,2026-08-14,Částečně,1+kk,False,False,False,False,False,False,False,False,False
4190298188,Praha 4,Modřany,Praha 12,32,22500.0,B,2026-07-14,Ano,1+kk,False,False,False,False,False,False,False,False,False
4192059468,Praha 6,Bubeneč,Praha 6,95,,C,2026-08-19,Ano,3+1,False,False,False,False,False,False,False,False,False
4192158540,Praha 1,Nové Město,Praha 1,102,50000.0,A,2026-03-23,Ne,3+kk,False,False,False,False,False,False,False,False,False
4192325708,Praha 5,Radotín,Praha 16,90,23100.0,A,2026-08-04,,3+1,False,False,False,False,False,False,False,False,False
4193439820,Praha 8,Střížkov,Praha 8,45,24500.0,A,2026-08-03,Ano,1+kk,False,False,False,False,False,False,False,False,False
4194549836,Praha 3,,,38,23000.0,A,2026-08-21,,2+1,False,False,False,False,False,False,False,False,False
4195467340,Praha 2,Vinohrady,Praha 2,81,31000.0,A,2026-08-24,Ne,3+1,False,False,False,False,False,False,False,False,False
4195672140,Praha 4,Komořany,Praha 12,78,,C,2026-07-21,,5+kk,True,False,False,False,False,False,False,False,False
4197879884,Praha 2,Nové Město,Praha 2,108,58000.0,A,2026-05-22,Ano,3+1,True,False,False,False,False,False,False,False,False
4200276812,Praha 4,Nusle,Praha 4,45,27100.0,B,2025-11-11,Ano,2+kk,False,False,False,False,False,False,False,False,False
4203462732,Praha 3,Žižkov,Praha 3,60,20900.0,A,2026-08-12,Ne,2+kk,False,False,False,False,False,False,False,False,False
4209102924,Praha 4,Podolí,Praha 4,41,,C,2026-08-04,Částečně,1+1,False,False,False,False,False,False,False,False,False
4209238092,Praha 1,Josefov,Praha 1,70,,C,2026-07-13,,2+kk,False,False,False,False,False,False,False,False,False
4211200076,Praha 8,Karlín,Praha 8,28,23500.0,A,2026-08-04,Ano,1+kk,False,False,False,False,False,False,False,False,False
4211982412,Praha 10,Vršovice,Praha 10,49,22500.0,A,2026-08-19,Částečně,2+kk,False,False,False,False,False,False,False,False,False
4214047564,Praha 1,Nové Město,Praha 1,120,49000.0,A,2026-03-24,Ano,4+1,False,False,False,False,False,False,False,False,False
4214870092,Praha 3,Vinohrady,Praha 3,49,23500.0,A,2026-07-24,Ne,2+kk,False,False,False,False,False,False,False,False,False
4214931532,Praha 8,Kobylisy,Praha 8,80,25000.0,A,2026-08-12,Ne,3+kk,False,False,False,False,False,False,False,False,False
4215791692,Praha 3,Žižkov,Praha 3,88,35000.0,B,2026-07-17,,3+kk,False,False,False,False,False,False,False,False,False
4216111180,Praha 10,Záběhlice,Praha 10,90,34000.0,A,2026-08-20,Ano,3+kk,False,False,False,False,False,False,False,False,False
4216246348,Praha 4,Hodkovičky,Praha 4,40,17200.0,A,2026-07-28,Částečně,1+kk,False,False,False,False,False,False,False,False,False
4217552972,Praha 9,Vysočany,Praha 9,57,,C,2026-08-23,,2+kk,False,False,False,False,False,False,False,False,False
4218273868,Praha 9,Hloubětín,Praha 14,53,26000.0,A,2026-08-18,,2+kk,False,False,False,False,False,False,False,False,False
4218470476,Praha 9,Vysočany,Praha 9,53,27700.0,A,2026-08-25,,2+kk,False,False,False,False,False,False,False,False,False
4223254604,Praha 5,Smíchov,Praha 5,82,35000.0,B,2026-08-14,Částečně,2+kk,False,False,False,False,False,False,False,False,False
4224041036,Praha 6,Dejvice,Praha 6,48,23000.0,B,2026-08-30,,2+kk,True,False,False,False,False,False,False,False,False
4224569420,Praha 2,Nové Město,Praha 2,108,,C,2026-07-30,Ano,3+1,True,False,False,False,False,False,False,False,False
4225212492,Praha 10,Strašnice,Praha 10,85,,C,2026-05-05,Ano,3+kk,False,True,False,True,False,False,False,False,False
4227133516,Praha 10,Vršovice,Praha 10,23,15000.0,A,2026-07-01,Částečně,1+kk,False,False,False,False,False,False,False,False,False
4227330124,Praha 9,Hrdlořezy,Praha 9,46,23900.0,A,2026-06-26,Ne,2+kk,False,False,False,False,False,False,False,False,False
4227907660,Praha 3,Žižkov,Praha 3,52,25000.0,B,2026-08-25,,2+kk,False,False,False,False,False,False,False,False,False
4228763724,Praha 4,Michle,Praha 4,138,,C,2026-07-30,Ano,4+kk,False,False,False,False,False,False,False,False,False
4229288012,Praha 9,Vysočany,Praha 9,57,,C,2026-08-10,,2+kk,False,False,False,False,False,False,False,False,False
4231843916,Praha 9,Kyje,Praha 14,42,23500.0,B,2026-07-31,Ano,2+kk,False,False,False,False,False,False,False,False,False
4233396300,Praha 10,Záběhlice,Praha 10,23,,C,2026-06-11,Ano,1+kk,False,False,False,False,False,False,False,False,False
4233814092,Praha 6,Ruzyně,Praha 6,93,38309.0,A,2026-07-02,,4+kk,False,False,False,False,False,False,False,False,False
4234539084,Praha 5,Holyně,Praha-Slivenec,89,25000.0,A,2026-06-29,,2+1,False,False,False,False,False,False,False,False,False
4237541452,Praha 5,Radlice,Praha 5,56,30000.0,A,2026-08-22,Ne,2+kk,False,False,False,False,False,False,False,False,False
4238013004,Praha 1,Nové Město,Praha 1,69,41055.0,B,2024-09-26,Ano,2+1,False,False,False,False,False,False,False,False,False
4238463564,Praha 1,Nové Město,Praha 1,79,,C,2024-11-17,Ano,3+kk,True,False,False,False,False,False,False,False,False
4238676812,Praha 6,Břevnov,Praha 6,100,45000.0,A,2025-12-30,Ano,3+kk,False,False,False,False,False,False,False,False,False
4238794828,Praha 9,Kyje,Praha 14,36,,C,2026-07-20,,1+kk,False,False,False,False,False,False,False,False,False
4240883788,Praha 2,Vinohrady,Praha 2,91,55000.0,A,2026-08-28,Ano,3+kk,False,False,False,False,False,False,False,False,False
4240957516,Praha 10,Hostivař,Praha 15,43,19990.0,A,2026-07-17,Ano,2+kk,True,False,False,False,False,False,False,False,False
4241145932,Praha 4,Braník,Praha 4,92,28000.0,A,2026-08-13,Ano,3+kk,False,False,False,False,False,False,False,False,False
4242968652,Praha 2,Vinohrady,Praha 2,50,25000.0,B,2026-05-22,Ano,2+kk,False,False,False,False,False,False,False,False,False
4243112012,Praha 5,Košíře,Praha 5,55,,C,2026-08-16,Ne,2+kk,False,False,False,False,False,False,False,False,False
4243653452,Praha 1,Staré Město,Praha 1,76,42000.0,A,2026-01-16,Ne,2+1,False,False,False,False,False,False,False,False,False
4245046604,Praha 1,Malá Strana,Praha 1,39,,C,2024-07-04,Částečně,1+kk,False,False,False,False,False,False,False,False,False
4248223820,Praha 6,Vokovice,Praha 6,52,25500.0,A,2026-08-27,Ne,2+1,False,False,False,False,False,False,False,False,False
4248883276,Praha 1,Nové Město,Praha 1,220,67999.0,B,2026-08-05,Ne,4+kk,False,False,False,False,False,False,False,False,False
4249473100,Praha 5,Stodůlky,Praha 13,53,,C,2026-07-24,,2+1,False,False,True,False,False,False,False,False,False
4252352588,Praha 10,Vršovice,Praha 10,55,,C,2026-08-28,,2+kk,False,False,False,False,False,False,False,False,False
4253384780,Praha 9,,,90,,C,2026-06-10,,3+kk,False,False,False,False,False,False,False,False,False
4254580812,Praha 7,Holešovice,Praha 7,62,31000.0,A,2026-08-27,Ano,2+kk,False,False,False,False,False,False,False,False,False
4259487820,Praha 3,Vinohrady,Praha 3,68,39000.0,A,2026-05-01,,2+1,False,False,False,False,False,False,False,False,False
4259831884,Praha 5,Košíře,Praha 5,86,42000.0,A,2026-07-17,Ne,3+kk,False,False,False,False,False,False,False,False,False
4260749388,Praha 3,Žižkov,Praha 3,21,14490.0,A,2026-07-20,Částečně,1+kk,False,False,False,False,False,False,False,False,False
4261933132,Praha 8,Karlín,Praha 8,32,,C,2026-06-26,Ano,1+kk,False,False,False,False,False,False,False,False,False
4262776908,Praha 9,Vysočany,Praha 9,41,,C,2026-08-11,Ne,1+kk,False,False,False,False,False,False,False,False,False
4265590860,Praha 8,Karlín,Praha 8,80,61500.0,B,2026-08-17,Ano,3+kk,False,False,False,False,False,False,False,False,False
4265857100,Praha 6,Bubeneč,Praha 6,58,26500.0,B,2026-08-02,Ne,2+kk,True,False,False,False,False,False,False,False,False
4269299532,Praha 2,Vinohrady,Praha 2,106,55545.0,B,2022-11-09,Ano,3+kk,False,False,False,False,False,False,False,False,False
4271616076,Praha 10,Vršovice,Praha 10,87,33500.0,A,2026-04-07,Ne,3+kk,False,False,False,True,False,False,False,False,False
4273324108,Praha 10,Strašnice,Praha 10,54,22000.0,A,2026-08-30,,2+1,False,False,False,False,False,False,False,False,False
4276535372,Praha 10,Michle,Praha 10,40,20900.0,A,2026-08-27,,1+kk,False,False,False,False,False,False,False,False,False
4277645388,Praha 10,Strašnice,Praha 10,93,45000.0,A,2026-04-17,Ano,3+kk,False,False,False,False,False,False,False,False,True
4278227020,Praha 10,Vršovice,Praha 10,67,38000.0,B,2026-05-20,Ne,3+kk,False,False,False,False,False,False,False,False,False
4280672332,Praha 5,Malá Strana,Praha 5,147,75000.0,B,2026-07-20,Ano,4+1,False,False,False,False,False,False,False,False,False
4280860748,Praha 5,Stodůlky,Praha 13,55,,C,2026-08-15,Ano,2+kk,False,False,False,False,False,False,False,False,False
4281951564,Praha 1,Malá Strana,,170,,C,2024-05-13,Částečně,4+1,False,False,False,False,False,False,False,False,False
4282532684,Praha 9,Vysočany,Praha 9,52,28900.0,B,2026-03-27,Ano,2+kk,True,False,False,True,False,False,False,False,False
4284465228,Praha 6,Vokovice,Praha 6,27,,C,2026-08-17,,1+kk,False,False,False,False,False,False,False,False,False
4285748044,Praha 1,Malá Strana,Praha 1,73,39000.0,A,2026-03-10,Ano,2+1,True,False,False,False,False,False,False,False,False
4286177356,Praha 3,Žižkov,Praha 3,89,45000.0,A,2026-07-03,,3+kk,False,False,False,False,False,False,False,False,False
4286955596,Praha 9,Újezd nad Lesy,Praha 21,16,9500.0,B,2026-08-30,,1+kk,False,False,False,False,False,False,False,False,False
4287545420,Praha 6,Nebušice,Praha-Nebušice,48,25000.0,A,2026-08-18,,2+kk,True,False,False,False,False,False,False,False,False
4287877196,Praha 10,Hostivař,Praha 15,69,23000.0,A,2026-08-03,Částečně,3+kk,False,False,False,False,False,False,False,False,False
4289012556,Praha 1,Nové Město,Praha 1,79,41055.0,B,2025-12-01,Ano,3+kk,False,False,False,False,False,False,False,False,False
4289511500,Praha 3,Žižkov,Praha 3,55,32000.0,B,2026-08-20,Částečně,2+kk,False,False,False,False,False,False,False,False,False
4290188108,Praha 1,Malá Strana,Praha 1,170,79000.0,B,2025-12-22,Částečně,4+1,False,False,False,False,False,False,False,False,False
4291280972,Praha 7,Holešovice,Praha 7,53,33200.0,A,2026-08-26,,2+1,True,False,False,True,False,False,False,False,False
4291883084,Praha 9,Hloubětín,Praha 9,35,15990.0,B,2026-06-25,Částečně,1+kk,False,False,False,False,False,False,False,False,False
